{
  "base": {
    "6": {
      "accuracy": 0.6332587621178225,
      "metrics": {
        "accuracy": 0.6332587621178225,
        "precision": 0.6706841855253538,
        "recall": 0.6332587621178225,
        "f1": 0.6431778072302036,
        "n_train": 26817,
        "n_test": 6705,
        "n_classes": 2,
        "roc_auc": 0.6750053422851189,
        "confusion_matrix": [
          [
            1401,
            828
          ],
          [
            1631,
            2845
          ]
        ]
      },
      "cv": {
        "mean": 0.6235309515037935,
        "std": 0.005816366210682907,
        "scores": [
          0.617151379567487,
          0.6253542132736764,
          0.6175417661097852,
          0.6247016706443914,
          0.6329057279236276
        ]
      }
    },
    "12": {
      "accuracy": 0.640268456375839,
      "metrics": {
        "accuracy": 0.640268456375839,
        "precision": 0.6771518929647162,
        "recall": 0.640268456375839,
        "f1": 0.6499644364852447,
        "n_train": 26817,
        "n_test": 6705,
        "n_classes": 2,
        "roc_auc": 0.6899213431206402,
        "confusion_matrix": [
          [
            1421,
            808
          ],
          [
            1604,
            2872
          ]
        ]
      },
      "cv": {
        "mean": 0.6239183881227097,
        "std": 0.006222123731835243,
        "scores": [
          0.6281879194630873,
          0.6274422073079792,
          0.6132159904534606,
          0.6206742243436754,
          0.630071599045346
        ]
      }
    },
    "18": {
      "accuracy": 0.6265473527218494,
      "metrics": {
        "accuracy": 0.6265473527218494,
        "precision": 0.6671206926590738,
        "recall": 0.6265473527218494,
        "f1": 0.6368910762406665,
        "n_train": 26817,
        "n_test": 6705,
        "n_classes": 2,
        "roc_auc": 0.6844439473012138,
        "confusion_matrix": [
          [
            1406,
            823
          ],
          [
            1681,
            2795
          ]
        ]
      },
      "cv": {
        "mean": 0.6226656717905457,
        "std": 0.004396394614140114,
        "scores": [
          0.6244593586875467,
          0.6222222222222222,
          0.6184367541766109,
          0.6181384248210023,
          0.630071599045346
        ]
      }
    }
  },
  "instruct": {
    "6": {
      "accuracy": 0.6260999254287845,
      "metrics": {
        "accuracy": 0.6260999254287845,
        "precision": 0.6582958949507248,
        "recall": 0.6260999254287845,
        "f1": 0.6342895366301162,
        "n_train": 26817,
        "n_test": 6705,
        "n_classes": 2,
        "roc_auc": 0.6749219666095679,
        "confusion_matrix": [
          [
            1476,
            872
          ],
          [
            1635,
            2722
          ]
        ]
      },
      "cv": {
        "mean": 0.6232626953489986,
        "std": 0.007535591694412859,
        "scores": [
          0.6178970917225951,
          0.6165548098434005,
          0.6317124105011933,
          0.616945107398568,
          0.6332040572792362
        ]
      }
    },
    "12": {
      "accuracy": 0.6196868008948546,
      "metrics": {
        "accuracy": 0.6196868008948546,
        "precision": 0.6541215970125567,
        "recall": 0.6196868008948546,
        "f1": 0.6281620958372633,
        "n_train": 26817,
        "n_test": 6705,
        "n_classes": 2,
        "roc_auc": 0.6703875648616513,
        "confusion_matrix": [
          [
            1476,
            872
          ],
          [
            1678,
            2679
          ]
        ]
      },
      "cv": {
        "mean": 0.6139549662827762,
        "std": 0.001542944644224264,
        "scores": [
          0.6153616703952275,
          0.6141685309470545,
          0.614409307875895,
          0.6109785202863962,
          0.6148568019093079
        ]
      }
    },
    "18": {
      "accuracy": 0.6246085011185682,
      "metrics": {
        "accuracy": 0.6246085011185682,
        "precision": 0.6593262961170347,
        "recall": 0.6246085011185682,
        "f1": 0.6329944328862914,
        "n_train": 26817,
        "n_test": 6705,
        "n_classes": 2,
        "roc_auc": 0.6754539191471243,
        "confusion_matrix": [
          [
            1496,
            852
          ],
          [
            1665,
            2692
          ]
        ]
      },
      "cv": {
        "mean": 0.6183403366205179,
        "std": 0.006625309441868598,
        "scores": [
          0.613571961222968,
          0.61834451901566,
          0.6161992840095465,
          0.6126193317422435,
          0.6309665871121718
        ]
      }
    }
  }
}