{
  "6": {
    "attribute": {
      "base_to_base": 0.8202833706189411,
      "base_to_instruct": 0.8082028337061894,
      "transfer_rate": 0.9852727272727273,
      "absolute_drop": 0.012080536912751683
    },
    "base_correctness": {
      "base_to_base": 0.6332587621178225,
      "base_to_instruct": 0.5970171513795675,
      "transfer_rate": 0.942769665567593,
      "absolute_drop": 0.03624161073825505
    },
    "state": {
      "base_to_base": 0.9573452647278151,
      "base_to_instruct": 0.9558538404175988,
      "transfer_rate": 0.9984421249415796,
      "absolute_drop": 0.001491424310216316
    }
  },
  "12": {
    "attribute": {
      "base_to_base": 0.794034302759135,
      "base_to_instruct": 0.7789709172259508,
      "transfer_rate": 0.9810293012772352,
      "absolute_drop": 0.015063385533184204
    },
    "base_correctness": {
      "base_to_base": 0.640268456375839,
      "base_to_instruct": 0.6231170768083519,
      "transfer_rate": 0.9732122059166083,
      "absolute_drop": 0.017151379567487024
    },
    "state": {
      "base_to_base": 0.9146905294556301,
      "base_to_instruct": 0.9097688292319165,
      "transfer_rate": 0.9946192727865645,
      "absolute_drop": 0.004921700223713632
    }
  },
  "18": {
    "attribute": {
      "base_to_base": 0.792841163310962,
      "base_to_instruct": 0.7724086502609993,
      "transfer_rate": 0.9742287434161023,
      "absolute_drop": 0.02043251304996274
    },
    "base_correctness": {
      "base_to_base": 0.6265473527218494,
      "base_to_instruct": 0.6225205070842654,
      "transfer_rate": 0.9935729588193287,
      "absolute_drop": 0.004026845637583931
    },
    "state": {
      "base_to_base": 0.9023117076808352,
      "base_to_instruct": 0.8951528709917972,
      "transfer_rate": 0.9920661157024793,
      "absolute_drop": 0.007158836689038051
    }
  }
}