{
  "base": {
    "6": {
      "suppression": {
        "n_samples": 2387,
        "attribute_accuracy": 0.8211143695014663,
        "correctness_accuracy": 0.5768747381650607
      },
      "enhancement": {
        "n_samples": 2394,
        "attribute_accuracy": 0.8128654970760234,
        "correctness_accuracy": 0.6152882205513784
      },
      "control": {
        "n_samples": 1924,
        "attribute_accuracy": 0.8284823284823285,
        "correctness_accuracy": 0.7255717255717256
      }
    },
    "12": {
      "suppression": {
        "n_samples": 2387,
        "attribute_accuracy": 0.7943024717218266,
        "correctness_accuracy": 0.585672392124005
      },
      "enhancement": {
        "n_samples": 2394,
        "attribute_accuracy": 0.7903091060985797,
        "correctness_accuracy": 0.6169590643274854
      },
      "control": {
        "n_samples": 1924,
        "attribute_accuracy": 0.7983367983367984,
        "correctness_accuracy": 0.737006237006237
      }
    },
    "18": {
      "suppression": {
        "n_samples": 2387,
        "attribute_accuracy": 0.7922077922077922,
        "correctness_accuracy": 0.5743611227482195
      },
      "enhancement": {
        "n_samples": 2394,
        "attribute_accuracy": 0.7852965747702589,
        "correctness_accuracy": 0.6115288220551378
      },
      "control": {
        "n_samples": 1924,
        "attribute_accuracy": 0.803014553014553,
        "correctness_accuracy": 0.7099792099792099
      }
    }
  },
  "instruct": {
    "6": {
      "suppression": {
        "n_samples": 2387,
        "attribute_accuracy": 0.8173439463762044,
        "correctness_accuracy": 0.5978215333054042
      },
      "enhancement": {
        "n_samples": 2394,
        "attribute_accuracy": 0.8124477861319966,
        "correctness_accuracy": 0.5772765246449457
      },
      "control": {
        "n_samples": 1924,
        "attribute_accuracy": 0.8238045738045738,
        "correctness_accuracy": 0.7219334719334719
      }
    },
    "12": {
      "suppression": {
        "n_samples": 2387,
        "attribute_accuracy": 0.7934645999162128,
        "correctness_accuracy": 0.5902806870548806
      },
      "enhancement": {
        "n_samples": 2394,
        "attribute_accuracy": 0.79156223893066,
        "correctness_accuracy": 0.5739348370927319
      },
      "control": {
        "n_samples": 1924,
        "attribute_accuracy": 0.8045738045738046,
        "correctness_accuracy": 0.7130977130977131
      }
    },
    "18": {
      "suppression": {
        "n_samples": 2387,
        "attribute_accuracy": 0.7867616254713029,
        "correctness_accuracy": 0.5944700460829493
      },
      "enhancement": {
        "n_samples": 2394,
        "attribute_accuracy": 0.7869674185463659,
        "correctness_accuracy": 0.5781119465329991
      },
      "control": {
        "n_samples": 1924,
        "attribute_accuracy": 0.8035343035343036,
        "correctness_accuracy": 0.7198544698544699
      }
    }
  }
}