{
  "base": {
    "6": {
      "independent": {
        "attribute": 0.8202833706189411,
        "correctness": 0.6332587621178225,
        "state": 0.9573452647278151,
        "average": 0.8036291324881928
      },
      "joint": {
        "attribute": 0.8204325130499627,
        "correctness": 0.6335570469798658,
        "state": 0.9573452647278151,
        "average": 0.8037782749192145
      },
      "differences": {
        "attribute": 0.0001491424310215983,
        "correctness": 0.0002982848620433076,
        "state": 0.0
      }
    },
    "12": {
      "independent": {
        "attribute": 0.794034302759135,
        "correctness": 0.640268456375839,
        "state": 0.9146905294556301,
        "average": 0.7829977628635346
      },
      "joint": {
        "attribute": 0.7932885906040269,
        "correctness": 0.6401193139448172,
        "state": 0.9146905294556301,
        "average": 0.7826994780014914
      },
      "differences": {
        "attribute": -0.0007457121551081025,
        "correctness": -0.00014914243102170932,
        "state": 0.0
      }
    },
    "18": {
      "independent": {
        "attribute": 0.792841163310962,
        "correctness": 0.6265473527218494,
        "state": 0.9023117076808352,
        "average": 0.7739000745712156
      },
      "joint": {
        "attribute": 0.794034302759135,
        "correctness": 0.6252050708426548,
        "state": 0.9023117076808352,
        "average": 0.7738503604275416
      },
      "differences": {
        "attribute": 0.0011931394481730084,
        "correctness": -0.0013422818791946067,
        "state": 0.0
      }
    }
  },
  "instruct": {
    "6": {
      "independent": {
        "attribute": 0.8174496644295302,
        "correctness": 0.6260999254287845,
        "state": 0.9573452647278151,
        "average": 0.8002982848620434
      },
      "joint": {
        "attribute": 0.8181953765846384,
        "correctness": 0.6262490678598062,
        "state": 0.9573452647278151,
        "average": 0.8005965697240865
      },
      "differences": {
        "attribute": 0.0007457121551082135,
        "correctness": 0.00014914243102170932,
        "state": 0.0
      }
    },
    "12": {
      "independent": {
        "attribute": 0.7959731543624161,
        "correctness": 0.6196868008948546,
        "state": 0.9133482475764355,
        "average": 0.7763360676112354
      },
      "joint": {
        "attribute": 0.795227442207308,
        "correctness": 0.6204325130499627,
        "state": 0.9133482475764355,
        "average": 0.7763360676112354
      },
      "differences": {
        "attribute": -0.0007457121551081025,
        "correctness": 0.0007457121551081025,
        "state": 0.0
      }
    },
    "18": {
      "independent": {
        "attribute": 0.791648023862789,
        "correctness": 0.6246085011185682,
        "state": 0.905145413870246,
        "average": 0.7738006462838678
      },
      "joint": {
        "attribute": 0.7922445935868755,
        "correctness": 0.6243102162565249,
        "state": 0.905145413870246,
        "average": 0.7739000745712156
      },
      "differences": {
        "attribute": 0.0005965697240865042,
        "correctness": -0.0002982848620433076,
        "state": 0.0
      }
    }
  }
}