question_type,count,base_accuracy,instruct_accuracy,knowledge_gap,suppression_count,enhancement_count,base_valid_responses,instruct_valid_responses
Association,5454,0.6796846351301797,0.68005133846718,-0.0003667033370002848,390,392,5454,5454
Country Prediction,5563,0.901671759841812,0.9097609203667086,-0.00808916052489661,113,158,5563,5563
General Awareness,5449,0.6419526518627271,0.6019453110662507,0.04000734079647639,797,579,5449,5449
State Prediction,5387,0.6209392983107481,0.601262298125116,0.01967700018563212,488,382,5387,5387
