{
  "base": {
    "8": {
      "accuracy": 0.6293998329554946,
      "metrics": {
        "accuracy": 0.6293998329554946,
        "precision": 0.6658437890470862,
        "recall": 0.6293998329554946,
        "f1": 0.6392266402386156,
        "n_train": 25141,
        "n_test": 8381,
        "n_classes": 2,
        "roc_auc": 0.6768846145471917,
        "confusion_matrix": [
          [
            1735,
            1061
          ],
          [
            2045,
            3540
          ]
        ]
      },
      "cv": {
        "mean": 0.6243659533458272,
        "std": 0.003905469041556204,
        "scores": [
          0.6281879194630873,
          0.6250559284116332,
          0.616945107398568,
          0.6248508353221957,
          0.6267899761336515
        ]
      }
    },
    "16": {
      "accuracy": 0.6240305452809928,
      "metrics": {
        "accuracy": 0.6240305452809928,
        "precision": 0.6634767483322462,
        "recall": 0.6240305452809928,
        "f1": 0.634247070286729,
        "n_train": 25141,
        "n_test": 8381,
        "n_classes": 2,
        "roc_auc": 0.6740593737312417,
        "confusion_matrix": [
          [
            1746,
            1050
          ],
          [
            2101,
            3484
          ]
        ]
      },
      "cv": {
        "mean": 0.6237692501410446,
        "std": 0.006994193046328205,
        "scores": [
          0.6258016405667413,
          0.6289336316181954,
          0.6182875894988067,
          0.6133651551312649,
          0.6324582338902148
        ]
      }
    },
    "24": {
      "accuracy": 0.6252237203197709,
      "metrics": {
        "accuracy": 0.6252237203197709,
        "precision": 0.6641243199647128,
        "recall": 0.6252237203197709,
        "f1": 0.6353673724912331,
        "n_train": 25141,
        "n_test": 8381,
        "n_classes": 2,
        "roc_auc": 0.6784849311524457,
        "confusion_matrix": [
          [
            1745,
            1051
          ],
          [
            2090,
            3495
          ]
        ]
      },
      "cv": {
        "mean": 0.6274685252518781,
        "std": 0.002223966459844828,
        "scores": [
          0.6289336316181954,
          0.6260999254287845,
          0.6260441527446301,
          0.6251491646778043,
          0.6311157517899761
        ]
      }
    }
  },
  "instruct": {
    "8": {
      "accuracy": 0.6184226225987353,
      "metrics": {
        "accuracy": 0.6184226225987353,
        "precision": 0.6498415263374623,
        "recall": 0.6184226225987353,
        "f1": 0.6264768980586868,
        "n_train": 25141,
        "n_test": 8381,
        "n_classes": 2,
        "roc_auc": 0.6669681142090806,
        "confusion_matrix": [
          [
            1832,
            1127
          ],
          [
            2071,
            3351
          ]
        ]
      },
      "cv": {
        "mean": 0.6183404078102226,
        "std": 0.008908412916824164,
        "scores": [
          0.6128262490678598,
          0.6167039522744221,
          0.6258949880668258,
          0.6057577565632458,
          0.630519093078759
        ]
      }
    },
    "16": {
      "accuracy": 0.6227180527383367,
      "metrics": {
        "accuracy": 0.6227180527383367,
        "precision": 0.6553199229073017,
        "recall": 0.6227180527383367,
        "f1": 0.6307667648041005,
        "n_train": 25141,
        "n_test": 8381,
        "n_classes": 2,
        "roc_auc": 0.6698251238586017,
        "confusion_matrix": [
          [
            1866,
            1093
          ],
          [
            2069,
            3353
          ]
        ]
      },
      "cv": {
        "mean": 0.6175941439349041,
        "std": 0.00520246407212144,
        "scores": [
          0.6173005219985086,
          0.6269947800149143,
          0.6163484486873508,
          0.6109785202863962,
          0.6163484486873508
        ]
      }
    },
    "24": {
      "accuracy": 0.623195322753848,
      "metrics": {
        "accuracy": 0.623195322753848,
        "precision": 0.6527698877194787,
        "recall": 0.623195322753848,
        "f1": 0.631006723644677,
        "n_train": 25141,
        "n_test": 8381,
        "n_classes": 2,
        "roc_auc": 0.6718610634530767,
        "confusion_matrix": [
          [
            1829,
            1130
          ],
          [
            2028,
            3394
          ]
        ]
      },
      "cv": {
        "mean": 0.6165802690614883,
        "std": 0.004769027932007504,
        "scores": [
          0.609992542878449,
          0.6193885160328113,
          0.6178400954653938,
          0.6124701670644391,
          0.6232100238663485
        ]
      }
    }
  }
}