{
  "config": {
    "model": "base",
    "layer": 18,
    "task": "knowledge_control",
    "task_name": "Base Model Correctness (Control)",
    "best_C": 0.001,
    "dev_accuracy": 0.652342584303193,
    "test_accuracy": 0.644752534287418,
    "test_f1": 0.7815565129709414,
    "test_auc": 0.49925152912874604,
    "train_size": 23463,
    "test_size": 6708,
    "multiclass": false,
    "is_control": true,
    "real_task": "knowledge"
  },
  "confusion_matrix": [
    [
      62,
      2248
    ],
    [
      135,
      4263
    ]
  ],
  "classification_report": {
    "0": {
      "precision": 0.3147208121827411,
      "recall": 0.02683982683982684,
      "f1-score": 0.04946150777822098,
      "support": 2310.0
    },
    "1": {
      "precision": 0.6547381354630625,
      "recall": 0.9693042291950886,
      "f1-score": 0.7815565129709414,
      "support": 4398.0
    },
    "accuracy": 0.644752534287418,
    "macro avg": {
      "precision": 0.48472947382290177,
      "recall": 0.49807202801745776,
      "f1-score": 0.4155090103745812,
      "support": 6708.0
    },
    "weighted avg": {
      "precision": 0.5376480912207335,
      "recall": 0.644752534287418,
      "f1-score": 0.5294486623455412,
      "support": 6708.0
    }
  }
}