{
  "config": {
    "model": "base",
    "layer": 12,
    "task": "group_3way_control",
    "task_name": "Group Type (3-way) (Control)",
    "best_C": 0.1,
    "dev_accuracy": 0.3440763951059385,
    "test_accuracy": 0.34317233154442456,
    "test_f1": 0.3338284841332079,
    "test_auc": NaN,
    "train_size": 23463,
    "test_size": 6708,
    "multiclass": true,
    "is_control": true,
    "real_task": "group_3way"
  },
  "confusion_matrix": [
    [
      902,
      1003,
      546
    ],
    [
      882,
      964,
      527
    ],
    [
      705,
      743,
      436
    ]
  ],
  "classification_report": {
    "0": {
      "precision": 0.36239453595821614,
      "recall": 0.36801305589555283,
      "f1-score": 0.3651821862348178,
      "support": 2451.0
    },
    "1": {
      "precision": 0.35571955719557197,
      "recall": 0.4062368310155921,
      "f1-score": 0.3793035608892386,
      "support": 2373.0
    },
    "2": {
      "precision": 0.28893306825712395,
      "recall": 0.23142250530785563,
      "f1-score": 0.25699970527556737,
      "support": 1884.0
    },
    "accuracy": 0.34317233154442456,
    "macro avg": {
      "precision": 0.33568238713697074,
      "recall": 0.33522413073966684,
      "f1-score": 0.3338284841332079,
      "support": 6708.0
    },
    "weighted avg": {
      "precision": 0.3394009268716609,
      "recall": 0.34317233154442456,
      "f1-score": 0.33979372885970044,
      "support": 6708.0
    }
  }
}