{
  "config": {
    "model": "base",
    "layer": 6,
    "task": "knowledge_control",
    "task_name": "Base Model Correctness (Control)",
    "best_C": 0.001,
    "dev_accuracy": 0.6499552372426142,
    "test_accuracy": 0.6454979129397734,
    "test_f1": 0.782393850658858,
    "test_auc": 0.50370416304932,
    "train_size": 23463,
    "test_size": 6708,
    "multiclass": false,
    "is_control": true,
    "real_task": "knowledge"
  },
  "confusion_matrix": [
    [
      55,
      2255
    ],
    [
      123,
      4275
    ]
  ],
  "classification_report": {
    "0": {
      "precision": 0.3089887640449438,
      "recall": 0.023809523809523808,
      "f1-score": 0.04421221864951769,
      "support": 2310.0
    },
    "1": {
      "precision": 0.6546707503828484,
      "recall": 0.9720327421555253,
      "f1-score": 0.782393850658858,
      "support": 4398.0
    },
    "accuracy": 0.6454979129397734,
    "macro avg": {
      "precision": 0.4818297572138961,
      "recall": 0.49792113298252455,
      "f1-score": 0.41330303465418783,
      "support": 6708.0
    },
    "weighted avg": {
      "precision": 0.5356299948013696,
      "recall": 0.6454979129397734,
      "f1-score": 0.5281899791708473,
      "support": 6708.0
    }
  }
}