{
  "config": {
    "model": "base",
    "layer": 6,
    "task": "suppression_vs_enhancement",
    "task_name": "Suppression vs Enhancement",
    "best_C": 0.001,
    "dev_accuracy": 0.6411207251751133,
    "test_accuracy": 0.6391860709041326,
    "test_f1": 0.6294700560103403,
    "test_auc": 0.6945448675770055,
    "train_size": 16710,
    "test_size": 4767,
    "multiclass": false,
    "is_control": false,
    "real_task": "suppression_vs_enhancement"
  },
  "confusion_matrix": [
    [
      1586,
      787
    ],
    [
      933,
      1461
    ]
  ],
  "classification_report": {
    "0": {
      "precision": 0.629614926558158,
      "recall": 0.6683522966708807,
      "f1-score": 0.6484055600981193,
      "support": 2373.0
    },
    "1": {
      "precision": 0.6499110320284698,
      "recall": 0.6102756892230576,
      "f1-score": 0.6294700560103403,
      "support": 2394.0
    },
    "accuracy": 0.6391860709041326,
    "macro avg": {
      "precision": 0.6397629792933139,
      "recall": 0.6393139929469691,
      "f1-score": 0.6389378080542298,
      "support": 4767.0
    },
    "weighted avg": {
      "precision": 0.6398076843714424,
      "recall": 0.6391860709041326,
      "f1-score": 0.6388960998954462,
      "support": 4767.0
    }
  }
}