{
  "config": {
    "model": "base",
    "layer": 6,
    "task": "group_3way_control",
    "task_name": "Group Type (3-way) (Control)",
    "best_C": 0.1,
    "dev_accuracy": 0.3476574156968069,
    "test_accuracy": 0.3425760286225403,
    "test_f1": 0.3337845671861069,
    "test_auc": NaN,
    "train_size": 23463,
    "test_size": 6708,
    "multiclass": true,
    "is_control": true,
    "real_task": "group_3way"
  },
  "confusion_matrix": [
    [
      930,
      954,
      567
    ],
    [
      888,
      925,
      560
    ],
    [
      700,
      741,
      443
    ]
  ],
  "classification_report": {
    "0": {
      "precision": 0.369340746624305,
      "recall": 0.379436964504284,
      "f1-score": 0.37432078889112497,
      "support": 2451.0
    },
    "1": {
      "precision": 0.3530534351145038,
      "recall": 0.38980193847450484,
      "f1-score": 0.3705187262167034,
      "support": 2373.0
    },
    "2": {
      "precision": 0.2821656050955414,
      "recall": 0.2351380042462845,
      "f1-score": 0.2565141864504922,
      "support": 1884.0
    },
    "accuracy": 0.3425760286225403,
    "macro avg": {
      "precision": 0.3348532622781168,
      "recall": 0.33479230240835783,
      "f1-score": 0.3337845671861069,
      "support": 6708.0
    },
    "weighted avg": {
      "precision": 0.3390951060678129,
      "recall": 0.3425760286225403,
      "f1-score": 0.33988877730428024,
      "support": 6708.0
    }
  }
}