{
  "config": {
    "model": "base",
    "layer": 12,
    "task": "knowledge_control",
    "task_name": "Base Model Correctness (Control)",
    "best_C": 0.001,
    "dev_accuracy": 0.6520441659206208,
    "test_accuracy": 0.6462432915921288,
    "test_f1": 0.7829109871009057,
    "test_auc": 0.5008168805576718,
    "train_size": 23463,
    "test_size": 6708,
    "multiclass": false,
    "is_control": true,
    "real_task": "knowledge"
  },
  "confusion_matrix": [
    [
      56,
      2254
    ],
    [
      119,
      4279
    ]
  ],
  "classification_report": {
    "0": {
      "precision": 0.32,
      "recall": 0.024242424242424242,
      "f1-score": 0.04507042253521127,
      "support": 2310.0
    },
    "1": {
      "precision": 0.6549823970610745,
      "recall": 0.9729422464756707,
      "f1-score": 0.7829109871009057,
      "support": 4398.0
    },
    "accuracy": 0.6462432915921288,
    "macro avg": {
      "precision": 0.48749119853053724,
      "recall": 0.4985923353590475,
      "f1-score": 0.4139907048180585,
      "support": 6708.0
    },
    "weighted avg": {
      "precision": 0.5396262048709908,
      "recall": 0.6462432915921288,
      "f1-score": 0.5288245672817712,
      "support": 6708.0
    }
  }
}