{
  "config": {
    "model": "base",
    "layer": 12,
    "task": "enhancement_vs_control_control",
    "task_name": "Enhancement vs Control (Control)",
    "best_C": 0.1,
    "dev_accuracy": 0.513550135501355,
    "test_accuracy": 0.5160911439981207,
    "test_f1": 0.5948072383949646,
    "test_auc": 0.5013436278443888,
    "train_size": 15117,
    "test_size": 4257,
    "multiclass": false,
    "is_control": true,
    "real_task": "enhancement_vs_control"
  },
  "confusion_matrix": [
    [
      685,
      1199
    ],
    [
      861,
      1512
    ]
  ],
  "classification_report": {
    "0": {
      "precision": 0.44307891332470895,
      "recall": 0.363588110403397,
      "f1-score": 0.39941690962099125,
      "support": 1884.0
    },
    "1": {
      "precision": 0.5577277757285135,
      "recall": 0.6371681415929203,
      "f1-score": 0.5948072383949646,
      "support": 2373.0
    },
    "accuracy": 0.5160911439981207,
    "macro avg": {
      "precision": 0.5004033445266112,
      "recall": 0.5003781259981587,
      "f1-score": 0.49711207400797797,
      "support": 4257.0
    },
    "weighted avg": {
      "precision": 0.5069881805279572,
      "recall": 0.5160911439981207,
      "f1-score": 0.5083342810517263,
      "support": 4257.0
    }
  }
}