{
  "config": {
    "model": "base",
    "layer": 6,
    "task": "enhancement_vs_control_control",
    "task_name": "Enhancement vs Control (Control)",
    "best_C": 0.001,
    "dev_accuracy": 0.5130984643179766,
    "test_accuracy": 0.5233732675593141,
    "test_f1": 0.6257148127651725,
    "test_auc": 0.4881039614989223,
    "train_size": 15117,
    "test_size": 4257,
    "multiclass": false,
    "is_control": true,
    "real_task": "enhancement_vs_control"
  },
  "confusion_matrix": [
    [
      532,
      1352
    ],
    [
      677,
      1696
    ]
  ],
  "classification_report": {
    "0": {
      "precision": 0.4400330851943755,
      "recall": 0.2823779193205945,
      "f1-score": 0.34400258648561266,
      "support": 1884.0
    },
    "1": {
      "precision": 0.5564304461942258,
      "recall": 0.7147071217867678,
      "f1-score": 0.6257148127651725,
      "support": 2373.0
    },
    "accuracy": 0.5233732675593141,
    "macro avg": {
      "precision": 0.4982317656943006,
      "recall": 0.4985425205536811,
      "f1-score": 0.4848586996253926,
      "support": 4257.0
    },
    "weighted avg": {
      "precision": 0.5049170263859764,
      "recall": 0.5233732675593141,
      "f1-score": 0.5010387887316534,
      "support": 4257.0
    }
  }
}