{
  "config": {
    "model": "base",
    "layer": 12,
    "task": "suppression_vs_control_control",
    "task_name": "Suppression vs Control (Control)",
    "best_C": 0.001,
    "dev_accuracy": 0.49658002735978113,
    "test_accuracy": 0.5351787773933102,
    "test_f1": 0.6394703882626588,
    "test_auc": 0.5023195610613459,
    "train_size": 15024,
    "test_size": 4335,
    "multiclass": false,
    "is_control": true,
    "real_task": "suppression_vs_control"
  },
  "confusion_matrix": [
    [
      533,
      1351
    ],
    [
      664,
      1787
    ]
  ],
  "classification_report": {
    "0": {
      "precision": 0.4452798663324979,
      "recall": 0.28290870488322717,
      "f1-score": 0.3459915611814346,
      "support": 1884.0
    },
    "1": {
      "precision": 0.5694710006373487,
      "recall": 0.7290901672786617,
      "f1-score": 0.6394703882626588,
      "support": 2451.0
    },
    "accuracy": 0.5351787773933102,
    "macro avg": {
      "precision": 0.5073754334849233,
      "recall": 0.5059994360809444,
      "f1-score": 0.4927309747220467,
      "support": 4335.0
    },
    "weighted avg": {
      "precision": 0.5154972758321955,
      "recall": 0.5351787773933102,
      "f1-score": 0.5119238807145557,
      "support": 4335.0
    }
  }
}