{
  "config": {
    "model": "instruct",
    "layer": 18,
    "task": "knowledge_control",
    "task_name": "Instruct Model Correctness (Control)",
    "best_C": 0.001,
    "dev_accuracy": 0.63682482840943,
    "test_accuracy": 0.6170244484197973,
    "test_f1": 0.7574355584930601,
    "test_auc": 0.4965554897974155,
    "train_size": 23463,
    "test_size": 6708,
    "multiclass": false,
    "is_control": true,
    "real_task": "knowledge"
  },
  "confusion_matrix": [
    [
      128,
      2374
    ],
    [
      195,
      4011
    ]
  ],
  "classification_report": {
    "0": {
      "precision": 0.39628482972136225,
      "recall": 0.051159072741806554,
      "f1-score": 0.09061946902654867,
      "support": 2502.0
    },
    "1": {
      "precision": 0.6281910728269381,
      "recall": 0.9536376604850214,
      "f1-score": 0.7574355584930601,
      "support": 4206.0
    },
    "accuracy": 0.6170244484197973,
    "macro avg": {
      "precision": 0.5122379512741502,
      "recall": 0.502398366613414,
      "f1-score": 0.4240275137598044,
      "support": 6708.0
    },
    "weighted avg": {
      "precision": 0.541692948162336,
      "recall": 0.6170244484197973,
      "f1-score": 0.508721507234084,
      "support": 6708.0
    }
  }
}