{
  "config": {
    "model": "instruct",
    "layer": 12,
    "task": "knowledge_control",
    "task_name": "Instruct Model Correctness (Control)",
    "best_C": 0.001,
    "dev_accuracy": 0.6296627872276932,
    "test_accuracy": 0.6176207513416816,
    "test_f1": 0.757171258165294,
    "test_auc": 0.5046524834340802,
    "train_size": 23463,
    "test_size": 6708,
    "multiclass": false,
    "is_control": true,
    "real_task": "knowledge"
  },
  "confusion_matrix": [
    [
      144,
      2358
    ],
    [
      207,
      3999
    ]
  ],
  "classification_report": {
    "0": {
      "precision": 0.41025641025641024,
      "recall": 0.05755395683453238,
      "f1-score": 0.10094637223974763,
      "support": 2502.0
    },
    "1": {
      "precision": 0.6290703161868806,
      "recall": 0.9507845934379457,
      "f1-score": 0.757171258165294,
      "support": 4206.0
    },
    "accuracy": 0.6176207513416816,
    "macro avg": {
      "precision": 0.5196633632216454,
      "recall": 0.5041692751362391,
      "f1-score": 0.4290588152025208,
      "support": 6708.0
    },
    "weighted avg": {
      "precision": 0.5474554693416157,
      "recall": 0.6176207513416816,
      "f1-score": 0.5124075932002199,
      "support": 6708.0
    }
  }
}