{
  "config": {
    "model": "instruct",
    "layer": 6,
    "task": "knowledge",
    "task_name": "Instruct Model Correctness",
    "best_C": 0.001,
    "dev_accuracy": 0.642494777678305,
    "test_accuracy": 0.6355098389982111,
    "test_f1": 0.7493593029215787,
    "test_auc": 0.6397196284887434,
    "train_size": 23463,
    "test_size": 6708,
    "multiclass": false,
    "is_control": false,
    "real_task": "knowledge"
  },
  "confusion_matrix": [
    [
      608,
      1864
    ],
    [
      581,
      3655
    ]
  ],
  "classification_report": {
    "0": {
      "precision": 0.511354079058032,
      "recall": 0.2459546925566343,
      "f1-score": 0.33214968587817534,
      "support": 2472.0
    },
    "1": {
      "precision": 0.66225765537235,
      "recall": 0.8628423040604344,
      "f1-score": 0.7493593029215787,
      "support": 4236.0
    },
    "accuracy": 0.6355098389982111,
    "macro avg": {
      "precision": 0.586805867215191,
      "recall": 0.5543984983085344,
      "f1-score": 0.540754494399877,
      "support": 6708.0
    },
    "weighted avg": {
      "precision": 0.6066473929023152,
      "recall": 0.6355098389982111,
      "f1-score": 0.5956112150665857,
      "support": 6708.0
    }
  }
}