{
  "config": {
    "model": "instruct",
    "layer": 18,
    "task": "enhancement_vs_control_control",
    "task_name": "Enhancement vs Control (Control)",
    "best_C": 0.001,
    "dev_accuracy": 0.5221318879855466,
    "test_accuracy": 0.5287761334272962,
    "test_f1": 0.634874408445577,
    "test_auc": 0.500789803548949,
    "train_size": 15117,
    "test_size": 4257,
    "multiclass": false,
    "is_control": true,
    "real_task": "enhancement_vs_control"
  },
  "confusion_matrix": [
    [
      507,
      1377
    ],
    [
      629,
      1744
    ]
  ],
  "classification_report": {
    "0": {
      "precision": 0.44630281690140844,
      "recall": 0.26910828025477707,
      "f1-score": 0.3357615894039735,
      "support": 1884.0
    },
    "1": {
      "precision": 0.5587952579301506,
      "recall": 0.7349346818373367,
      "f1-score": 0.634874408445577,
      "support": 2373.0
    },
    "accuracy": 0.5287761334272962,
    "macro avg": {
      "precision": 0.5025490374157795,
      "recall": 0.5020214810460568,
      "f1-score": 0.48531799892477523,
      "support": 4257.0
    },
    "weighted avg": {
      "precision": 0.5090100197581632,
      "recall": 0.5287761334272962,
      "f1-score": 0.5024974878267419,
      "support": 4257.0
    }
  }
}