{
  "config": {
    "model": "instruct",
    "layer": 12,
    "task": "suppression_vs_control_control",
    "task_name": "Suppression vs Control (Control)",
    "best_C": 0.001,
    "dev_accuracy": 0.49794801641586867,
    "test_accuracy": 0.532641291810842,
    "test_f1": 0.63963002490217,
    "test_auc": 0.5032518465966922,
    "train_size": 15024,
    "test_size": 4335,
    "multiclass": false,
    "is_control": true,
    "real_task": "suppression_vs_control"
  },
  "confusion_matrix": [
    [
      511,
      1373
    ],
    [
      653,
      1798
    ]
  ],
  "classification_report": {
    "0": {
      "precision": 0.43900343642611683,
      "recall": 0.27123142250530785,
      "f1-score": 0.3353018372703412,
      "support": 1884.0
    },
    "1": {
      "precision": 0.5670135603910438,
      "recall": 0.733578131374949,
      "f1-score": 0.63963002490217,
      "support": 2451.0
    },
    "accuracy": 0.532641291810842,
    "macro avg": {
      "precision": 0.5030084984085803,
      "recall": 0.5024047769401284,
      "f1-score": 0.4874659310862556,
      "support": 4335.0
    },
    "weighted avg": {
      "precision": 0.5113800947509233,
      "recall": 0.532641291810842,
      "f1-score": 0.5073683627341502,
      "support": 4335.0
    }
  }
}