{
  "config": {
    "model": "instruct",
    "layer": 6,
    "task": "group_3way_control",
    "task_name": "Group Type (3-way) (Control)",
    "best_C": 0.1,
    "dev_accuracy": 0.3434795583407938,
    "test_accuracy": 0.3425760286225403,
    "test_f1": 0.33426186669112506,
    "test_auc": NaN,
    "train_size": 23463,
    "test_size": 6708,
    "multiclass": true,
    "is_control": true,
    "real_task": "group_3way"
  },
  "confusion_matrix": [
    [
      926,
      954,
      571
    ],
    [
      889,
      921,
      563
    ],
    [
      681,
      752,
      451
    ]
  ],
  "classification_report": {
    "0": {
      "precision": 0.37099358974358976,
      "recall": 0.3778049775601795,
      "f1-score": 0.37436830402264,
      "support": 2451.0
    },
    "1": {
      "precision": 0.3505900266463647,
      "recall": 0.38811630847029077,
      "f1-score": 0.3684,
      "support": 2373.0
    },
    "2": {
      "precision": 0.28454258675078864,
      "recall": 0.23938428874734607,
      "f1-score": 0.2600172960507351,
      "support": 1884.0
    },
    "accuracy": 0.3425760286225403,
    "macro avg": {
      "precision": 0.3353754010469144,
      "recall": 0.33510185825927213,
      "f1-score": 0.33426186669112506,
      "support": 6708.0
    },
    "weighted avg": {
      "precision": 0.3394951781651532,
      "recall": 0.3425760286225403,
      "f1-score": 0.3401405037148294,
      "support": 6708.0
    }
  }
}