{
  "config": {
    "model": "instruct",
    "layer": 6,
    "task": "enhancement_vs_control",
    "task_name": "Enhancement vs Control",
    "best_C": 0.001,
    "dev_accuracy": 0.7430457331447431,
    "test_accuracy": 0.7614742698191933,
    "test_f1": 0.7903850071297617,
    "test_auc": 0.8458345464267966,
    "train_size": 15153,
    "test_size": 4314,
    "multiclass": false,
    "is_control": false,
    "real_task": "enhancement_vs_control"
  },
  "confusion_matrix": [
    [
      1345,
      596
    ],
    [
      433,
      1940
    ]
  ],
  "classification_report": {
    "0": {
      "precision": 0.7564679415073116,
      "recall": 0.6929417825862957,
      "f1-score": 0.7233127184727077,
      "support": 1941.0
    },
    "1": {
      "precision": 0.7649842271293376,
      "recall": 0.8175305520438264,
      "f1-score": 0.7903850071297617,
      "support": 2373.0
    },
    "accuracy": 0.7614742698191933,
    "macro avg": {
      "precision": 0.7607260843183246,
      "recall": 0.755236167315061,
      "f1-score": 0.7568488628012346,
      "support": 4314.0
    },
    "weighted avg": {
      "precision": 0.7611524908306931,
      "recall": 0.7614742698191933,
      "f1-score": 0.760207141510072,
      "support": 4314.0
    }
  }
}