layer,task,mdl_base_self,mdl_instruct_transfer,drift,is_isomorphic
8,attribute,2.57406572738604,2.586668080693816,0.012602353307776148,True
8,state,2.8051064710072064,2.7839016282260767,-0.021204842781129773,True
16,attribute,2.4871681946015585,2.4869628006116975,-0.00020539398986096913,True
16,state,2.527905923988185,2.523212466744176,-0.004693457244008936,True
24,attribute,2.613913634364002,2.6097470004294454,-0.004166633934556518,True
24,state,2.9336890004399194,2.9463160664906987,0.012627066050779234,True
28,attribute,2.6047779388197587,2.605449110734037,0.0006711719142784567,True
28,state,3.1946202158748114,3.2119142261605496,0.01729401028573818,True
