layer,model,task,group,data_pct,chunk_bits,cumulative_bits,bits_per_sample,accuracy,eval_split
8,base,attribute,all,0.02,1475.1533203125,1475.1533203125,2.9385524309013946,0.033864542841911316,
8,base,attribute,all,0.04,7390.009765625,8865.1630859375,8.821057796952736,0.09940357506275177,
8,base,attribute,all,0.06,3204.01904296875,12069.18212890625,8.003436425004145,0.19085486233234406,
8,base,attribute,all,0.08,7704.54052734375,19773.72265625,9.832781032446544,0.1729622185230255,
8,base,attribute,all,0.1,5795.197265625,25568.919921875,10.170612538534208,0.20675943791866302,
8,base,attribute,all,0.12000000000000001,7725.66796875,33294.587890625,11.039319592382295,0.07968127727508545,
8,base,attribute,all,0.13999999999999999,8283.3642578125,41577.9521484375,11.81527483615729,0.25447314977645874,
8,base,attribute,all,0.16,10217.6748046875,51795.626953125,12.878077313059423,0.14910535514354706,
8,base,attribute,all,0.18,6148.7216796875,57944.3486328125,12.80538091332873,0.0974154993891716,
8,base,attribute,all,0.2,7896.6845703125,65841.033203125,13.094875338728123,0.12326043099164963,
8,base,attribute,all,0.25,15143.84765625,80984.880859375,12.885422571101829,0.182179793715477,
8,base,attribute,all,0.3,17218.830078125,98203.7109375,13.02091102326969,0.10023866593837738,
8,base,attribute,all,0.35,15848.5234375,114052.234375,12.961954128310035,0.138424813747406,
8,base,attribute,all,0.39999999999999997,14376.1455078125,128428.3798828125,12.7713186040983,0.08830548822879791,
8,base,attribute,all,0.44999999999999996,10701.8232421875,139130.203125,12.298258916732962,0.17899760603904724,
8,base,attribute,all,0.49999999999999994,15834.3544921875,154964.5576171875,12.32812709762828,0.26252982020378113,
8,base,attribute,all,0.5499999999999999,12816.2158203125,167780.7734375,12.134286066211036,0.1758154332637787,
8,base,attribute,all,0.5999999999999999,11969.80078125,179750.57421875,11.916638439323124,0.26968973875045776,
8,base,attribute,all,0.6499999999999999,7542.6171875,187293.19140625,11.461550174790405,0.3229912519454956,
8,base,attribute,all,0.7,11656.1533203125,198949.3447265625,11.305224725909904,0.23945902287960052,
8,base,attribute,all,0.7499999999999998,5093.8115234375,204043.15625,10.821700145849908,0.3778838515281677,
8,base,attribute,all,0.7999999999999998,8553.7978515625,212596.9541015625,10.570652053578089,0.2680986523628235,
8,base,attribute,all,0.8499999999999999,8428.0048828125,221024.958984375,10.343252327407694,0.3770883083343506,
8,base,attribute,all,0.8999999999999999,10716.64453125,231741.603515625,10.242270110298993,0.42243435978889465,
8,base,attribute,all,0.9499999999999997,9179.9345703125,240921.5380859375,10.08757434518015,0.2688941955566406,
8,base,attribute,all,0.9999999999999998,7312.7373046875,248234.275390625,9.874076188966786,0.4295942783355713,
8,base,attribute,all,test,49653.44921875,248234.275390625,5.924525619705285,0.33981624245643616,test
8,base_control,attribute,all,0.02,1454.1795654296875,1454.1795654296875,2.8967720426886205,0.11952191591262817,
8,base_control,attribute,all,0.04,8506.6806640625,9960.860229492188,9.9113037109375,0.0834989994764328,
8,base_control,attribute,all,0.06,8015.10791015625,17975.968139648438,11.920403275628937,0.11332007497549057,
8,base_control,attribute,all,0.08,9691.9130859375,27667.881225585938,13.758270127093953,0.10536778718233109,
8,base_control,attribute,all,0.1,13384.0888671875,41051.97009277344,16.32934371232038,0.07753478735685349,
8,base_control,attribute,all,0.12000000000000001,12902.82421875,53954.79431152344,17.88952066031944,0.06972111761569977,
8,base_control,attribute,all,0.13999999999999999,8370.861328125,62325.65563964844,17.711183756649174,0.16302186250686646,
8,base_control,attribute,all,0.16,6624.01953125,68949.67517089844,17.14313156909459,0.11729621887207031,
8,base_control,attribute,all,0.18,7356.203125,76305.87829589844,16.863177523955457,0.08151093125343323,
8,base_control,attribute,all,0.2,11659.2666015625,87965.14489746094,17.495056662183956,0.061630215495824814,
8,base_control,attribute,all,0.25,27702.546875,115667.69177246094,18.403769573979464,0.10342083871364594,
8,base_control,attribute,all,0.3,30061.80078125,145729.49255371094,19.322393602984743,0.09069212526082993,
8,base_control,attribute,all,0.35,26406.51171875,172136.00427246094,19.563132659672796,0.08671440184116364,
8,base_control,attribute,all,0.39999999999999997,28097.51171875,200233.51599121094,19.911845265633545,0.05011933296918869,
8,base_control,attribute,all,0.44999999999999996,20458.013671875,220691.52966308594,19.50778128375196,0.11217183619737625,
8,base_control,attribute,all,0.49999999999999994,23331.583984375,244023.11364746094,19.413135532813122,0.15354017913341522,
8,base_control,attribute,all,0.5499999999999999,19340.61328125,263363.72692871094,19.04706204735018,0.10182975232601166,
8,base_control,attribute,all,0.5999999999999999,28600.623046875,291964.34997558594,19.355896975310657,0.10739856958389282,
8,base_control,attribute,all,0.6499999999999999,20860.318359375,312824.66833496094,19.14354496878777,0.05011933296918869,
8,base_control,attribute,all,0.7,23575.5703125,336400.23864746094,19.115822175671152,0.09466984868049622,
8,base_control,attribute,all,0.7499999999999998,34209.921875,370610.16052246094,19.655802732562236,0.11455847322940826,
8,base_control,attribute,all,0.7999999999999998,25694.9765625,396305.13708496094,19.704909361821844,0.08194112777709961,
8,base_control,attribute,all,0.8499999999999999,30127.724609375,426432.86169433594,19.955676994446907,0.10023866593837738,
8,base_control,attribute,all,0.8999999999999999,24796.431640625,451229.29333496094,19.942954712939137,0.10342083871364594,
8,base_control,attribute,all,0.9499999999999997,19651.47265625,470880.76599121094,19.716148138475525,0.13762927055358887,
8,base_control,attribute,all,0.9999999999999998,27275.208984375,498155.97497558594,19.81527346760485,0.09546539187431335,
8,base_control,attribute,all,test,176803.921875,498155.97497558594,21.095802633933896,0.16322635114192963,test
8,base,state,all,0.02,1844.3402099609375,1844.3402099609375,3.6739844819938994,0.017928287386894226,
8,base,state,all,0.04,2606.095947265625,4450.4361572265625,4.428294683807525,0.019880715757608414,
8,base,state,all,0.06,3487.78125,7938.2174072265625,5.264069898691354,0.05367793142795563,
8,base,state,all,0.08,2862.150146484375,10800.367553710938,5.370645228100914,0.07157057523727417,
8,base,state,all,0.1,2345.642822265625,13146.010375976562,5.229121072385268,0.0278329998254776,
8,base,state,all,0.12000000000000001,2632.248046875,15778.258422851562,5.231518044712057,0.05179283022880554,
8,base,state,all,0.13999999999999999,2209.702880859375,17987.961303710938,5.11166845800254,0.07753478735685349,
8,base,state,all,0.16,2138.678466796875,20126.639770507812,5.004137188092445,0.08151093125343323,
8,base,state,all,0.18,2105.6005859375,22232.240356445312,4.913202288717196,0.09343936294317245,
8,base,state,all,0.2,2476.518798828125,24708.759155273438,4.914232131120413,0.08946321904659271,
8,base,state,all,0.25,6474.9091796875,31183.668334960938,4.961601962603172,0.037390612065792084,
8,base,state,all,0.3,5431.0087890625,36614.67712402344,4.854770236545139,0.08035004138946533,
8,base,state,all,0.35,8254.337890625,44869.01501464844,5.099331175661829,0.07319013774394989,
8,base,state,all,0.39999999999999997,7140.90625,52009.92126464844,5.172028765378723,0.0922832116484642,
8,base,state,all,0.44999999999999996,5400.6396484375,57410.56091308594,5.074742412541849,0.0859188511967659,
8,base,state,all,0.49999999999999994,5780.0751953125,63190.63610839844,5.02709913352414,0.07319013774394989,
8,base,state,all,0.5499999999999999,4555.22119140625,67745.85729980469,4.899534049309661,0.08671440184116364,
8,base,state,all,0.5999999999999999,6799.791015625,74545.64831542969,4.942034494525967,0.07875894755125046,
8,base,state,all,0.6499999999999999,7709.46435546875,82255.11267089844,5.033664565871026,0.04375497251749039,
8,base,state,all,0.7,6926.2158203125,89181.32849121094,5.067696811638307,0.08114558458328247,
8,base,state,all,0.7499999999999998,9112.2783203125,98293.60681152344,5.213132156537971,0.12728719413280487,
8,base,state,all,0.7999999999999998,5841.72412109375,104135.33093261719,5.177771028869192,0.10819411277770996,
8,base,state,all,0.8499999999999999,5331.1767578125,109466.50769042969,5.122678070589624,0.1153540164232254,
8,base,state,all,0.8999999999999999,8898.994140625,118365.50183105469,5.231393168525355,0.06841686367988586,
8,base,state,all,0.9499999999999997,5391.33642578125,123756.83825683594,5.181796183764013,0.16070008277893066,
8,base,state,all,0.9999999999999998,6691.39501953125,130448.23327636719,5.188871649815719,0.10103420913219452,
8,base,state,all,test,36254.79296875,130448.23327636719,4.325831400638348,0.07958477735519409,test
8,base_control,state,all,0.02,1852.22314453125,1852.22314453125,3.6896875389068726,0.03784860670566559,
8,base_control,state,all,0.04,2387.929443359375,4240.152587890625,4.219057301383707,0.07554671913385391,
8,base_control,state,all,0.06,2736.3701171875,6976.522705078125,4.626341316364805,0.049701787531375885,
8,base_control,state,all,0.08,2500.267333984375,9476.7900390625,4.712476399334908,0.051689859479665756,
8,base_control,state,all,0.1,2734.197509765625,12210.987548828125,4.857194729048578,0.033797215670347214,
8,base_control,state,all,0.12000000000000001,2317.92041015625,14528.907958984375,4.8172771747295675,0.039840638637542725,
8,base_control,state,all,0.13999999999999999,4386.9228515625,18915.830810546875,5.375342657160237,0.03180914372205734,
8,base_control,state,all,0.16,2763.7392578125,21679.570068359375,5.390246163192286,0.047713715583086014,
8,base_control,state,all,0.18,3232.209716796875,24911.77978515625,5.505365698377072,0.04373757168650627,
8,base_control,state,all,0.2,2319.685546875,27231.46533203125,5.415963669855062,0.049701787531375885,
8,base_control,state,all,0.25,6599.81298828125,33831.2783203125,5.3828605123806685,0.04932378605008125,
8,base_control,state,all,0.3,7310.8837890625,41142.162109375,5.4550732046373644,0.04693715274333954,
8,base_control,state,all,0.35,5344.75537109375,46486.91748046875,5.283204623305916,0.04534606263041496,
8,base_control,state,all,0.39999999999999997,7007.91552734375,53494.8330078125,5.319693019869979,0.027844073250889778,
8,base_control,state,all,0.44999999999999996,5455.138671875,58949.9716796875,5.210816907954345,0.09069212526082993,
8,base_control,state,all,0.49999999999999994,5814.2919921875,64764.263671875,5.152288279385441,0.04295942559838295,
8,base_control,state,all,0.5499999999999999,8599.4482421875,73363.7119140625,5.305830036454943,0.02704852819442749,
8,base_control,state,all,0.5999999999999999,6312.560546875,79676.2724609375,5.2821713379035735,0.036595068871974945,
8,base_control,state,all,0.6499999999999999,10355.9853515625,90032.2578125,5.509592914295331,0.04375497251749039,
8,base_control,state,all,0.7,5876.328125,95908.5859375,5.44997078858393,0.04932378605008125,
8,base_control,state,all,0.7499999999999998,10183.1123046875,106091.6982421875,5.62671430613564,0.0397772453725338,
8,base_control,state,all,0.7999999999999998,7500.603515625,113592.3017578125,5.64798636425082,0.0461416058242321,
8,base_control,state,all,0.8499999999999999,8030.0556640625,121622.357421875,5.691532473296598,0.04773269593715668,
8,base_control,state,all,0.8999999999999999,6361.57568359375,127983.93310546875,5.6564984135715,0.08671440184116364,
8,base_control,state,all,0.9499999999999997,5432.3369140625,133416.27001953125,5.586244191246127,0.0461416058242321,
8,base_control,state,all,0.9999999999999998,10245.3369140625,143661.60693359375,5.714463282959178,0.041368335485458374,
8,base_control,state,all,test,49847.63671875,143661.60693359375,5.94769558748956,0.04009068012237549,test
8,base,correctness_base,all,0.02,361.93499755859375,361.93499755859375,0.7209860509135334,0.42031872272491455,
8,base,correctness_base,all,0.04,4909.74853515625,5271.683532714844,5.245456251457556,0.3280318081378937,
8,base,correctness_base,all,0.06,6956.044921875,12227.728454589844,8.108573245749234,0.6500993967056274,
8,base,correctness_base,all,0.08,12001.458984375,24229.187438964844,12.048327915944727,0.6858846545219421,
8,base,correctness_base,all,0.1,1604.96484375,25834.152282714844,10.276114670928736,0.32405564188957214,
8,base,correctness_base,all,0.12000000000000001,7449.73828125,33283.890563964844,11.035772733410093,0.6653386354446411,
8,base,correctness_base,all,0.13999999999999999,8033.27099609375,41317.161560058594,11.741165547047057,0.3558647930622101,
8,base,correctness_base,all,0.16,2893.922119140625,44211.08367919922,10.992313197215122,0.6381709575653076,
8,base,correctness_base,all,0.18,10095.1318359375,54306.21551513672,12.001373594505353,0.6898608207702637,
8,base,correctness_base,all,0.2,5723.248046875,60029.46356201172,11.939034121322935,0.345924437046051,
8,base,correctness_base,all,0.25,9468.3203125,69497.78387451172,11.057722175737744,0.6634844541549683,
8,base,correctness_base,all,0.3,31390.05859375,100887.84246826172,13.376802236576733,0.6420047879219055,
8,base,correctness_base,all,0.35,15375.6708984375,116263.51336669922,13.21326438989649,0.33253777027130127,
8,base,correctness_base,all,0.39999999999999997,13875.6982421875,130139.21160888672,12.941449046229785,0.6324582099914551,
8,base,correctness_base,all,0.44999999999999996,23771.380859375,153910.59246826172,13.604754925153514,0.6658711433410645,
8,base,correctness_base,all,0.49999999999999994,14590.19140625,168500.78387451172,13.404994739420184,0.6714399456977844,
8,base,correctness_base,all,0.5499999999999999,26818.013671875,195318.79754638672,14.12589842672935,0.6658711433410645,
8,base,correctness_base,all,0.5999999999999999,18773.048828125,214091.84637451172,14.193307237769273,0.31583133339881897,
8,base,correctness_base,all,0.6499999999999999,1515.5399169921875,215607.3862915039,13.194258998317355,0.6515513062477112,
8,base,correctness_base,all,0.7,24224.0625,239831.4487915039,13.628335537646546,0.6404137015342712,
8,base,correctness_base,all,0.7499999999999998,23153.921875,262985.3706665039,13.947778873853297,0.34287986159324646,
8,base,correctness_base,all,0.7999999999999998,4503.13818359375,267488.50885009766,13.299945746325461,0.6634844541549683,
8,base,correctness_base,all,0.8499999999999999,18971.359375,286459.86822509766,13.405394179657337,0.6793953776359558,
8,base,correctness_base,all,0.8999999999999999,28723.447265625,315183.31549072266,13.930138579100268,0.6603022813796997,
8,base,correctness_base,all,0.9499999999999997,7795.6484375,322978.96392822266,13.523383324047341,0.3245823383331299,
8,base,correctness_base,all,0.9999999999999998,11742.037109375,334721.00103759766,13.314280073094576,0.6706444025039673,
8,base,correctness_base,all,test,166636.0625,334721.00103759766,19.88259903352822,0.6663882732391357,test
8,base_control,correctness_base,all,0.02,375.7151794433594,375.7151794433594,0.7484366124369709,0.34860557317733765,
8,base_control,correctness_base,all,0.04,2776.871826171875,3152.5870056152344,3.136902493149487,0.33001986145973206,
8,base_control,correctness_base,all,0.06,3808.66650390625,6961.253509521484,4.616215855120347,0.6461232304573059,
8,base_control,correctness_base,all,0.08,8040.18798828125,15001.441497802734,7.459692440478734,0.6759443283081055,
8,base_control,correctness_base,all,0.1,5683.04833984375,20684.489837646484,8.22772069914339,0.6540755033493042,
8,base_control,correctness_base,all,0.12000000000000001,12230.76171875,32915.251556396484,10.913544945754802,0.6513944268226624,
8,base_control,correctness_base,all,0.13999999999999999,5888.3798828125,38803.631439208984,11.026891571244382,0.2982107102870941,
8,base_control,correctness_base,all,0.16,4687.14501953125,43490.776458740234,10.81322139700155,0.697813093662262,
8,base_control,correctness_base,all,0.18,12143.00390625,55633.780364990234,12.294758091710548,0.6779323816299438,
8,base_control,correctness_base,all,0.2,1887.55078125,57521.331146240234,11.44020110307085,0.3320079445838928,
8,base_control,correctness_base,all,0.25,14467.2470703125,71988.57821655273,11.454029946945543,0.661893367767334,
8,base_control,correctness_base,all,0.3,35638.68359375,107627.26181030273,14.2703874052377,0.6515513062477112,
8,base_control,correctness_base,all,0.35,10921.1611328125,118548.42294311523,13.47294271429881,0.3540174961090088,
8,base_control,correctness_base,all,0.39999999999999997,13999.8330078125,132548.25595092773,13.181011928294325,0.650755763053894,
8,base_control,correctness_base,all,0.44999999999999996,32503.90234375,165052.15829467773,14.589601192846967,0.6412092447280884,
8,base_control,correctness_base,all,0.49999999999999994,14393.1748046875,179445.33309936523,14.275682824134067,0.3190135061740875,
8,base_control,correctness_base,all,0.5499999999999999,6330.64404296875,185775.97714233398,13.435740011740362,0.6778042912483215,
8,base_control,correctness_base,all,0.5999999999999999,27047.171875,212823.14901733398,14.10919842331835,0.6547334790229797,
8,base_control,correctness_base,all,0.6499999999999999,27058.125,239881.27401733398,14.679718133366011,0.3357199728488922,
8,base_control,correctness_base,all,0.7,1251.6998291015625,241132.97384643555,13.702294229255344,0.35083532333374023,
8,base_control,correctness_base,all,0.7499999999999998,19197.171875,260330.14572143555,13.80695548774519,0.35958629846572876,
8,base_control,correctness_base,all,0.7999999999999998,5574.4482421875,265904.59396362305,13.22119102842199,0.35322195291519165,
8,base_control,correctness_base,all,0.8499999999999999,12272.357421875,278176.95138549805,13.017780494431094,0.6674622297286987,
8,base_control,correctness_base,all,0.8999999999999999,24839.150390625,303016.10177612305,13.392384945466413,0.6889418959617615,
8,base_control,correctness_base,all,0.9499999999999997,17127.10546875,320143.20724487305,13.404647960678016,0.3349244296550751,
8,base_control,correctness_base,all,0.9999999999999998,7773.28271484375,327916.4899597168,13.043615352415147,0.6579156517982483,
8,base_control,correctness_base,all,test,160143.015625,327916.4899597168,19.107864887841547,0.6663882732391357,test
8,base,multitask_dual,all,0.02,3338.2861328125,3338.2861328125,6.649972376120518,0.06972111761569977,
8,base,multitask_dual,all,0.04,10500.177734375,13838.4638671875,13.769615788246268,0.07554671727120876,
8,base,multitask_dual,all,0.06,12138.027099609375,25976.490966796875,17.22578976578042,0.06858846731483936,
8,base,multitask_dual,all,0.08,11274.918212890625,37251.4091796875,18.523823560262308,0.08250496350228786,
8,base,multitask_dual,all,0.1,8490.192993164062,45741.60217285156,18.19475026764183,0.09542743116617203,
8,base,multitask_dual,all,0.12000000000000001,12874.689208984375,58616.29138183594,19.43510987461404,0.09760956466197968,
8,base,multitask_dual,all,0.13999999999999999,12467.005126953125,71083.29650878906,20.19985692207703,0.05367792956531048,
8,base,multitask_dual,all,0.16,12993.013427734375,84076.30993652344,20.90410490714158,0.10536778718233109,
8,base,multitask_dual,all,0.18,12951.84130859375,97028.15124511719,21.442685358036947,0.14314114302396774,
8,base,multitask_dual,all,0.2,9082.094482421875,106110.24572753906,21.10386748757738,0.15506958216428757,
8,base,multitask_dual,all,0.25,15447.552734375,121557.79846191406,19.340938498315683,0.16348448768258095,
8,base,multitask_dual,all,0.3,22964.712890625,144522.51135253906,19.16235897010595,0.1666666641831398,
8,base,multitask_dual,all,0.35,23748.86181640625,168271.3731689453,19.12392012375785,0.1706443913280964,
8,base,multitask_dual,all,0.39999999999999997,24336.08251953125,192607.45568847656,19.153486046984543,0.14160699769854546,
8,base,multitask_dual,all,0.44999999999999996,19539.2353515625,212146.69104003906,18.752469817028114,0.22752585634589195,
8,base,multitask_dual,all,0.49999999999999994,22389.36083984375,234536.0518798828,18.658397126482324,0.12291169539093971,
8,base,multitask_dual,all,0.5499999999999999,18263.5205078125,252799.5723876953,18.283038431163327,0.20723945274949074,
8,base,multitask_dual,all,0.5999999999999999,15129.8896484375,267929.4620361328,17.76249416839915,0.21042163856327534,
8,base,multitask_dual,all,0.6499999999999999,17633.21728515625,285562.67932128906,17.475226688776026,0.19530627876520157,
8,base,multitask_dual,all,0.7,14585.68310546875,300148.3624267578,17.055822390428332,0.19371519796550274,
8,base,multitask_dual,all,0.7499999999999998,19377.07568359375,319525.43811035156,16.9464565425803,0.2116149477660656,
8,base,multitask_dual,all,0.7999999999999998,16361.61328125,335887.05139160156,16.700827933154414,0.18257756158709526,
8,base,multitask_dual,all,0.8499999999999999,17259.79931640625,353146.8507080078,16.52612900500762,0.23150357231497765,
8,base,multitask_dual,all,0.8999999999999999,14628.5283203125,367775.3790283203,16.25454693840362,0.1499602198600769,
8,base,multitask_dual,all,0.9499999999999997,10609.1162109375,378384.4952392578,15.843256510457556,0.17263325676321983,
8,base,multitask_dual,all,0.9999999999999998,16151.14599609375,394535.64123535156,15.69354181524867,0.2657120004296303,
8,base,multitask_dual,all,test,112969.51953125,394535.64123535156,13.479241084745258,0.24161794781684875,test
8,base_control,multitask_dual,all,0.02,3227.3123779296875,3227.3123779296875,6.4289091193818475,0.0468127503991127,
8,base_control,multitask_dual,all,0.04,8490.48583984375,11717.798217773438,11.659500714202425,0.1252485029399395,
8,base_control,multitask_dual,all,0.06,10709.25927734375,22427.057495117188,14.872054041854899,0.07355864718556404,
8,base_control,multitask_dual,all,0.08,12848.89404296875,35275.95153808594,17.541497532613594,0.06759442947804928,
8,base_control,multitask_dual,all,0.1,10638.625244140625,45914.57678222656,18.263554805977154,0.11332007497549057,
8,base_control,multitask_dual,all,0.12000000000000001,11905.96923828125,57820.54602050781,19.17126857443893,0.0657370537519455,
8,base_control,multitask_dual,all,0.13999999999999999,8760.650390625,66581.19641113281,18.92048775536596,0.10536778904497623,
8,base_control,multitask_dual,all,0.16,11855.335693359375,78436.53210449219,19.501872726129335,0.09145128726959229,
8,base_control,multitask_dual,all,0.18,11466.785400390625,89903.31750488281,19.868136465167474,0.069582499563694,
8,base_control,multitask_dual,all,0.2,12906.098388671875,102809.41589355469,20.44737786267993,0.037773359566926956,
8,base_control,multitask_dual,all,0.25,32787.2978515625,135596.7137451172,21.5746561249192,0.07279236055910587,
8,base_control,multitask_dual,all,0.3,33908.8994140625,169505.6131591797,22.47488904258548,0.04773269593715668,
8,base_control,multitask_dual,all,0.35,29228.15771484375,198733.77087402344,22.585949639052554,0.07319013588130474,
8,base_control,multitask_dual,all,0.39999999999999997,33093.25048828125,231827.0213623047,23.05360196522521,0.07199681736528873,
8,base_control,multitask_dual,all,0.44999999999999996,36358.435546875,268185.4569091797,23.705953938758924,0.0576770082116127,
8,base_control,multitask_dual,all,0.49999999999999994,24896.2890625,293081.7459716797,23.315970244365925,0.05011933110654354,
8,base_control,multitask_dual,all,0.5499999999999999,35788.6845703125,328870.4305419922,23.78465542359096,0.060461416840553284,
8,base_control,multitask_dual,all,0.5999999999999999,29009.18798828125,357879.61853027344,23.7257768847967,0.07239458709955215,
8,base_control,multitask_dual,all,0.6499999999999999,35688.36669921875,393567.9852294922,24.084694035217684,0.07000795379281044,
8,base_control,multitask_dual,all,0.7,28376.36328125,421944.3485107422,23.976835351218444,0.06404136680066586,
8,base_control,multitask_dual,all,0.7499999999999998,36897.64892578125,458841.99743652344,24.335295541581726,0.05131264869123697,
8,base_control,multitask_dual,all,0.7999999999999998,24153.7626953125,482995.76013183594,24.015302313635438,0.04136833734810352,
8,base_control,multitask_dual,all,0.8499999999999999,26187.41015625,509183.17028808594,23.82812346333876,0.07120127230882645,
8,base_control,multitask_dual,all,0.8999999999999999,20892.6357421875,530075.8060302734,23.427729427661692,0.05529037304222584,
8,base_control,multitask_dual,all,0.9499999999999997,22960.4140625,553036.2200927734,23.156061637682598,0.06443914026021957,
8,base_control,multitask_dual,all,0.9999999999999998,34355.85791015625,587392.0780029297,23.364840016027433,0.06443914026021957,
8,base_control,multitask_dual,all,test,196006.92578125,587392.0780029297,23.387057126983652,0.054826391860842705,test
8,base,multitask_triple_base,all,0.02,3707.9273071289062,3707.9273071289062,7.386309376750809,0.2377158204714457,
8,base,multitask_triple_base,all,0.04,22332.860107421875,26040.78741455078,25.911231258259484,0.2736911748846372,
8,base,multitask_triple_base,all,0.06,14775.884033203125,40816.671447753906,27.066758254478717,0.18157719324032465,
8,base,multitask_triple_base,all,0.08,15190.35400390625,56007.025451660156,27.85033587849834,0.30682569990555447,
8,base,multitask_triple_base,all,0.1,22888.955810546875,78895.98126220703,31.382649666749018,0.27435387174288434,
8,base,multitask_triple_base,all,0.12000000000000001,15041.926513671875,93937.9077758789,31.146521145848443,0.16135458648204803,
8,base,multitask_triple_base,all,0.13999999999999999,19956.240966796875,113894.14874267578,32.36548699706615,0.291583822419246,
8,base,multitask_triple_base,all,0.16,20876.950927734375,134771.09967041016,33.508478287023905,0.2789927013218403,
8,base,multitask_triple_base,all,0.18,23375.651123046875,158146.75079345703,34.949558186399344,0.28296884521842003,
8,base,multitask_triple_base,all,0.2,16103.083740234375,174249.8345336914,34.655893900893275,0.1868787184357643,
8,base,multitask_triple_base,all,0.25,33712.7314453125,207962.5659790039,33.08871375958694,0.2442322944601377,
8,base,multitask_triple_base,all,0.3,30935.9775390625,238898.5435180664,31.675754908255954,0.3296207934617996,
8,base,multitask_triple_base,all,0.35,38794.5986328125,277693.1421508789,31.559625201827355,0.30708035329977673,
8,base,multitask_triple_base,all,0.39999999999999997,57566.1005859375,335259.2427368164,33.339224615832975,0.3142402445276578,
8,base,multitask_triple_base,all,0.44999999999999996,36129.3203125,371388.5630493164,32.82847724293436,0.177936889231205,
8,base,multitask_triple_base,all,0.49999999999999994,22897.37353515625,394285.93658447266,31.367218503140226,0.31954389065504074,
8,base,multitask_triple_base,all,0.5499999999999999,39074.5205078125,433360.45709228516,31.341611129839094,0.3479183266560237,
8,base,multitask_triple_base,all,0.5999999999999999,46772.41357421875,480132.8706665039,31.830606647209223,0.2625298276543617,
8,base,multitask_triple_base,all,0.6499999999999999,16104.53759765625,496237.40826416016,30.367627945912744,0.318748340010643,
8,base,multitask_triple_base,all,0.7,49391.5546875,545628.9629516602,31.00516893690534,0.325112705429395,
8,base,multitask_triple_base,all,0.7499999999999998,52922.419921875,598551.3828735352,31.744968595785476,0.19119596605499586,
8,base,multitask_triple_base,all,0.7999999999999998,21266.796875,619818.1797485352,30.818326359811813,0.21930522471666336,
8,base,multitask_triple_base,all,0.8499999999999999,25766.04150390625,645584.2212524414,30.211250936049485,0.374701663851738,
8,base,multitask_triple_base,all,0.8999999999999999,36103.01953125,681687.2407836914,30.128491151051506,0.4115619050959746,
8,base,multitask_triple_base,all,0.9499999999999997,45016.58154296875,726703.8223266602,30.427660776563254,0.31291434665520984,
8,base,multitask_triple_base,all,0.9999999999999998,22699.7470703125,749403.5693969727,29.809211193197005,0.3937947501738866,
8,base,multitask_triple_base,all,test,251759.6796875,749403.5693969727,30.03933655739172,0.3556854824225108,test
8,base_control,multitask_triple_base,all,0.02,3701.0501708984375,3701.0501708984375,7.372609902188122,0.1374502032995224,
8,base_control,multitask_triple_base,all,0.04,13225.779052734375,16926.829223632812,16.84261614291822,0.26242544253667194,
8,base_control,multitask_triple_base,all,0.06,22787.075927734375,39713.90515136719,26.335480869606887,0.2597746749718984,
8,base_control,multitask_triple_base,all,0.08,16264.802734375,55978.70788574219,27.836254542885225,0.145791906863451,
8,base_control,multitask_triple_base,all,0.1,15952.623413085938,71931.33129882812,28.612303619263376,0.2571239074071248,
8,base_control,multitask_triple_base,all,0.12000000000000001,22222.696044921875,94154.02734375,31.218178827503316,0.30942895511786145,
8,base_control,multitask_triple_base,all,0.13999999999999999,24361.646728515625,118515.67407226562,33.6787934277538,0.15109342771271864,
8,base_control,multitask_triple_base,all,0.16,19031.608642578125,137547.28271484375,34.19872767649024,0.2597746749718984,
8,base_control,multitask_triple_base,all,0.18,23391.599365234375,160938.88208007812,35.5666037746029,0.26110005627075833,
8,base_control,multitask_triple_base,all,0.2,13244.053100585938,174182.93518066406,34.642588540307095,0.26110004633665085,
8,base_control,multitask_triple_base,all,0.25,52551.23388671875,226734.1690673828,36.075444561238314,0.2723415431876977,
8,base_control,multitask_triple_base,all,0.3,44370.53515625,271104.7042236328,35.945996317108566,0.15168390547235808,
8,base_control,multitask_triple_base,all,0.35,45131.55078125,316236.2550048828,35.940022162164205,0.25377884072562057,
8,base_control,multitask_triple_base,all,0.39999999999999997,63743.984375,379980.2393798828,37.786419986066306,0.24582338829835257,
8,base_control,multitask_triple_base,all,0.44999999999999996,66041.6689453125,446021.9083251953,39.425608443842954,0.18244496981302896,
8,base_control,multitask_triple_base,all,0.49999999999999994,35547.668029785156,481569.57635498047,38.31102437191571,0.262264646589756,
8,base_control,multitask_triple_base,all,0.5499999999999999,48945.3466796875,530514.923034668,38.3680424556786,0.2657120116055012,
8,base_control,multitask_triple_base,all,0.5999999999999999,51898.599609375,582413.522644043,38.61134464625053,0.17342879374821982,
8,base_control,multitask_triple_base,all,0.6499999999999999,27731.65283203125,610145.1754760742,37.338300928711476,0.2439671065658331,
8,base_control,multitask_triple_base,all,0.7,42638.6376953125,652783.8131713867,37.09420463526462,0.25510475039482117,
8,base_control,multitask_triple_base,all,0.7499999999999998,59056.658203125,711840.4713745117,37.75340606600433,0.1856271487971147,
8,base_control,multitask_triple_base,all,0.7999999999999998,43073.13671875,754913.6080932617,37.53548170710331,0.15778307989239693,
8,base_control,multitask_triple_base,all,0.8499999999999999,40409.88671875,795323.4948120117,37.218564032571095,0.2678334712982178,
8,base_control,multitask_triple_base,all,0.8999999999999999,61890.529296875,857214.0241088867,37.886238137933645,0.2991248890757561,
8,base_control,multitask_triple_base,all,0.9499999999999997,34980.17431640625,892194.198425293,37.35687302371113,0.1543357198437055,
8,base_control,multitask_triple_base,all,0.9999999999999998,50013.689453125,942207.887878418,37.47843627201345,0.2580217383801937,
8,base_control,multitask_triple_base,all,test,394633.6953125,942207.887878418,47.08670747076721,0.24607247052093348,test
8,instruct,attribute,all,0.02,1410.502685546875,1410.502685546875,2.809766305870269,0.0717131495475769,
8,instruct,attribute,all,0.04,6253.5419921875,7664.044677734375,7.625915102223258,0.09145128726959229,
8,instruct,attribute,all,0.06,10189.5888671875,17853.633544921875,11.839279539072862,0.10139164328575134,
8,instruct,attribute,all,0.08,9036.1259765625,26889.759521484375,13.371337405014607,0.1948309987783432,
8,instruct,attribute,all,0.1,12150.9365234375,39040.696044921875,15.529314258123259,0.08946321904659271,
8,instruct,attribute,all,0.12000000000000001,12147.8212890625,51188.517333984375,16.972320070949728,0.09760956466197968,
8,instruct,attribute,all,0.13999999999999999,8721.56640625,59910.083740234375,17.02474672925103,0.08548707515001297,
8,instruct,attribute,all,0.16,9825.1845703125,69735.26831054688,17.33845557199077,0.0974154993891716,
8,instruct,attribute,all,0.18,7870.8564453125,77606.12475585938,17.150524807924725,0.2723657786846161,
8,instruct,attribute,all,0.2,6914.9677734375,84521.09252929688,16.810082046399536,0.1729622185230255,
8,instruct,attribute,all,0.25,14982.669921875,99503.76245117188,15.831943110767204,0.22911694645881653,
8,instruct,attribute,all,0.3,18483.08203125,117986.84448242188,15.643973015436472,0.14956244826316833,
8,instruct,attribute,all,0.35,12820.4091796875,130807.25366210938,14.866149978646366,0.2474144697189331,
8,instruct,attribute,all,0.39999999999999997,23230.96484375,154038.21850585938,15.318040821982834,0.19968177378177643,
8,instruct,attribute,all,0.44999999999999996,13024.7001953125,167062.91870117188,14.767340113247757,0.19013524055480957,
8,instruct,attribute,all,0.49999999999999994,13267.3642578125,180330.28295898438,14.346084563165025,0.17024661600589752,
8,instruct,attribute,all,0.5499999999999999,12880.474609375,193210.75756835938,13.973440194428248,0.20206841826438904,
8,instruct,attribute,all,0.5999999999999999,9947.20703125,203157.96459960938,13.468441036834353,0.21559268236160278,
8,instruct,attribute,all,0.6499999999999999,9845.6103515625,213003.57495117188,13.034916770771181,0.3412887752056122,
8,instruct,attribute,all,0.7,10223.009765625,223226.58471679688,12.684770128241668,0.22275258600711823,
8,instruct,attribute,all,0.7499999999999998,10627.62890625,233854.21362304688,12.402769218936456,0.33253777027130127,
8,instruct,attribute,all,0.7999999999999998,12367.06640625,246221.28002929688,12.2425059680438,0.16070008277893066,
8,instruct,attribute,all,0.8499999999999999,10687.8349609375,256909.11499023438,12.02251462353102,0.33253777027130127,
8,instruct,attribute,all,0.8999999999999999,11946.70703125,268855.8220214844,11.88260505707966,0.3373110592365265,
8,instruct,attribute,all,0.9499999999999997,9790.5166015625,278646.3386230469,11.667141423734325,0.27525854110717773,
8,instruct,attribute,all,0.9999999999999998,6465.12255859375,285111.4611816406,11.34094913212572,0.25855210423469543,
8,instruct,attribute,all,test,68418.203125,285111.4611816406,8.163489216680587,0.294236958026886,test
8,instruct_control,attribute,all,0.02,1408.59033203125,1408.59033203125,2.8059568367156373,0.05976095795631409,
8,instruct_control,attribute,all,0.04,5822.64794921875,7231.23828125,7.195261971393035,0.0834989994764328,
8,instruct_control,attribute,all,0.06,8729.9208984375,15961.1591796875,10.58432306345325,0.019880715757608414,
8,instruct_control,attribute,all,0.08,8784.3837890625,24745.54296875,12.305093470288414,0.09145128726959229,
8,instruct_control,attribute,all,0.1,7800.62255859375,32546.16552734375,12.94596878573737,0.07355864346027374,
8,instruct_control,attribute,all,0.12000000000000001,12099.546875,44645.71240234375,14.802955040564903,0.09163346886634827,
8,instruct_control,attribute,all,0.13999999999999999,11660.0185546875,56305.73095703125,16.00049188889777,0.04572564363479614,
8,instruct_control,attribute,all,0.16,10139.9375,66445.66845703125,16.52055406688992,0.180914506316185,
8,instruct_control,attribute,all,0.18,7251.55126953125,73697.2197265625,16.286678392610497,0.0974154993891716,
8,instruct_control,attribute,all,0.2,11008.353515625,84705.5732421875,16.846772721198786,0.07157057523727417,
8,instruct_control,attribute,all,0.25,27334.490234375,112040.0634765625,17.826581300964598,0.09148766845464706,
8,instruct_control,attribute,all,0.3,24184.5390625,136224.6025390625,18.062132397117807,0.09466984868049622,
8,instruct_control,attribute,all,0.35,26860.099609375,163084.7021484375,18.534458705357142,0.15751789510250092,
8,instruct_control,attribute,all,0.39999999999999997,15566.296875,178650.9990234375,17.76561247249776,0.17899760603904724,
8,instruct_control,attribute,all,0.44999999999999996,15475.2890625,194126.2880859375,17.159576424108327,0.10342083871364594,
8,instruct_control,attribute,all,0.49999999999999994,16959.23828125,211085.5263671875,16.79280241584626,0.05489259958267212,
8,instruct_control,attribute,all,0.5499999999999999,21828.275390625,232913.8017578125,16.844854397758915,0.10501193255186081,
8,instruct_control,attribute,all,0.5999999999999999,23460.921875,256374.7236328125,16.9964680212684,0.03420843183994293,
8,instruct_control,attribute,all,0.6499999999999999,27957.404296875,284332.1279296875,17.39992215468377,0.10182975232601166,
8,instruct_control,attribute,all,0.7,35016.96484375,319349.0927734375,18.146896964054864,0.09148766845464706,
8,instruct_control,attribute,all,0.7499999999999998,29408.501953125,348757.5947265625,18.49682284415606,0.1614956259727478,
8,instruct_control,attribute,all,0.7999999999999998,26173.26953125,374930.8642578125,18.642147188634272,0.0795544907450676,
8,instruct_control,attribute,all,0.8499999999999999,20227.5390625,395158.4033203125,18.492133619744138,0.0859188511967659,
8,instruct_control,attribute,all,0.8999999999999999,23880.943359375,419039.3466796875,18.520257521421705,0.052505966275930405,
8,instruct_control,attribute,all,0.9499999999999997,18965.990234375,438005.3369140625,18.33962805820301,0.11853619664907455,
8,instruct_control,attribute,all,0.9999999999999998,26649.880859375,464655.2177734375,18.482705559802607,0.08910103142261505,
8,instruct_control,attribute,all,test,151826.0625,464655.2177734375,18.11550680109772,0.16322635114192963,test
8,instruct,state,all,0.02,1838.3756103515625,1838.3756103515625,3.662102809465264,0.049800798296928406,
8,instruct,state,all,0.04,2536.709716796875,4375.0853271484375,4.353318733481032,0.019880715757608414,
8,instruct,state,all,0.06,2201.199462890625,6576.2847900390625,4.360931558381341,0.051689859479665756,
8,instruct,state,all,0.08,2859.09619140625,9435.380981445312,4.691885122548639,0.05765407159924507,
8,instruct,state,all,0.1,2613.617919921875,12048.998901367188,4.792760103964673,0.06759443134069443,
8,instruct,state,all,0.12000000000000001,2075.586669921875,14124.585571289062,4.6832180276157365,0.06972111761569977,
8,instruct,state,all,0.13999999999999999,2283.528076171875,16408.113647460938,4.6627205590966,0.0556659996509552,
8,instruct,state,all,0.16,2934.99072265625,19343.104370117188,4.80932480609577,0.049701787531375885,
8,instruct,state,all,0.18,1908.7239990234375,21251.828369140625,4.696536656163674,0.07157057523727417,
8,instruct,state,all,0.2,2460.314208984375,23712.142578125,4.716018810287391,0.06560635566711426,
8,instruct,state,all,0.25,6001.779296875,29713.921875,4.727752088305489,0.06125696003437042,
8,instruct,state,all,0.3,5436.68896484375,35150.61083984375,4.660648480488431,0.05966586992144585,
8,instruct,state,all,0.35,4532.19580078125,39682.806640625,4.5099223367001935,0.15831343829631805,
8,instruct,state,all,0.39999999999999997,5233.23583984375,44916.04248046875,4.466591336562127,0.10580747574567795,
8,instruct,state,all,0.44999999999999996,5647.89453125,50563.93701171875,4.469542739478365,0.11694510281085968,
8,instruct,state,all,0.49999999999999994,6037.36767578125,56601.3046875,4.5028882010739855,0.10580747574567795,
8,instruct,state,all,0.5499999999999999,7399.4853515625,64000.7900390625,4.628682291101649,0.10978519916534424,
8,instruct,state,all,0.5999999999999999,6217.84765625,70218.6376953125,4.655173541190169,0.06364359706640244,
8,instruct,state,all,0.6499999999999999,6503.16552734375,76721.80322265625,4.695049459803944,0.0922832116484642,
8,instruct,state,all,0.7,6013.529296875,82735.33251953125,4.701405416497969,0.07319013774394989,
8,instruct,state,all,0.7499999999999998,5854.39453125,88589.72705078125,4.698473988373442,0.08194112777709961,
8,instruct,state,all,0.7999999999999998,7635.1015625,96224.82861328125,4.784448518957898,0.05171041935682297,
8,instruct,state,all,0.8499999999999999,4580.62548828125,100805.4541015625,4.717368810031471,0.1089896559715271,
8,instruct,state,all,0.8999999999999999,4389.9892578125,105195.443359375,4.649316863757403,0.07000795751810074,
8,instruct,state,all,0.9499999999999997,7830.38232421875,113025.82568359375,4.732480244675868,0.12728719413280487,
8,instruct,state,all,0.9999999999999998,4477.869140625,117503.69482421875,4.673973541138375,0.17979314923286438,
8,instruct,state,all,test,31464.95703125,117503.69482421875,3.7543201325915763,0.11573798209428787,test
8,instruct_control,state,all,0.02,1872.06103515625,1872.06103515625,3.729205249315239,0.017928287386894226,
8,instruct_control,state,all,0.04,3096.678955078125,4968.739990234375,4.944019890780472,0.04572564363479614,
8,instruct_control,state,all,0.06,2445.611328125,7414.351318359375,4.916678593076509,0.05367793142795563,
8,instruct_control,state,all,0.08,3014.45458984375,10428.805908203125,5.185880610742479,0.0417494997382164,
8,instruct_control,state,all,0.1,2625.1484375,13053.954345703125,5.192503717463454,0.035785287618637085,
8,instruct_control,state,all,0.12000000000000001,2464.253662109375,15518.2080078125,5.1452944322985745,0.023904383182525635,
8,instruct_control,state,all,0.13999999999999999,2364.657958984375,17882.865966796875,5.081803343789962,0.04373757168650627,
8,instruct_control,state,all,0.16,2833.315185546875,20716.18115234375,5.150716348170997,0.025844929739832878,
8,instruct_control,state,all,0.18,2627.06201171875,23343.2431640625,5.1587277710635355,0.07355864346027374,
8,instruct_control,state,all,0.2,3968.938720703125,27312.181884765625,5.432017081297857,0.05765407159924507,
8,instruct_control,state,all,0.25,6978.73583984375,34290.917724609375,5.45599327360531,0.025457438081502914,
8,instruct_control,state,all,0.3,5833.21826171875,40124.135986328125,5.320092281401236,0.0859188511967659,
8,instruct_control,state,all,0.35,6084.25634765625,46208.392333984375,5.2515504414120215,0.0461416058242321,
8,instruct_control,state,all,0.39999999999999997,7483.201171875,53691.593505859375,5.339259497400494,0.0962609350681305,
8,instruct_control,state,all,0.44999999999999996,6277.56103515625,59969.154541015625,5.300906438700223,0.030230708420276642,
8,instruct_control,state,all,0.49999999999999994,6011.7802734375,65980.93481445312,5.249079937506215,0.07080350071191788,
8,instruct_control,state,all,0.5499999999999999,5058.8662109375,71039.80102539062,5.13775953029512,0.03341288864612579,
8,instruct_control,state,all,0.5999999999999999,6196.46923828125,77236.27026367188,5.120410386082728,0.08353222161531448,
8,instruct_control,state,all,0.6499999999999999,5395.27490234375,82631.54516601562,5.056700640475835,0.040572792291641235,
8,instruct_control,state,all,0.7,6776.189453125,89407.73461914062,5.080562258162327,0.029435163363814354,
8,instruct_control,state,all,0.7499999999999998,10221.01953125,99628.75415039062,5.2839434712485085,0.0397772453725338,
8,instruct_control,state,all,0.7999999999999998,7282.25439453125,106911.00854492188,5.315782047778534,0.05409705638885498,
8,instruct_control,state,all,0.8499999999999999,7991.408203125,114902.41674804688,5.37706101118662,0.03341288864612579,
8,instruct_control,state,all,0.8999999999999999,5139.2021484375,120041.61889648438,5.3054724165333855,0.06682577729225159,
8,instruct_control,state,all,0.9499999999999997,6563.3837890625,126605.00268554688,5.301051069193438,0.08353222161531448,
8,instruct_control,state,all,0.9999999999999998,8182.35498046875,134787.35766601562,5.3614700742249655,0.04216388240456581,
8,instruct_control,state,all,test,62921.17578125,134787.35766601562,7.50759763527622,0.02672712132334709,test
8,instruct,correctness_instruct,all,0.02,341.18084716796875,341.18084716796875,0.6796431218485434,0.5956175327301025,
8,instruct,correctness_instruct,all,0.04,11025.4169921875,11366.597839355469,11.310047601348725,0.37773358821868896,
8,instruct,correctness_instruct,all,0.06,4948.90576171875,16315.503601074219,10.819299470208367,0.6222663521766663,
8,instruct,correctness_instruct,all,0.08,9017.1865234375,25332.69012451172,12.597061225515525,0.6481112837791443,
8,instruct,correctness_instruct,all,0.1,12410.21875,37742.90887451172,15.013090244435848,0.6103379726409912,
8,instruct,correctness_instruct,all,0.12000000000000001,13947.771484375,51690.68035888672,17.138819747641485,0.3625498116016388,
8,instruct,correctness_instruct,all,0.13999999999999999,7378.33251953125,59069.01287841797,16.7857382433697,0.34990057349205017,
8,instruct,correctness_instruct,all,0.16,4144.0810546875,63213.09393310547,15.716830913253473,0.33797216415405273,
8,instruct,correctness_instruct,all,0.18,1449.0948486328125,64662.18878173828,14.289986471102383,0.6341947913169861,
8,instruct,correctness_instruct,all,0.2,5580.9443359375,70243.13311767578,13.970392425949838,0.6262425184249878,
8,instruct,correctness_instruct,all,0.25,28707.857421875,98950.99053955078,15.743992130397897,0.6451869606971741,
8,instruct,correctness_instruct,all,0.3,14567.8623046875,113518.85284423828,15.051558319310299,0.3937947452068329,
8,instruct,correctness_instruct,all,0.35,1877.74755859375,115396.60040283203,13.114740357180592,0.6443914175033569,
8,instruct,correctness_instruct,all,0.39999999999999997,11595.2451171875,126991.84552001953,12.628465147177758,0.6213206052780151,
8,instruct,correctness_instruct,all,0.44999999999999996,21047.16796875,148039.01348876953,13.085743258973705,0.6276849508285522,
8,instruct,correctness_instruct,all,0.49999999999999994,18027.44921875,166066.46270751953,13.211333548728682,0.3603818714618683,
8,instruct,correctness_instruct,all,0.5499999999999999,6320.64453125,172387.10723876953,12.467426574005174,0.36356404423713684,
8,instruct,correctness_instruct,all,0.5999999999999999,5216.3603515625,177603.46759033203,11.774295120016708,0.6268894076347351,
8,instruct,correctness_instruct,all,0.6499999999999999,3557.979248046875,181161.4468383789,11.086313373623334,0.3810660243034363,
8,instruct,correctness_instruct,all,0.7,3444.696533203125,184606.14337158203,10.490177484463123,0.6483691334724426,
8,instruct,correctness_instruct,all,0.7499999999999998,8755.8896484375,193362.03302001953,10.255212570671945,0.607796311378479,
8,instruct,correctness_instruct,all,0.7999999999999998,17807.390625,211169.42364501953,10.499673013376071,0.6356403827667236,
8,instruct,correctness_instruct,all,0.8499999999999999,29310.94140625,240480.36505126953,11.253702328198303,0.6491646766662598,
8,instruct,correctness_instruct,all,0.8999999999999999,26599.3125,267079.67755126953,11.804104903706778,0.3500397801399231,
8,instruct,correctness_instruct,all,0.9499999999999997,12569.46484375,279649.14239501953,11.709129606624776,0.35083532333374023,
8,instruct,correctness_instruct,all,0.9999999999999998,4701.9677734375,284351.11016845703,11.310704461752467,0.6579156517982483,
8,instruct,correctness_instruct,all,test,88880.1953125,284351.11016845703,10.604963048860517,0.6469395160675049,test
8,instruct_control,correctness_instruct,all,0.02,346.9131774902344,346.9131774902344,0.6910621065542517,0.6075697541236877,
8,instruct_control,correctness_instruct,all,0.04,6529.68505859375,6876.598236083984,6.842386304561178,0.6560636162757874,
8,instruct_control,correctness_instruct,all,0.06,10909.173828125,17785.772064208984,11.794278557167761,0.6123260259628296,
8,instruct_control,correctness_instruct,all,0.08,10457.62109375,28243.393157958984,14.044452092470902,0.6719681620597839,
8,instruct_control,correctness_instruct,all,0.1,13531.58984375,41774.983001708984,16.616938345946295,0.35785287618637085,
8,instruct_control,correctness_instruct,all,0.12000000000000001,4998.5673828125,46773.550384521484,15.508471612905002,0.39243030548095703,
8,instruct_control,correctness_instruct,all,0.13999999999999999,2947.241455078125,49720.79183959961,14.12923894276772,0.6262425184249878,
8,instruct_control,correctness_instruct,all,0.16,5833.9736328125,55554.76547241211,13.812721400400823,0.640159010887146,
8,instruct_control,correctness_instruct,all,0.18,9985.0693359375,65539.83480834961,14.483941394110412,0.640159010887146,
8,instruct_control,correctness_instruct,all,0.2,12332.0517578125,77871.88656616211,15.487646492872337,0.3479125201702118,
8,instruct_control,correctness_instruct,all,0.25,20849.044921875,98720.93148803711,15.707387667149899,0.3691328465938568,
8,instruct_control,correctness_instruct,all,0.3,5429.9482421875,104150.87973022461,13.809451038215938,0.638027012348175,
8,instruct_control,correctness_instruct,all,0.35,11066.4443359375,115217.32406616211,13.094365730896932,0.6292760372161865,
8,instruct_control,correctness_instruct,all,0.39999999999999997,19203.990234375,134421.3143005371,13.367274691779745,0.6428003311157227,
8,instruct_control,correctness_instruct,all,0.44999999999999996,6049.44873046875,140470.76303100586,12.41675621241102,0.3579952120780945,
8,instruct_control,correctness_instruct,all,0.49999999999999994,10990.3984375,151461.16146850586,12.049416186834197,0.6420047879219055,
8,instruct_control,correctness_instruct,all,0.5499999999999999,22750.248046875,174211.40951538086,12.599364252215294,0.6523468494415283,
8,instruct_control,correctness_instruct,all,0.5999999999999999,33619.921875,207831.33139038086,13.77826381532623,0.6292760372161865,
8,instruct_control,correctness_instruct,all,0.6499999999999999,19934.7578125,227766.08920288086,13.938320127463488,0.3611774146556854,
8,instruct_control,correctness_instruct,all,0.7,2606.772705078125,230372.86190795898,13.0908547509921,0.6284804940223694,
8,instruct_control,correctness_instruct,all,0.7499999999999998,16184.1787109375,246557.04061889648,13.076480541972765,0.6229116916656494,
8,instruct_control,correctness_instruct,all,0.7999999999999998,25054.6875,271611.7281188965,13.504958637574408,0.6348448395729065,
8,instruct_control,correctness_instruct,all,0.8499999999999999,28785.103515625,300396.8316345215,14.057598934649327,0.6245027780532837,
8,instruct_control,correctness_instruct,all,0.8999999999999999,33784.55078125,334181.3824157715,14.769795032960818,0.35322195291519165,
8,instruct_control,correctness_instruct,all,0.9499999999999997,18670.716796875,352852.0992126465,14.77419500115758,0.3691328465938568,
8,instruct_control,correctness_instruct,all,0.9999999999999998,7899.15869140625,360751.25790405273,14.349692040733999,0.36595067381858826,
8,instruct_control,correctness_instruct,all,test,24105.6875,360751.25790405273,2.87623046175874,0.6469395160675049,test
8,instruct,multitask_dual,all,0.02,3231.2783203125,3231.2783203125,6.436809403012949,0.04083665460348129,
8,instruct,multitask_dual,all,0.04,9990.829833984375,13222.108154296875,13.156326521688433,0.06858846545219421,
8,instruct,multitask_dual,all,0.06,7530.540283203125,20752.6484375,13.761703207891246,0.08548707328736782,
8,instruct,multitask_dual,all,0.08,13175.774658203125,33928.423095703125,16.871418744755406,0.061630215495824814,
8,instruct,multitask_dual,all,0.1,11142.212890625,45070.635986328125,17.92785838756091,0.12922464311122894,
8,instruct,multitask_dual,all,0.12000000000000001,10629.4765625,55700.112548828125,18.468207078523914,0.06673306971788406,
8,instruct,multitask_dual,all,0.13999999999999999,10688.7236328125,66388.83618164062,18.865824433543796,0.08250496536493301,
8,instruct,multitask_dual,all,0.16,10406.377197265625,76795.21337890625,19.093787513402848,0.09940357133746147,
8,instruct,multitask_dual,all,0.18,11015.660888671875,87810.87426757812,19.40571807018301,0.1461232490837574,
8,instruct,multitask_dual,all,0.2,10060.689697265625,97871.56396484375,19.465307073357945,0.10337971709668636,
8,instruct,multitask_dual,all,0.25,23991.26220703125,121862.826171875,19.389471149065233,0.10222752392292023,
8,instruct,multitask_dual,all,0.3,29188.419921875,151051.24609375,20.02800929378812,0.14001591131091118,
8,instruct,multitask_dual,all,0.35,22803.10888671875,173854.35498046875,19.758421977550714,0.13524263724684715,
8,instruct,multitask_dual,all,0.39999999999999997,14759.3232421875,188613.67822265625,18.75633236104378,0.2064439132809639,
8,instruct,multitask_dual,all,0.44999999999999996,16831.19921875,205444.87744140625,18.160070488942477,0.1193317398428917,
8,instruct,multitask_dual,all,0.49999999999999994,13649.07080078125,219093.9482421875,17.429908372489063,0.2509944215416908,
8,instruct,multitask_dual,all,0.5499999999999999,15276.421875,234370.3701171875,16.950196725044297,0.18615751154720783,
8,instruct,multitask_dual,all,0.5999999999999999,17938.33740234375,252308.70751953125,16.72690980638632,0.12808273173868656,
8,instruct,multitask_dual,all,0.6499999999999999,14271.4150390625,266580.12255859375,16.313574601223532,0.2000795565545559,
8,instruct,multitask_dual,all,0.7,22730.4638671875,289310.58642578125,16.439969679837553,0.207637220621109,
8,instruct,multitask_dual,all,0.7499999999999998,15576.01318359375,304886.599609375,16.170066274695042,0.17342879995703697,
8,instruct,multitask_dual,all,0.7999999999999998,17547.74072265625,322434.34033203125,16.031938162889382,0.20087510347366333,
8,instruct,multitask_dual,all,0.8499999999999999,11473.8056640625,333908.14599609375,15.625819925878316,0.2501988857984543,
8,instruct,multitask_dual,all,0.8999999999999999,12678.70458984375,346586.8505859375,15.318078784846525,0.18496420234441757,
8,instruct,multitask_dual,all,0.9499999999999997,13043.3740234375,359630.224609375,15.058000444222879,0.21917263604700565,
8,instruct,multitask_dual,all,0.9999999999999998,14373.6953125,374003.919921875,14.876846456717383,0.24701670929789543,
8,instruct,multitask_dual,all,test,102946.48828125,374003.919921875,12.283318014705882,0.2396492063999176,test
8,instruct_control,multitask_dual,all,0.02,3329.9974365234375,3329.9974365234375,6.63346102893115,0.04083665460348129,
8,instruct_control,multitask_dual,all,0.04,8931.44140625,12261.438842773438,12.200436659476058,0.08051689527928829,
8,instruct_control,multitask_dual,all,0.06,12437.5478515625,24698.986694335938,16.378638391469455,0.07355864532291889,
8,instruct_control,multitask_dual,all,0.08,12686.993896484375,37385.98059082031,18.590741218707265,0.05765407346189022,
8,instruct_control,multitask_dual,all,0.1,11648.400146484375,49034.38073730469,19.504526944035277,0.05268389359116554,
8,instruct_control,multitask_dual,all,0.12000000000000001,10464.4521484375,59498.83288574219,19.72772973665192,0.060756973922252655,
8,instruct_control,multitask_dual,all,0.13999999999999999,10588.407470703125,70087.24035644531,19.916806012061755,0.10934393107891083,
8,instruct_control,multitask_dual,all,0.16,14551.8544921875,84639.09484863281,21.04403153869538,0.056660037487745285,
8,instruct_control,multitask_dual,all,0.18,11091.822021484375,95730.91687011719,21.156003728202695,0.09741550404578447,
8,instruct_control,multitask_dual,all,0.2,10975.000732421875,106705.91760253906,21.222338425325987,0.04870775155723095,
8,instruct_control,multitask_dual,all,0.25,32362.0908203125,139068.00842285156,22.12697031389842,0.05210819095373154,
8,instruct_control,multitask_dual,all,0.3,39264.0009765625,178332.00939941406,23.64518819933891,0.07716786116361618,
8,instruct_control,multitask_dual,all,0.35,43738.27783203125,222070.2872314453,25.23812788174171,0.05807477980852127,
8,instruct_control,multitask_dual,all,0.39999999999999997,25481.18310546875,247551.47033691406,24.617290208523674,0.13762927055358887,
8,instruct_control,multitask_dual,all,0.44999999999999996,32723.6298828125,280275.10021972656,24.77460445679542,0.04733492434024811,
8,instruct_control,multitask_dual,all,0.49999999999999994,33983.158203125,314258.25842285156,25.00065699465804,0.06603023130446672,
8,instruct_control,multitask_dual,all,0.5499999999999999,28876.1396484375,343134.39807128906,24.816257906363568,0.03579952195286751,
8,instruct_control,multitask_dual,all,0.5999999999999999,29904.88525390625,373039.2833251953,24.73079311357699,0.07319013401865959,
8,instruct_control,multitask_dual,all,0.6499999999999999,28906.1845703125,401945.4678955078,24.597360497858627,0.06682577356696129,
8,instruct_control,multitask_dual,all,0.7,31339.08154296875,433284.54943847656,24.621238176979006,0.07557676918804646,
8,instruct_control,multitask_dual,all,0.7499999999999998,34845.083984375,468129.63342285156,24.827877667613446,0.07279235869646072,
8,instruct_control,multitask_dual,all,0.7999999999999998,31310.65771484375,499440.2911376953,24.83295003667936,0.03898170217871666,
8,instruct_control,multitask_dual,all,0.8499999999999999,36601.2177734375,536041.5089111328,25.085006734574982,0.11376292631030083,
8,instruct_control,multitask_dual,all,0.8999999999999999,32891.1904296875,568932.6993408203,25.145085270963506,0.06722354702651501,
8,instruct_control,multitask_dual,all,0.9499999999999997,25455.0732421875,594387.7725830078,24.88748367386877,0.07557676918804646,
8,instruct_control,multitask_dual,all,0.9999999999999998,36257.14990234375,630644.9224853516,25.08531911238471,0.0680190920829773,
8,instruct_control,multitask_dual,all,test,280076.25390625,630644.9224853516,33.41799951154397,0.04611621517688036,test
8,instruct,multitask_triple_instruct,all,0.02,3652.7385864257812,3652.7385864257812,7.276371686107134,0.16600266098976135,
8,instruct,multitask_triple_instruct,all,0.04,19888.6181640625,23541.35675048828,23.424235572625154,0.17362491165598234,
8,instruct,multitask_triple_instruct,all,0.06,9899.641845703125,33440.998596191406,22.175728512063266,0.19085486605763435,
8,instruct,multitask_triple_instruct,all,0.08,11142.445556640625,44583.44415283203,22.16978824109002,0.31544066965579987,
8,instruct,multitask_triple_instruct,all,0.1,15456.21240234375,60039.65655517578,23.88212273475568,0.24784625321626663,
8,instruct,multitask_triple_instruct,all,0.12000000000000001,24995.63232421875,85035.28887939453,28.19472442950747,0.23904383182525635,
8,instruct,multitask_triple_instruct,all,0.13999999999999999,20259.48583984375,105294.77471923828,29.92178878068721,0.31146453817685443,
8,instruct,multitask_triple_instruct,all,0.16,21068.12890625,126362.90362548828,31.417927306188037,0.15838303168614706,
8,instruct,multitask_triple_instruct,all,0.18,18348.85888671875,144711.76251220703,31.980500002697685,0.16964876527587572,
8,instruct,multitask_triple_instruct,all,0.2,10254.872863769531,154966.63537597656,30.820730981697803,0.2929091975092888,
8,instruct,multitask_triple_instruct,all,0.25,31825.6572265625,186792.29260253906,29.720332951875747,0.18854414920012155,
8,instruct,multitask_triple_instruct,all,0.3,18658.679809570312,205450.97241210938,27.24091387060586,0.3160965157051881,
8,instruct,multitask_triple_instruct,all,0.35,27035.890625,232486.86303710938,26.42196420469478,0.2877220908800761,
8,instruct,multitask_triple_instruct,all,0.39999999999999997,43205.443359375,275692.3063964844,27.415702704503218,0.2850702740252018,
8,instruct,multitask_triple_instruct,all,0.44999999999999996,54694.966796875,330387.2731933594,29.204214018682876,0.32166533544659615,
8,instruct,multitask_triple_instruct,all,0.49999999999999994,48419.658203125,378806.9313964844,30.135794064955,0.30708035454154015,
8,instruct,multitask_triple_instruct,all,0.5499999999999999,49529.60888671875,428336.5402832031,30.978270071830703,0.3314770484964053,
8,instruct,multitask_triple_instruct,all,0.5999999999999999,36747.93701171875,465084.4772949219,30.832967203322852,0.16945106660326323,
8,instruct,multitask_triple_instruct,all,0.6499999999999999,15369.508911132812,480453.9862060547,29.401749354755196,0.29408644139766693,
8,instruct,multitask_triple_instruct,all,0.7,24023.34814453125,504477.33435058594,28.66674249065723,0.2773799995581309,
8,instruct,multitask_triple_instruct,all,0.7499999999999998,16406.323486328125,520883.65783691406,27.62575750925028,0.33227259789903957,
8,instruct,multitask_triple_instruct,all,0.7999999999999998,26226.7314453125,547110.3892822266,27.20318164688875,0.3479183154801528,
8,instruct,multitask_triple_instruct,all,0.8499999999999999,29758.53076171875,576868.9200439453,26.995597362719142,0.3667462170124054,
8,instruct,multitask_triple_instruct,all,0.8999999999999999,41935.57177734375,618804.4918212891,27.349265969295903,0.37390612810850143,
8,instruct,multitask_triple_instruct,all,0.9499999999999997,25383.47119140625,644187.9630126953,26.97265682756334,0.3545478607217471,
8,instruct,multitask_triple_instruct,all,0.9999999999999998,35604.80126953125,679792.7642822266,27.040284975426673,0.3983028282721837,
8,instruct,multitask_triple_instruct,all,test,283317.125,679792.7642822266,33.80469216084,0.3438332825899124,test
8,instruct_control,multitask_triple_instruct,all,0.02,3617.81494140625,3617.81494140625,7.206802672124004,0.23970784743626913,
8,instruct_control,multitask_triple_instruct,all,0.04,17807.935302734375,21425.750244140625,21.319154471781715,0.2637508263190587,
8,instruct_control,multitask_triple_instruct,all,0.06,24976.48828125,46402.238525390625,30.770715202513678,0.24453279500206312,
8,instruct_control,multitask_triple_instruct,all,0.08,26902.20947265625,73304.44799804688,36.45173943214663,0.14314115171631178,
8,instruct_control,multitask_triple_instruct,all,0.1,16307.577392578125,89612.025390625,35.645197052754575,0.2637508089343707,
8,instruct_control,multitask_triple_instruct,all,0.12000000000000001,28227.74853515625,117839.77392578125,39.07154307883994,0.2144754429658254,
8,instruct_control,multitask_triple_instruct,all,0.13999999999999999,15311.593017578125,133151.36694335938,37.83784226864432,0.21073558181524277,
8,instruct_control,multitask_triple_instruct,all,0.16,12820.510864257812,145971.8778076172,36.29335599393764,0.1921802411476771,
8,instruct_control,multitask_triple_instruct,all,0.18,11845.470458984375,157817.34826660156,34.87676204786775,0.21073557436466217,
8,instruct_control,multitask_triple_instruct,all,0.2,17336.280029296875,175153.62829589844,34.83564604134814,0.26573888833324116,
8,instruct_control,multitask_triple_instruct,all,0.25,38317.31005859375,213470.9383544922,33.96514532291045,0.24900555983185768,
8,instruct_control,multitask_triple_instruct,all,0.3,39092.30859375,252563.2469482422,33.48756920554789,0.2564306426793337,
8,instruct_control,multitask_triple_instruct,all,0.35,52282.55859375,304845.8055419922,34.64550580088557,0.28613099207480747,
8,instruct_control,multitask_triple_instruct,all,0.39999999999999997,58602.02392578125,363447.82946777344,36.14238558748741,0.2421108509103457,
8,instruct_control,multitask_triple_instruct,all,0.44999999999999996,54248.1689453125,417695.99841308594,36.92177127314469,0.18907451132933298,
8,instruct_control,multitask_triple_instruct,all,0.49999999999999994,34083.96044921875,451779.9588623047,35.941126401138,0.18668787802259126,
8,instruct_control,multitask_triple_instruct,all,0.5499999999999999,30865.734008789062,482645.69287109375,34.906031161574724,0.2598780145247777,
8,instruct_control,multitask_triple_instruct,all,0.5999999999999999,52628.75,535274.4428710938,35.486239914551426,0.2789710909128189,
8,instruct_control,multitask_triple_instruct,all,0.6499999999999999,50284.701171875,585559.1440429688,35.83373992062718,0.2832140090564887,
8,instruct_control,multitask_triple_instruct,all,0.7,25965.359619140625,611524.5036621094,34.749659260263066,0.19994695857167244,
8,instruct_control,multitask_triple_instruct,all,0.7499999999999998,40650.9248046875,652175.4284667969,34.588991167690104,0.2619994692504406,
8,instruct_control,multitask_triple_instruct,all,0.7999999999999998,47324.74853515625,699500.1770019531,34.780239508848105,0.2569610079129537,
8,instruct_control,multitask_triple_instruct,all,0.8499999999999999,71307.0830078125,770807.2600097656,36.07128363562945,0.2596128322184086,
8,instruct_control,multitask_triple_instruct,all,0.8999999999999999,70870.82421875,841678.0842285156,37.199597110780324,0.16600371152162552,
8,instruct_control,multitask_triple_instruct,all,0.9499999999999997,43682.62060546875,885360.7048339844,37.070749270777725,0.1410766343275706,
8,instruct_control,multitask_triple_instruct,all,0.9999999999999998,38211.017578125,923571.7224121094,36.73714090740292,0.260408370445172,
8,instruct_control,multitask_triple_instruct,all,test,280438.23046875,923571.7224121094,33.46118965144374,0.24241339912017187,test
8,base,attribute,suppression,0.02,531.3800659179688,531.3800659179688,2.968603720212116,0.07821229100227356,
8,base,attribute,suppression,0.04,1902.39697265625,2433.7770385742188,6.798259884285527,0.06703910231590271,
8,base,attribute,suppression,0.06,2848.377685546875,5282.154724121094,9.836414756277643,0.1731843501329422,
8,base,attribute,suppression,0.08,1983.5726318359375,7265.727355957031,10.14766390496792,0.1731843501329422,
8,base,attribute,suppression,0.1,3239.067138671875,10504.794494628906,11.737200552657995,0.03910614550113678,
8,base,attribute,suppression,0.12000000000000001,3180.222900390625,13685.017395019531,12.742101857560085,0.16201116144657135,
8,base,attribute,suppression,0.13999999999999999,3211.229248046875,16896.246643066406,13.495404666985948,0.16853933036327362,
8,base,attribute,suppression,0.16,2268.49951171875,19164.746154785156,13.383202622056674,0.30000001192092896,
8,base,attribute,suppression,0.18,2655.42919921875,21820.175354003906,13.544491219120985,0.10614524781703949,
8,base,attribute,suppression,0.2,3950.610107421875,25770.78546142578,14.397086849958537,0.08938547223806381,
8,base,attribute,suppression,0.25,7773.5341796875,33544.31964111328,14.995225588338526,0.18568232655525208,
8,base,attribute,suppression,0.3,6517.4609375,40061.78057861328,14.920588669874592,0.2321428656578064,
8,base,attribute,suppression,0.35,4703.76513671875,44765.54571533203,14.292958402085578,0.2460850179195404,
8,base,attribute,suppression,0.39999999999999997,4282.5859375,49048.13165283203,13.704423485004758,0.26174497604370117,
8,base,attribute,suppression,0.44999999999999996,2188.296142578125,51236.427795410156,12.723225178894998,0.2165178656578064,
8,base,attribute,suppression,0.49999999999999994,4308.36083984375,55544.788635253906,12.415017576051387,0.304250568151474,
8,base,attribute,suppression,0.5499999999999999,4250.564453125,59795.353088378906,12.148588599833179,0.3571428656578064,
8,base,attribute,suppression,0.5999999999999999,2822.387939453125,62617.74102783203,11.662831258676109,0.42953020334243774,
8,base,attribute,suppression,0.6499999999999999,3795.586669921875,66413.3276977539,11.417109798479268,0.3638392984867096,
8,base,attribute,suppression,0.7,4555.9453125,70969.2730102539,11.327896729489849,0.1316964328289032,
8,base,attribute,suppression,0.7499999999999998,4564.85546875,75534.1284790039,11.253594827026804,0.14317673444747925,
8,base,attribute,suppression,0.7999999999999998,5470.65478515625,81004.78326416016,11.31509753654982,0.3579418361186981,
8,base,attribute,suppression,0.8499999999999999,3672.93408203125,84677.7173461914,11.131552168554148,0.3415178656578064,
8,base,attribute,suppression,0.8999999999999999,2735.508056640625,87413.22540283203,10.853392774128636,0.3758389353752136,
8,base,attribute,suppression,0.9499999999999997,2742.292724609375,90155.5181274414,10.60403647699852,0.3169642984867096,
8,base,attribute,suppression,0.9999999999999998,3066.417724609375,93221.93585205078,10.417022667566297,0.3691275119781494,
8,base,attribute,suppression,test,19302.337890625,93221.93585205078,6.468611893641086,0.5033512115478516,test
8,base,state,suppression,0.02,663.0012817382812,663.0012817382812,3.703917775074197,0.033519551157951355,
8,base,state,suppression,0.04,1322.15283203125,1985.1541137695312,5.54512322281992,0.022346368059515953,
8,base,state,suppression,0.06,1201.9034423828125,3187.0575561523438,5.934930272164514,0.07262569665908813,
8,base,state,suppression,0.08,963.7861938476562,4150.84375,5.797267807262569,0.08379887789487839,
8,base,state,suppression,0.1,1019.2479248046875,5170.0916748046875,5.776638742798534,0.07262569665908813,
8,base,state,suppression,0.12000000000000001,1049.5125732421875,6219.604248046875,5.791065407864874,0.08379887789487839,
8,base,state,suppression,0.13999999999999999,890.2650756835938,7109.869323730469,5.678809364001972,0.04494382068514824,
8,base,state,suppression,0.16,1037.8336181640625,8147.702941894531,5.6897366912671306,0.05000000074505806,
8,base,state,suppression,0.18,1581.21484375,9728.917785644531,6.039055112131925,0.044692736119031906,
8,base,state,suppression,0.2,1011.541748046875,10740.459533691406,6.0002567227326296,0.08379887789487839,
8,base,state,suppression,0.25,3046.85009765625,13787.309631347656,6.163303366717773,0.11185682564973831,
8,base,state,suppression,0.3,3213.935302734375,17001.24493408203,6.331934798540794,0.082589291036129,
8,base,state,suppression,0.35,2574.30712890625,19575.55206298828,6.250176265321929,0.10961968451738358,
8,base,state,suppression,0.39999999999999997,3781.697509765625,23357.249572753906,6.526194348352586,0.1409395933151245,
8,base,state,suppression,0.44999999999999996,2202.66064453125,25559.910217285156,6.34713439714059,0.1183035746216774,
8,base,state,suppression,0.49999999999999994,3139.3720703125,28699.282287597656,6.414680886812172,0.20581655204296112,
8,base,state,suppression,0.5499999999999999,1955.1876220703125,30654.46990966797,6.228051586685893,0.0870535746216774,
8,base,state,suppression,0.5999999999999999,3112.11328125,33766.58319091797,6.289175487226293,0.1342281848192215,
8,base,state,suppression,0.6499999999999999,2382.673095703125,36149.256286621094,6.214415727457641,0.0736607164144516,
8,base,state,suppression,0.7,3015.06494140625,39164.321228027344,6.251288304553447,0.1183035746216774,
8,base,state,suppression,0.7499999999999998,3086.63134765625,42250.952575683594,6.294837988033908,0.08501118421554565,
8,base,state,suppression,0.7999999999999998,3858.890625,46109.843200683594,6.440821790848386,0.06263981759548187,
8,base,state,suppression,0.8499999999999999,2020.606201171875,48130.44940185547,6.327126252380106,0.1540178656578064,
8,base,state,suppression,0.8999999999999999,2837.12841796875,50967.57781982422,6.32823166374773,0.1342281848192215,
8,base,state,suppression,0.9499999999999997,2070.110595703125,53037.688415527344,6.238260222950758,0.133928582072258,
8,base,state,suppression,0.9999999999999998,2269.4775390625,55307.165954589844,6.180262147121448,0.14541387557983398,
8,base,state,suppression,test,14400.61328125,55307.165954589844,4.825942788622654,0.16789545118808746,test
8,base,correctness_base,suppression,0.02,98.56517791748047,98.56517791748047,0.5506434520529635,0.7709497213363647,
8,base,correctness_base,suppression,0.04,617.7944946289062,716.3596725463867,2.0010046719172814,0.7932960391044617,
8,base,correctness_base,suppression,0.06,413.51275634765625,1129.872428894043,2.1040454914227986,0.7877094745635986,
8,base,correctness_base,suppression,0.08,146.20242309570312,1276.074851989746,1.7822274469130532,0.8659217357635498,
8,base,correctness_base,suppression,0.1,281.34576416015625,1557.4206161499023,1.7401347666479356,0.8435754179954529,
8,base,correctness_base,suppression,0.12000000000000001,199.73265075683594,1757.1532669067383,1.6360831163005012,0.8603351712226868,
8,base,correctness_base,suppression,0.13999999999999999,1044.3699951171875,2801.523262023926,2.237638388198024,0.7359550595283508,
8,base,correctness_base,suppression,0.16,930.9188232421875,3732.4420852661133,2.6064539701579004,0.8055555820465088,
8,base,correctness_base,suppression,0.18,1325.9456787109375,5058.387763977051,3.139905502158318,0.7932960391044617,
8,base,correctness_base,suppression,0.2,1256.701904296875,6315.089668273926,3.5279830549016347,0.832402229309082,
8,base,correctness_base,suppression,0.25,4020.827392578125,10335.91706085205,4.62043677284401,0.7762863636016846,
8,base,correctness_base,suppression,0.3,2780.435546875,13116.35260772705,4.885047526155327,0.8236607313156128,
8,base,correctness_base,suppression,0.35,2552.98388671875,15669.3364944458,5.002981000780907,0.8120805621147156,
8,base,correctness_base,suppression,0.39999999999999997,2974.416748046875,18643.753242492676,5.2092073882348915,0.8120805621147156,
8,base,correctness_base,suppression,0.44999999999999996,3276.4814453125,21920.234687805176,5.44331628701395,0.8125000596046448,
8,base,correctness_base,suppression,0.49999999999999994,4526.02978515625,26446.264472961426,5.911100686848776,0.744966447353363,
8,base,correctness_base,suppression,0.5499999999999999,3804.74951171875,30251.013984680176,6.146081671003693,0.7834821939468384,
8,base,correctness_base,suppression,0.5999999999999999,3347.672607421875,33598.68659210205,6.257904002999078,0.7941834330558777,
8,base,correctness_base,suppression,0.6499999999999999,2633.153564453125,36231.840156555176,6.228612713865425,0.7901785969734192,
8,base,correctness_base,suppression,0.7,2015.871826171875,38247.71198272705,6.104981960531053,0.7767857313156128,
8,base,correctness_base,suppression,0.7499999999999998,1629.5072021484375,39877.21918487549,5.941182834457016,0.8210290670394897,
8,base,correctness_base,suppression,0.7999999999999998,1437.9437255859375,41315.162910461426,5.771080166288787,0.818791925907135,
8,base,correctness_base,suppression,0.8499999999999999,776.6163330078125,42091.77924346924,5.5332955492926565,0.8459821939468384,
8,base,correctness_base,suppression,0.8999999999999999,1744.883056640625,43836.66230010986,5.442843593259233,0.8008948564529419,
8,base,correctness_base,suppression,0.9499999999999997,2513.906005859375,46350.56830596924,5.451725277107649,0.7656250596046448,
8,base,correctness_base,suppression,0.9999999999999998,4385.93408203125,50736.50238800049,5.669516413901049,0.8008948564529419,
8,base,correctness_base,suppression,test,32207.88671875,50736.50238800049,10.793527720760723,0.7952412962913513,test
8,base,multitask_dual,suppression,0.02,1223.6307373046875,1223.6307373046875,6.835925906730098,0.033519551157951355,
8,base,multitask_dual,suppression,0.04,4002.0064697265625,5225.63720703125,14.596751974947626,0.05027932673692703,
8,base,multitask_dual,suppression,0.06,3568.2984619140625,8793.935668945312,16.376044076248252,0.08379887789487839,
8,base,multitask_dual,suppression,0.08,3407.6321411132812,12201.567810058594,17.041295824104182,0.08379887789487839,
8,base,multitask_dual,suppression,0.1,4316.16064453125,16517.728454589844,18.455562519094798,0.09217876940965652,
8,base,multitask_dual,suppression,0.12000000000000001,4212.8394775390625,20730.567932128906,19.302204778518536,0.06703910231590271,
8,base,multitask_dual,suppression,0.13999999999999999,3506.1785278320312,24236.746459960938,19.358423690064647,0.12078651785850525,
8,base,multitask_dual,suppression,0.16,4742.1483154296875,28978.894775390625,20.23665836270295,0.09444444626569748,
8,base,multitask_dual,suppression,0.18,3723.8107299804688,32702.705505371094,20.299630977883982,0.08379888162016869,
8,base,multitask_dual,suppression,0.2,3125.5491943359375,35828.25469970703,20.015784748439682,0.10335195064544678,
8,base,multitask_dual,suppression,0.25,6004.661865234375,41832.916564941406,18.700454432249177,0.15883668884634972,
8,base,multitask_dual,suppression,0.3,7573.01513671875,49405.931701660156,18.40071944195909,0.1238839365541935,
8,base,multitask_dual,suppression,0.35,11525.8076171875,60931.739318847656,19.45457832657971,0.1633109636604786,
8,base,multitask_dual,suppression,0.39999999999999997,8583.88330078125,69515.6226196289,19.423197155526378,0.1263982132077217,
8,base,multitask_dual,suppression,0.44999999999999996,6899.7197265625,76415.3423461914,18.975749278915174,0.1473214365541935,
8,base,multitask_dual,suppression,0.49999999999999994,7660.486328125,84075.8286743164,18.79209402644533,0.2427293136715889,
8,base,multitask_dual,suppression,0.5499999999999999,5674.32373046875,89750.15240478516,18.234488501581705,0.2031250037252903,
8,base,multitask_dual,suppression,0.5999999999999999,7274.997314453125,97025.14971923828,18.07136333008722,0.2785234972834587,
8,base,multitask_dual,suppression,0.6499999999999999,6238.947021484375,103264.09674072266,17.752122527200044,0.1104910746216774,
8,base,multitask_dual,suppression,0.7,9723.181396484375,112987.27813720703,18.034681266912536,0.1361607201397419,
8,base,multitask_dual,suppression,0.7499999999999998,7509.9483642578125,120497.22650146484,17.952506928108587,0.11409396305680275,
8,base,multitask_dual,suppression,0.7999999999999998,7140.437255859375,127637.66375732422,17.82897943250792,0.2281879149377346,
8,base,multitask_dual,suppression,0.8499999999999999,5778.63671875,133416.30047607422,17.538622384129646,0.2053571455180645,
8,base,multitask_dual,suppression,0.8999999999999999,3840.35546875,137256.65594482422,17.042048167969234,0.2651006728410721,
8,base,multitask_dual,suppression,0.9499999999999997,4680.1298828125,141936.78582763672,16.69451726977614,0.2823660895228386,
8,base,multitask_dual,suppression,0.9999999999999998,5977.5069580078125,147914.29278564453,16.528583393188573,0.2427293062210083,
8,base,multitask_dual,suppression,test,39335.111328125,147914.29278564453,13.18200781773626,0.18884048983454704,test
8,base,multitask_triple_base,suppression,0.02,1345.1932525634766,1345.1932525634766,7.515046103706573,0.0949720658051471,
8,base,multitask_triple_base,suppression,0.04,5355.5845947265625,6700.777847290039,18.717256556676087,0.3035381572941939,
8,base,multitask_triple_base,suppression,0.06,5932.5472412109375,12633.325088500977,23.525745043763457,0.3314711277683576,
8,base,multitask_triple_base,suppression,0.08,4008.3992919921875,16641.724380493164,23.242631816331233,0.34264430155356723,
8,base,multitask_triple_base,suppression,0.1,5356.1590576171875,21997.88343811035,24.57864071297246,0.3519553045431773,
8,base,multitask_triple_base,suppression,0.12000000000000001,5209.5560302734375,27207.43946838379,25.332811423076155,0.37988825887441635,
8,base,multitask_triple_base,suppression,0.13999999999999999,6020.1533203125,33227.59278869629,26.539610853591284,0.3089887673656146,
8,base,multitask_triple_base,suppression,0.16,4142.601806640625,37370.194595336914,26.096504605682203,0.374074084063371,
8,base,multitask_triple_base,suppression,0.18,5896.0987548828125,43266.29335021973,26.856792892749674,0.32029793163140613,
8,base,multitask_triple_base,suppression,0.2,7391.415771484375,50657.7091217041,28.300396157376593,0.36499068637688953,
8,base,multitask_triple_base,suppression,0.25,15867.783203125,66525.4923248291,29.738709130455565,0.3102162616948287,
8,base,multitask_triple_base,suppression,0.3,17620.480224609375,84145.97254943848,31.339282141317867,0.3482142935196559,
8,base,multitask_triple_base,suppression,0.35,17394.01171875,101539.98426818848,32.420173776560816,0.36092469096183777,
8,base,multitask_triple_base,suppression,0.39999999999999997,16638.93359375,118178.91786193848,33.020094401212205,0.3765846441189448,
8,base,multitask_triple_base,suppression,0.44999999999999996,12803.554321289062,130982.47218322754,32.52606709292961,0.3735119303067525,
8,base,multitask_triple_base,suppression,0.49999999999999994,17433.055786132812,148415.52796936035,33.17289404768895,0.4086502591768901,
8,base,multitask_triple_base,suppression,0.5499999999999999,15237.02880859375,163652.5567779541,33.249198857772065,0.3444940696159999,
8,base,multitask_triple_base,suppression,0.5999999999999999,13319.451171875,176972.0079498291,32.96181932386461,0.3668903782963753,
8,base,multitask_triple_base,suppression,0.6499999999999999,11184.2890625,188156.2970123291,32.3459338168006,0.3519345397750537,
8,base,multitask_triple_base,suppression,0.7,12392.4541015625,200548.7511138916,32.010973841004244,0.4010416766007741,
8,base,multitask_triple_base,suppression,0.7499999999999998,9481.12451171875,210029.87562561035,31.291697798809647,0.44220730165640515,
8,base,multitask_triple_base,suppression,0.7999999999999998,10452.20556640625,220482.0811920166,30.797888139686634,0.4608501022060712,
8,base,multitask_triple_base,suppression,0.8499999999999999,7980.6795654296875,228462.7607574463,30.03322739022562,0.4590774079163869,
8,base,multitask_triple_base,suppression,0.8999999999999999,12099.79931640625,240562.56007385254,29.86870624209741,0.44146159787972766,
8,base,multitask_triple_base,suppression,0.9499999999999997,10634.464111328125,251197.02418518066,29.545639165511723,0.4910714576641719,
8,base,multitask_triple_base,suppression,0.9999999999999998,10607.4150390625,261804.43922424316,29.25516138386894,0.43773303429285687,
8,base,multitask_triple_base,suppression,test,69883.20703125,261804.43922424316,23.419305305378685,0.44224755465984344,test
8,instruct,attribute,suppression,0.02,503.22802734375,503.22802734375,2.8113297616969275,0.12290502339601517,
8,instruct,attribute,suppression,0.04,2451.05908203125,2954.287109375,8.252198629539107,0.07821229100227356,
8,instruct,attribute,suppression,0.06,3587.672607421875,6541.959716796875,12.18242032923068,0.10055865347385406,
8,instruct,attribute,suppression,0.08,2040.4151611328125,8582.374877929688,11.986557092080568,0.2178770899772644,
8,instruct,attribute,suppression,0.1,2747.75244140625,11330.127319335938,12.659360133336243,0.13966479897499084,
8,instruct,attribute,suppression,0.12000000000000001,2132.111572265625,13462.238891601562,12.534673083427897,0.061452511698007584,
8,instruct,attribute,suppression,0.13999999999999999,2682.4560546875,16144.694946289062,12.895123759016823,0.11797752976417542,
8,instruct,attribute,suppression,0.16,1673.4019775390625,17818.096923828125,12.442805114405115,0.27222222089767456,
8,instruct,attribute,suppression,0.18,3475.35302734375,21293.449951171875,13.217535661807496,0.16759775578975677,
8,instruct,attribute,suppression,0.2,3842.294677734375,25135.74462890625,14.042315435143156,0.18994413316249847,
8,instruct,attribute,suppression,0.25,6520.96533203125,31656.7099609375,14.151412588706973,0.25950783491134644,
8,instruct,attribute,suppression,0.3,7116.18310546875,38772.89306640625,14.440556076873836,0.0803571492433548,
8,instruct,attribute,suppression,0.35,6386.58251953125,45159.4755859375,14.418734222840836,0.0939597338438034,
8,instruct,attribute,suppression,0.39999999999999997,3521.198486328125,48680.674072265625,13.601753023823868,0.281879186630249,
8,instruct,attribute,suppression,0.44999999999999996,3729.454833984375,52410.12890625,13.014683115532655,0.1026785746216774,
8,instruct,attribute,suppression,0.49999999999999994,3993.58447265625,56403.71337890625,12.606998967122541,0.2639821171760559,
8,instruct,attribute,suppression,0.5499999999999999,3806.92333984375,60210.63671875,12.232961543833808,0.3348214328289032,
8,instruct,attribute,suppression,0.5999999999999999,3080.531005859375,63291.167724609375,11.788259959882543,0.20581655204296112,
8,instruct,attribute,suppression,0.6499999999999999,5860.59423828125,69151.76196289062,11.887873811739835,0.1607142984867096,
8,instruct,attribute,suppression,0.7,5154.2548828125,74306.01684570312,11.860497501309357,0.2745535969734192,
8,instruct,attribute,suppression,0.7499999999999998,3939.2646484375,78245.28149414062,11.657521080771845,0.26174497604370117,
8,instruct,attribute,suppression,0.7999999999999998,3430.373291015625,81675.65478515625,11.408807764374389,0.3914988934993744,
8,instruct,attribute,suppression,0.8499999999999999,3699.640625,85375.29541015625,11.2232542934345,0.2410714328289032,
8,instruct,attribute,suppression,0.8999999999999999,3650.025634765625,89025.32104492188,11.053553643521465,0.3736017942428589,
8,instruct,attribute,suppression,0.9499999999999997,3301.125244140625,92326.4462890625,10.859379709369854,0.1919642984867096,
8,instruct,attribute,suppression,0.9999999999999998,3971.410888671875,96297.85717773438,10.760739432085638,0.3221476674079895,
8,instruct,attribute,suppression,test,10669.62890625,96297.85717773438,3.5756129042392764,0.31032171845436096,test
8,instruct,state,suppression,0.02,638.4254150390625,638.4254150390625,3.566622430385824,0.022346368059515953,
8,instruct,state,suppression,0.04,1353.681396484375,1992.1068115234375,5.564544166266585,0.044692736119031906,
8,instruct,state,suppression,0.06,1220.1717529296875,3212.278564453125,5.981896768069134,0.10614524781703949,
8,instruct,state,suppression,0.08,999.920654296875,4212.19921875,5.882959802723463,0.02793296054005623,
8,instruct,state,suppression,0.1,1093.4354248046875,5305.6346435546875,5.928083400619762,0.05027932673692703,
8,instruct,state,suppression,0.12000000000000001,802.1708984375,6107.8055419921875,5.686969778391236,0.07821229100227356,
8,instruct,state,suppression,0.13999999999999999,743.2886352539062,6851.094177246094,5.472119949877071,0.07865168899297714,
8,instruct,state,suppression,0.16,1291.8985595703125,8142.992736816406,5.686447441910898,0.03333333507180214,
8,instruct,state,suppression,0.18,1116.4088134765625,9259.401550292969,5.74761114232959,0.061452511698007584,
8,instruct,state,suppression,0.2,800.638916015625,10060.040466308594,5.620134338719885,0.05027932673692703,
8,instruct,state,suppression,0.25,2099.845458984375,12159.885925292969,5.435800592442096,0.08948545902967453,
8,instruct,state,suppression,0.3,2429.73193359375,14589.617858886719,5.433749668114234,0.0446428582072258,
8,instruct,state,suppression,0.35,2691.3525390625,17280.97039794922,5.517551212627464,0.1230425089597702,
8,instruct,state,suppression,0.39999999999999997,2468.3857421875,19749.35614013672,5.518121302077876,0.08501118421554565,
8,instruct,state,suppression,0.44999999999999996,3260.705078125,23010.06121826172,5.71394616793189,0.125,
8,instruct,state,suppression,0.49999999999999994,3540.73681640625,26550.79803466797,5.934465363135442,0.09172259271144867,
8,instruct,state,suppression,0.5499999999999999,2706.14453125,29256.94256591797,5.944116734237702,0.180803582072258,
8,instruct,state,suppression,0.5999999999999999,2345.634033203125,31602.576599121094,5.886119686928868,0.13646532595157623,
8,instruct,state,suppression,0.6499999999999999,2048.204833984375,33650.78143310547,5.784903117260696,0.0714285746216774,
8,instruct,state,suppression,0.7,2160.873046875,35811.65447998047,5.716145966477329,0.140625,
8,instruct,state,suppression,0.7499999999999998,1864.9068603515625,37676.56134033203,5.613313668106679,0.1409395933151245,
8,instruct,state,suppression,0.7999999999999998,2333.00537109375,40009.56671142578,5.588708857581476,0.18344518542289734,
8,instruct,state,suppression,0.8499999999999999,2839.31005859375,42848.87677001953,5.63282197581432,0.1116071492433548,
8,instruct,state,suppression,0.8999999999999999,1430.701416015625,44279.578186035156,5.497836874352515,0.22595077753067017,
8,instruct,state,suppression,0.9499999999999997,2897.91650390625,47177.494689941406,5.548987848734581,0.1919642984867096,
8,instruct,state,suppression,0.9999999999999998,2061.248779296875,49238.74346923828,5.502150348557189,0.16778524219989777,
8,instruct,state,suppression,test,18303.607421875,49238.74346923828,6.133916696338807,0.06400804221630096,test
8,instruct,correctness_instruct,suppression,0.02,122.38931274414062,122.38931274414062,0.6837391773415677,0.5642458200454712,
8,instruct,correctness_instruct,suppression,0.04,4334.7412109375,4457.130523681641,12.450085261680561,0.6480446457862854,
8,instruct,correctness_instruct,suppression,0.06,4181.7900390625,8638.92056274414,16.08737534961665,0.3296089172363281,
8,instruct,correctness_instruct,suppression,0.08,278.57818603515625,8917.498748779297,12.454607191032537,0.6201117038726807,
8,instruct,correctness_instruct,suppression,0.1,1891.9381103515625,10809.43685913086,12.077583082827775,0.6089385151863098,
8,instruct,correctness_instruct,suppression,0.12000000000000001,3223.475341796875,14032.912200927734,13.066026257847053,0.5810055732727051,
8,instruct,correctness_instruct,suppression,0.13999999999999999,2627.050048828125,16659.96224975586,13.30667911322353,0.6685393452644348,
8,instruct,correctness_instruct,suppression,0.16,4928.53564453125,21588.49789428711,15.075766685954685,0.6111111044883728,
8,instruct,correctness_instruct,suppression,0.18,2149.18701171875,23737.68490600586,14.734751648669063,0.40223461389541626,
8,instruct,correctness_instruct,suppression,0.2,2115.78369140625,25853.46859741211,14.443278546040284,0.41899439692497253,
8,instruct,correctness_instruct,suppression,0.25,699.9058837890625,26553.374481201172,11.87008246812748,0.6510066986083984,
8,instruct,correctness_instruct,suppression,0.3,1955.79345703125,28509.167938232422,10.617939641799785,0.6205357313156128,
8,instruct,correctness_instruct,suppression,0.35,4573.23095703125,33082.39889526367,10.562707182395808,0.6353467702865601,
8,instruct,correctness_instruct,suppression,0.39999999999999997,5353.6142578125,38436.01315307617,10.739316332236985,0.644295334815979,
8,instruct,correctness_instruct,suppression,0.44999999999999996,12081.5908203125,50517.60397338867,12.544724105634138,0.609375,
8,instruct,correctness_instruct,suppression,0.49999999999999994,10677.203125,61194.80709838867,13.677873736787813,0.3691275119781494,
8,instruct,correctness_instruct,suppression,0.5499999999999999,10143.9892578125,71338.79635620117,14.493863542503286,0.3839285969734192,
8,instruct,correctness_instruct,suppression,0.5999999999999999,8617.11328125,79955.90963745117,14.892141858344417,0.3445190191268921,
8,instruct,correctness_instruct,suppression,0.6499999999999999,7432.58935546875,87388.49899291992,15.022949801086456,0.6361607313156128,
8,instruct,correctness_instruct,suppression,0.7,3788.6982421875,91177.19723510742,14.553423341597354,0.6428571939468384,
8,instruct,correctness_instruct,suppression,0.7499999999999998,8748.013671875,99925.21090698242,14.887546321064127,0.5973154306411743,
8,instruct,correctness_instruct,suppression,0.7999999999999998,10474.28125,110399.49215698242,15.42107726735332,0.6644295454025269,
8,instruct,correctness_instruct,suppression,0.8499999999999999,9186.9482421875,119586.44039916992,15.720578467092142,0.3638392984867096,
8,instruct,correctness_instruct,suppression,0.8999999999999999,4313.14013671875,123899.58053588867,15.383608211558068,0.3691275119781494,
8,instruct,correctness_instruct,suppression,0.9499999999999997,2481.8095703125,126381.39010620117,14.86490121220903,0.6205357313156128,
8,instruct,correctness_instruct,suppression,0.9999999999999998,3400.4736328125,129781.86373901367,14.502387276680487,0.3870246112346649,
8,instruct,correctness_instruct,suppression,test,12384.4853515625,129781.86373901367,4.150296699585288,0.6132708191871643,test
8,instruct,multitask_dual,suppression,0.02,1207.2657470703125,1207.2657470703125,6.744501380281076,0.013966479804366827,
8,instruct,multitask_dual,suppression,0.04,3933.61328125,5140.8790283203125,14.359997285810929,0.061452511698007584,
8,instruct,multitask_dual,suppression,0.06,4090.5291748046875,9231.408203125,17.19070428887337,0.10055865719914436,
8,instruct,multitask_dual,suppression,0.08,3731.0654296875,12962.4736328125,18.104013453648744,0.10893854312598705,
8,instruct,multitask_dual,suppression,0.1,3665.0269775390625,16627.500610351562,18.578212972459845,0.08100558444857597,
8,instruct,multitask_dual,suppression,0.12000000000000001,3440.3402099609375,20067.8408203125,18.68514042859637,0.1312849074602127,
8,instruct,multitask_dual,suppression,0.13999999999999999,4017.8458251953125,24085.686645507812,19.23776888618835,0.14887640625238419,
8,instruct,multitask_dual,suppression,0.16,3688.466796875,27774.153442382812,19.395358549150007,0.10555556043982506,
8,instruct,multitask_dual,suppression,0.18,4701.421325683594,32475.574768066406,20.158643555596775,0.10614524781703949,
8,instruct,multitask_dual,suppression,0.2,4147.119445800781,36622.69421386719,20.459605706071056,0.1703910529613495,
8,instruct,multitask_dual,suppression,0.25,8157.530029296875,44780.22424316406,20.01798133355568,0.11856823414564133,
8,instruct,multitask_dual,suppression,0.3,7854.876708984375,52635.10095214844,19.603389553872788,0.1406250037252903,
8,instruct,multitask_dual,suppression,0.35,7621.9052734375,60257.00622558594,19.239146304465496,0.1521252766251564,
8,instruct,multitask_dual,suppression,0.39999999999999997,8081.897705078125,68338.90393066406,19.094412945142235,0.06487695686519146,
8,instruct,multitask_dual,suppression,0.44999999999999996,8073.651611328125,76412.55554199219,18.975057249066847,0.2455357275903225,
8,instruct,multitask_dual,suppression,0.49999999999999994,5556.04052734375,81968.59606933594,18.321098808523903,0.11409395933151245,
8,instruct,multitask_dual,suppression,0.5499999999999999,8382.275390625,90350.87145996094,18.35653625761092,0.1941964402794838,
8,instruct,multitask_dual,suppression,0.5999999999999999,6534.11767578125,96884.98913574219,18.045257801404766,0.23378076404333115,
8,instruct,multitask_dual,suppression,0.6499999999999999,4900.555908203125,101785.54504394531,17.497944824470572,0.2220982238650322,
8,instruct,multitask_dual,suppression,0.7,5314.35107421875,107099.89611816406,17.094955485740474,0.1517857201397419,
8,instruct,multitask_dual,suppression,0.7499999999999998,5556.2861328125,112656.18225097656,16.784294137511406,0.2069351226091385,
8,instruct,multitask_dual,suppression,0.7999999999999998,5682.8543701171875,118339.03662109375,16.530107084941157,0.18008948862552643,
8,instruct,multitask_dual,suppression,0.8499999999999999,4904.3304443359375,123243.36706542969,16.201310249169147,0.2421875,
8,instruct,multitask_dual,suppression,0.8999999999999999,6843.900634765625,130087.26770019531,16.15188325058298,0.19351230561733246,
8,instruct,multitask_dual,suppression,0.9499999999999997,4612.95703125,134700.2247314453,15.84335741371975,0.2332589477300644,
8,instruct,multitask_dual,suppression,0.9999999999999998,3409.1026611328125,138109.32739257812,15.432934114714284,0.22595077753067017,
8,instruct,multitask_dual,suppression,test,31968.2724609375,138109.32739257812,10.713228036507205,0.2453083097934723,test
8,instruct,multitask_triple_instruct,suppression,0.02,1267.460578918457,1267.460578918457,7.080785357086352,0.24581005424261093,
8,instruct,multitask_triple_instruct,suppression,0.04,6508.249755859375,7775.710334777832,21.71986127032914,0.29050277670224506,
8,instruct,multitask_triple_instruct,suppression,0.06,4115.080749511719,11890.79108428955,22.143000156963783,0.2756051992376645,
8,instruct,multitask_triple_instruct,suppression,0.08,6538.261901855469,18429.05298614502,25.738900818638296,0.24581004679203033,
8,instruct,multitask_triple_instruct,suppression,0.1,8242.733276367188,26671.786262512207,29.80087850560023,0.2309124656021595,
8,instruct,multitask_triple_instruct,suppression,0.12000000000000001,9189.48388671875,35861.27014923096,33.3903818894143,0.25512103488047916,
8,instruct,multitask_triple_instruct,suppression,0.13999999999999999,7120.361633300781,42981.63178253174,34.330376823108416,0.16479401042064032,
8,instruct,multitask_triple_instruct,suppression,0.16,6480.88232421875,49462.51410675049,34.540861806390005,0.22407407810290655,
8,instruct,multitask_triple_instruct,suppression,0.18,3963.38232421875,53425.89643096924,33.163188349453286,0.20670390501618385,
8,instruct,multitask_triple_instruct,suppression,0.2,6233.7366943359375,59659.633125305176,33.329403980617414,0.25139663616816205,
8,instruct,multitask_triple_instruct,suppression,0.25,10304.128784179688,69963.76190948486,31.275709391812633,0.2132736792167028,
8,instruct,multitask_triple_instruct,suppression,0.3,9393.754455566406,79357.51636505127,29.55587201677887,0.1822916716337204,
8,instruct,multitask_triple_instruct,suppression,0.35,16608.67919921875,95966.19556427002,30.640547753598344,0.3392990330855052,
8,instruct,multitask_triple_instruct,suppression,0.39999999999999997,17797.15380859375,113763.34937286377,31.786350760788984,0.28560776511828107,
8,instruct,multitask_triple_instruct,suppression,0.44999999999999996,18252.25439453125,132015.60376739502,32.78261826853613,0.2700892885526021,
8,instruct,multitask_triple_instruct,suppression,0.49999999999999994,15724.485595703125,147740.08936309814,33.021924310035345,0.2923191661636035,
8,instruct,multitask_triple_instruct,suppression,0.5499999999999999,13466.090087890625,161206.17945098877,32.75216973811231,0.2864583482344945,
8,instruct,multitask_triple_instruct,suppression,0.5999999999999999,14427.177734375,175633.35718536377,32.712489697404315,0.26249068478743237,
8,instruct,multitask_triple_instruct,suppression,0.6499999999999999,6615.6282958984375,182248.9854812622,31.330408368791854,0.3281250149011612,
8,instruct,multitask_triple_instruct,suppression,0.7,11602.105712890625,193851.09119415283,30.941913997470525,0.3221726417541504,
8,instruct,multitask_triple_instruct,suppression,0.7499999999999998,13642.014282226562,207493.1054763794,30.91375230577762,0.31394481658935547,
8,instruct,multitask_triple_instruct,suppression,0.7999999999999998,14110.861328125,221603.9668045044,30.954597961238218,0.3825503389040629,
8,instruct,multitask_triple_instruct,suppression,0.8499999999999999,15214.80419921875,236818.77100372314,31.131690680126614,0.3467261965076129,
8,instruct,multitask_triple_instruct,suppression,0.8999999999999999,11011.604125976562,247830.3751296997,30.771092020076946,0.253542127708594,
8,instruct,multitask_triple_instruct,suppression,0.9499999999999997,7737.166015625,255567.5411453247,30.059696676702504,0.3489583432674408,
8,instruct,multitask_triple_instruct,suppression,0.9999999999999998,10875.544555664062,266443.08570098877,29.77350382176654,0.3206562300523122,
8,instruct,multitask_triple_instruct,suppression,test,48789.2255859375,266443.08570098877,16.350276670890583,0.2674262821674347,test
8,base,attribute,enhancement,0.02,537.4742431640625,537.4742431640625,3.002649403151187,0.06703910231590271,
8,base,attribute,enhancement,0.04,2479.452880859375,3016.9271240234375,8.40369672429927,0.0833333358168602,
8,base,attribute,enhancement,0.06,2388.9814453125,5405.9085693359375,10.048157192074234,0.1508379876613617,
8,base,attribute,enhancement,0.08,3207.7431640625,8613.651733398438,11.996729433702559,0.1666666716337204,
8,base,attribute,enhancement,0.1,3157.646484375,11771.298217773438,13.122963453482093,0.02793296054005623,
8,base,attribute,enhancement,0.12000000000000001,5155.01708984375,16926.315307617188,15.71617020205867,0.04444444552063942,
8,base,attribute,enhancement,0.13999999999999999,2764.768310546875,19691.083618164062,15.677614345672024,0.13966479897499084,
8,base,attribute,enhancement,0.16,2220.9052734375,21911.988891601562,15.259045189137579,0.21666666865348816,
8,base,attribute,enhancement,0.18,2102.937744140625,24014.926635742188,14.869923613462655,0.22346368432044983,
8,base,attribute,enhancement,0.2,2052.746337890625,26067.672973632812,14.522380486703517,0.03333333507180214,
8,base,attribute,enhancement,0.25,7141.59326171875,33209.26623535156,14.799138251047934,0.28953230381011963,
8,base,attribute,enhancement,0.3,7786.55224609375,40995.81848144531,15.223103780707506,0.25167039036750793,
8,base,attribute,enhancement,0.35,4368.7724609375,45364.59094238281,14.442722363063615,0.165178582072258,
8,base,attribute,enhancement,0.39999999999999997,6208.78955078125,51573.38049316406,14.365844148513666,0.1870824098587036,
8,base,attribute,enhancement,0.44999999999999996,4088.665283203125,55662.04577636719,13.781145277634858,0.2115813046693802,
8,base,attribute,enhancement,0.49999999999999994,5501.06103515625,61163.10681152344,13.628143228949073,0.12472160905599594,
8,base,attribute,enhancement,0.5499999999999999,5527.6865234375,66690.79333496094,13.508364054073514,0.20712696015834808,
8,base,attribute,enhancement,0.5999999999999999,4488.82861328125,71179.62194824219,13.215674331274078,0.24721604585647583,
8,base,attribute,enhancement,0.6499999999999999,3448.551025390625,74628.17297363281,12.789746867803396,0.20489978790283203,
8,base,attribute,enhancement,0.7,5349.61962890625,79977.79260253906,12.729236447961016,0.3102678656578064,
8,base,attribute,enhancement,0.7499999999999998,5531.51708984375,85509.30969238281,12.70191766078176,0.3273942172527313,
8,base,attribute,enhancement,0.7999999999999998,4228.55224609375,89737.86193847656,12.49656899296429,0.23162584006786346,
8,base,attribute,enhancement,0.8499999999999999,4462.64111328125,94200.50305175781,12.346068551999712,0.36748331785202026,
8,base,attribute,enhancement,0.8999999999999999,4075.592529296875,98276.09558105469,12.164388610107029,0.29398664832115173,
8,base,attribute,enhancement,0.9499999999999997,3315.781005859375,101591.87658691406,11.912743502217879,0.4365256130695343,
8,base,attribute,enhancement,0.9999999999999998,3768.50244140625,105360.37902832031,11.738010141301283,0.1584821492433548,
8,base,attribute,enhancement,test,23591.15625,105360.37902832031,7.8821103407951885,0.28098899126052856,test
8,base,state,enhancement,0.02,655.3771362304688,655.3771362304688,3.66132478341044,0.011173184029757977,
8,base,state,enhancement,0.04,1259.385498046875,1914.7626342773438,5.33360065258313,0.03888889029622078,
8,base,state,enhancement,0.06,1202.876708984375,3117.6393432617188,5.794868667772711,0.03910614550113678,
8,base,state,enhancement,0.08,1364.191650390625,4481.830993652344,6.242104447983766,0.03888889029622078,
8,base,state,enhancement,0.1,1262.588623046875,5744.419616699219,6.40403524715632,0.061452511698007584,
8,base,state,enhancement,0.12000000000000001,1797.509033203125,7541.928649902344,7.002719266390291,0.06111111119389534,
8,base,state,enhancement,0.13999999999999999,850.634033203125,8392.562683105469,6.681976658523462,0.07821229100227356,
8,base,state,enhancement,0.16,1025.442138671875,9418.004821777344,6.558499179510685,0.08888889104127884,
8,base,state,enhancement,0.18,1436.4351806640625,10854.440002441406,6.721015481387868,0.03910614550113678,
8,base,state,enhancement,0.2,1004.7839965820312,11859.223999023438,6.6068100273111074,0.09444444626569748,
8,base,state,enhancement,0.25,2257.517578125,14116.741577148438,6.290883055770249,0.0935412049293518,
8,base,state,enhancement,0.3,2659.296630859375,16776.038208007812,6.229498034908211,0.11581292003393173,
8,base,state,enhancement,0.35,2494.62744140625,19270.665649414062,6.135200779819822,0.0870535746216774,
8,base,state,enhancement,0.39999999999999997,4163.7685546875,23434.434204101562,6.527697549889014,0.07126948982477188,
8,base,state,enhancement,0.44999999999999996,2658.1806640625,26092.614868164062,6.460167087933662,0.09131403267383575,
8,base,state,enhancement,0.49999999999999994,3174.78125,29267.396118164062,6.521255819555273,0.12026726454496384,
8,base,state,enhancement,0.5499999999999999,2464.708984375,31732.105102539062,6.4274063403968125,0.10467706620693207,
8,base,state,enhancement,0.5999999999999999,3303.444091796875,35035.54919433594,6.504929297128841,0.08240535110235214,
8,base,state,enhancement,0.6499999999999999,3081.376953125,38116.92614746094,6.532463778485165,0.07349666208028793,
8,base,state,enhancement,0.7,3959.45068359375,42076.37683105469,6.696860867587886,0.0558035746216774,
8,base,state,enhancement,0.7499999999999998,2323.839599609375,44400.21643066406,6.595397568429005,0.0846325159072876,
8,base,state,enhancement,0.7999999999999998,2661.071044921875,47061.28747558594,6.553584107448257,0.09131403267383575,
8,base,state,enhancement,0.8499999999999999,3477.28564453125,50538.57312011719,6.623666201850221,0.06236080452799797,
8,base,state,enhancement,0.8999999999999999,3644.158447265625,54182.73156738281,6.706613636264738,0.0467706024646759,
8,base,state,enhancement,0.9499999999999997,3223.40087890625,57406.13244628906,6.731488326253408,0.08685968816280365,
8,base,state,enhancement,0.9999999999999998,2934.28466796875,60340.41711425781,6.722417236436922,0.098214291036129,
8,base,state,enhancement,test,19026.607421875,60340.41711425781,6.35703555692449,0.06882726401090622,test
8,base,correctness_base,enhancement,0.02,123.17414093017578,123.17414093017578,0.6881236923473507,0.6033519506454468,
8,base,correctness_base,enhancement,0.04,4000.89111328125,4124.065254211426,11.487646947664139,0.6111111044883728,
8,base,correctness_base,enhancement,0.06,4248.05615234375,8372.121406555176,15.561563952704788,0.6089385151863098,
8,base,correctness_base,enhancement,0.08,4410.66357421875,12782.784980773926,17.803321700242236,0.5555555820465088,
8,base,correctness_base,enhancement,0.1,2879.015380859375,15661.8003616333,17.46020107205496,0.6201117038726807,
8,base,correctness_base,enhancement,0.12000000000000001,3327.777099609375,18989.577461242676,17.63191964832189,0.5833333730697632,
8,base,correctness_base,enhancement,0.13999999999999999,1497.9736328125,20487.551094055176,16.311744501636287,0.46368715167045593,
8,base,correctness_base,enhancement,0.16,2502.18994140625,22989.741035461426,16.009568966198763,0.39444446563720703,
8,base,correctness_base,enhancement,0.18,592.3701782226562,23582.111213684082,14.6019264481016,0.3910614550113678,
8,base,correctness_base,enhancement,0.2,2027.5875244140625,25609.698738098145,14.26724163682348,0.472222238779068,
8,base,correctness_base,enhancement,0.25,11038.8388671875,36648.537605285645,16.331790376687007,0.40979957580566406,
8,base,correctness_base,enhancement,0.3,10891.1923828125,47539.729988098145,17.65307463353069,0.6213808655738831,
8,base,correctness_base,enhancement,0.35,9659.662109375,57199.392097473145,18.210567366276074,0.5892857313156128,
8,base,correctness_base,enhancement,0.39999999999999997,6722.921875,63922.313972473145,17.80565848815408,0.35412028431892395,
8,base,correctness_base,enhancement,0.44999999999999996,3153.670166015625,67075.98413848877,16.607077033545128,0.5367483496665955,
8,base,correctness_base,enhancement,0.49999999999999994,984.3318481445312,68060.3159866333,15.164954542476226,0.5501113533973694,
8,base,correctness_base,enhancement,0.5499999999999999,1897.37841796875,69957.69440460205,14.17008191302452,0.416481077671051,
8,base,correctness_base,enhancement,0.5999999999999999,6002.4267578125,75960.12116241455,14.103253093652906,0.4075723886489868,
8,base,correctness_base,enhancement,0.6499999999999999,12136.083984375,88096.20514678955,15.097892912903093,0.4276169538497925,
8,base,correctness_base,enhancement,0.7,11005.443359375,99101.64850616455,15.772982413841246,0.598214328289032,
8,base,correctness_base,enhancement,0.7499999999999998,9845.853515625,108947.50202178955,16.183526741204627,0.5679287314414978,
8,base,correctness_base,enhancement,0.7999999999999998,5604.775390625,114552.27741241455,15.952134439829349,0.37861916422843933,
8,base,correctness_base,enhancement,0.8499999999999999,6372.03369140625,120924.3111038208,15.848533565376252,0.6013363003730774,
8,base,correctness_base,enhancement,0.8999999999999999,4577.82275390625,125502.13385772705,15.534364879035406,0.5812917947769165,
8,base,correctness_base,enhancement,0.9499999999999997,3430.644775390625,128932.77863311768,15.11875922058134,0.5790646076202393,
8,base,correctness_base,enhancement,0.9999999999999998,1860.0450439453125,130792.82367706299,14.57139301215051,0.5714285969734192,
8,base,correctness_base,enhancement,test,2875.170166015625,130792.82367706299,0.960631528905989,0.5890411138534546,test
8,base,multitask_dual,enhancement,0.02,1183.8971557617188,1183.8971557617188,6.61395059084759,0.01955307158641517,
8,base,multitask_dual,enhancement,0.04,4049.494873046875,5233.392028808594,14.577693673561543,0.06388888973742723,
8,base,multitask_dual,enhancement,0.06,4891.190673828125,10124.582702636719,18.818926956573826,0.11452513560652733,
8,base,multitask_dual,enhancement,0.08,3391.48486328125,13516.067565917969,18.82460663776876,0.1111111119389534,
8,base,multitask_dual,enhancement,0.1,4420.71240234375,17936.77996826172,19.996410221027556,0.08379887975752354,
8,base,multitask_dual,enhancement,0.12000000000000001,5606.2874755859375,23543.067443847656,21.859858350833477,0.07777777872979641,
8,base,multitask_dual,enhancement,0.13999999999999999,4117.0665283203125,27660.13397216797,22.022399659369402,0.0642458088696003,
8,base,multitask_dual,enhancement,0.16,6103.682373046875,33763.816345214844,23.512406925637077,0.07777778152376413,
8,base,multitask_dual,enhancement,0.18,3952.9078369140625,37716.724182128906,23.354008781503968,0.15642457455396652,
8,base,multitask_dual,enhancement,0.2,4978.588134765625,42695.31231689453,23.785689313033163,0.13611111417412758,
8,base,multitask_dual,enhancement,0.25,7604.288818359375,50299.601135253906,22.41515202105789,0.20155902206897736,
8,base,multitask_dual,enhancement,0.3,8870.6328125,59170.233947753906,21.971865558022245,0.12917594984173775,
8,base,multitask_dual,enhancement,0.35,8371.91015625,67542.1441040039,21.503388762815636,0.2142857201397419,
8,base,multitask_dual,enhancement,0.39999999999999997,9451.0361328125,76993.1802368164,21.44656831109092,0.17260579578578472,
8,base,multitask_dual,enhancement,0.44999999999999996,6100.757568359375,83093.93780517578,20.57289868907546,0.23608017712831497,
8,base,multitask_dual,enhancement,0.49999999999999994,8581.13671875,91675.07452392578,20.426710009787385,0.06904231756925583,
8,base,multitask_dual,enhancement,0.5499999999999999,8356.384521484375,100031.45904541016,20.261587815558062,0.13363029435276985,
8,base,multitask_dual,enhancement,0.5999999999999999,9714.07861328125,109745.5376586914,20.376074574580656,0.18819599226117134,
8,base,multitask_dual,enhancement,0.6499999999999999,7807.292236328125,117552.82989501953,20.14615765124585,0.16146993078291416,
8,base,multitask_dual,enhancement,0.7,7970.165771484375,125522.9956665039,19.978194439997438,0.098214291036129,
8,base,multitask_dual,enhancement,0.7499999999999998,6903.78662109375,132426.78228759766,19.67123919898955,0.2071269527077675,
8,base,multitask_dual,enhancement,0.7999999999999998,6569.021240234375,138995.80352783203,19.35605118059212,0.17037862539291382,
8,base,multitask_dual,enhancement,0.8499999999999999,5092.97509765625,144088.77862548828,18.88450571762625,0.2071269527077675,
8,base,multitask_dual,enhancement,0.8999999999999999,4079.3948974609375,148168.17352294922,18.339915029452804,0.28619154542684555,
8,base,multitask_dual,enhancement,0.9499999999999997,7133.331787109375,155301.5053100586,18.210776889078165,0.16703787073493004,
8,base,multitask_dual,enhancement,0.9999999999999998,4626.16064453125,159927.66595458984,17.817253337186926,0.3337053656578064,
8,base,multitask_dual,enhancement,test,26771.8134765625,159927.66595458984,8.944809046629636,0.27514199167490005,test
8,base,multitask_triple_base,enhancement,0.02,1313.9521179199219,1313.9521179199219,7.34051462525096,0.18249534318844476,
8,base,multitask_triple_base,enhancement,0.04,7939.589599609375,9253.541717529297,25.775882221530075,0.2555555539826552,
8,base,multitask_triple_base,enhancement,0.06,8858.989868164062,18112.53158569336,33.66641558679063,0.24953443743288517,
8,base,multitask_triple_base,enhancement,0.08,9395.657348632812,27508.188934326172,38.312240855607484,0.21666667672495046,
8,base,multitask_triple_base,enhancement,0.1,8180.374755859375,35688.56369018555,39.78658159440975,0.23091246684392294,
8,base,multitask_triple_base,enhancement,0.12000000000000001,9335.286743164062,45023.85043334961,41.80487505417791,0.25740742186705273,
8,base,multitask_triple_base,enhancement,0.13999999999999999,9826.78466796875,54850.63510131836,43.670887819520985,0.22905026624600092,
8,base,multitask_triple_base,enhancement,0.16,6795.7789306640625,61646.41403198242,42.929257682439015,0.2981481614212195,
8,base,multitask_triple_base,enhancement,0.18,7038.1033935546875,68684.51742553711,42.529112956988925,0.25512102991342545,
8,base,multitask_triple_base,enhancement,0.2,8955.561889648438,77640.07931518555,43.25352608088331,0.2296296370526155,
8,base,multitask_triple_base,enhancement,0.25,21135.4873046875,98775.56661987305,44.01763218354414,0.2531551718711853,
8,base,multitask_triple_base,enhancement,0.3,12770.65234375,111546.21896362305,41.42080169462423,0.317743144929409,
8,base,multitask_triple_base,enhancement,0.35,16644.7392578125,128190.95822143555,40.8121484308932,0.2849702487389247,
8,base,multitask_triple_base,enhancement,0.39999999999999997,12185.768798828125,140376.72702026367,39.1021523733325,0.3192279239495595,
8,base,multitask_triple_base,enhancement,0.44999999999999996,14014.427978515625,154391.1549987793,38.22509408239151,0.24424648409088454,
8,base,multitask_triple_base,enhancement,0.49999999999999994,13721.773193359375,168112.92819213867,37.458317333364235,0.29398664087057114,
8,base,multitask_triple_base,enhancement,0.5499999999999999,13712.124267578125,181825.0524597168,36.82905660516848,0.30660727620124817,
8,base,multitask_triple_base,enhancement,0.5999999999999999,11686.61669921875,193511.66915893555,35.92864262141395,0.32071269551912945,
8,base,multitask_triple_base,enhancement,0.6499999999999999,13867.82861328125,207379.4977722168,35.54061658478437,0.3095768516262372,
8,base,multitask_triple_base,enhancement,0.7,9015.641357421875,216395.13912963867,34.441371817545544,0.3169643034537633,
8,base,multitask_triple_base,enhancement,0.7499999999999998,10670.068359375,227065.20748901367,33.72923462403649,0.2553823304673036,
8,base,multitask_triple_base,enhancement,0.7999999999999998,11606.172607421875,238671.38009643555,33.23651024877253,0.21083890895048776,
8,base,multitask_triple_base,enhancement,0.8499999999999999,17373.47119140625,256044.8512878418,33.55764761308543,0.2954714223742485,
8,base,multitask_triple_base,enhancement,0.8999999999999999,17389.60986328125,273434.46115112305,33.84508740575851,0.30586489910880726,
8,base,multitask_triple_base,enhancement,0.9499999999999997,16679.287109375,290113.74826049805,34.01896672848242,0.3192279214660327,
8,base,multitask_triple_base,enhancement,0.9999999999999998,17965.408447265625,308079.1567077637,34.32254419649774,0.3541666865348816,
8,base,multitask_triple_base,enhancement,test,52287.3916015625,308079.1567077637,17.469893618965084,0.26862679918607074,test
8,instruct,attribute,enhancement,0.02,494.8153991699219,494.8153991699219,2.764331838938111,0.05027932673692703,
8,instruct,attribute,enhancement,0.04,1447.9945068359375,1942.8099060058594,5.4117267576764885,0.11666666716337204,
8,instruct,attribute,enhancement,0.06,2770.6552734375,4713.465179443359,8.761087694132637,0.06703910231590271,
8,instruct,attribute,enhancement,0.08,2210.765380859375,6924.230560302734,9.643775153624977,0.15555556118488312,
8,instruct,attribute,enhancement,0.1,2898.636474609375,9822.86703491211,10.950799370024647,0.12290502339601517,
8,instruct,attribute,enhancement,0.12000000000000001,3189.9248046875,13012.79183959961,12.082443676508458,0.09444444626569748,
8,instruct,attribute,enhancement,0.13999999999999999,3256.83740234375,16269.62924194336,12.953526466515413,0.07821229100227356,
8,instruct,attribute,enhancement,0.16,2570.189453125,18839.81869506836,13.119650901858188,0.12777778506278992,
8,instruct,attribute,enhancement,0.18,2335.51708984375,21175.33578491211,13.11166302471338,0.06703910231590271,
8,instruct,attribute,enhancement,0.2,1842.6180419921875,23017.953826904297,12.823372605517713,0.15000000596046448,
8,instruct,attribute,enhancement,0.25,6104.46826171875,29122.422088623047,12.977906456605636,0.14253897964954376,
8,instruct,attribute,enhancement,0.3,8482.0625,37604.48458862305,13.96378930138249,0.14476615190505981,
8,instruct,attribute,enhancement,0.35,3595.735107421875,41200.21969604492,13.11691171475483,0.1785714328289032,
8,instruct,attribute,enhancement,0.39999999999999997,4702.18017578125,45902.39987182617,12.786183808308126,0.07795100659132004,
8,instruct,attribute,enhancement,0.44999999999999996,6806.515625,52708.91549682617,13.049991457495958,0.16703785955905914,
8,instruct,attribute,enhancement,0.49999999999999994,5067.640625,57776.55612182617,12.873564198267864,0.28953230381011963,
8,instruct,attribute,enhancement,0.5499999999999999,3198.516357421875,60975.07247924805,12.350632464907443,0.35412028431892395,
8,instruct,attribute,enhancement,0.5999999999999999,3450.451416015625,64425.52389526367,11.961664295444425,0.4276169538497925,
8,instruct,attribute,enhancement,0.6499999999999999,3146.280029296875,67571.80392456055,11.580429121604206,0.314031183719635,
8,instruct,attribute,enhancement,0.7,2071.75,69643.55392456055,11.084442770103541,0.3191964328289032,
8,instruct,attribute,enhancement,0.7499999999999998,3499.2373046875,73142.79122924805,10.864942250333934,0.40089088678359985,
8,instruct,attribute,enhancement,0.7999999999999998,3032.60009765625,76175.3913269043,10.607908554087773,0.42538976669311523,
8,instruct,attribute,enhancement,0.8499999999999999,2734.63720703125,78910.02853393555,10.34207451296665,0.45211583375930786,
8,instruct,attribute,enhancement,0.8999999999999999,2647.740234375,81557.76876831055,10.095032648633563,0.32962140440940857,
8,instruct,attribute,enhancement,0.9499999999999997,4732.89599609375,86290.6647644043,10.118511346670298,0.23385301232337952,
8,instruct,attribute,enhancement,0.9999999999999998,2482.876220703125,88773.54098510742,9.890100377128723,0.3191964328289032,
8,instruct,attribute,enhancement,test,23260.916015625,88773.54098510742,7.771772808427999,0.2626127600669861,test
8,instruct,state,enhancement,0.02,665.178466796875,665.178466796875,3.7160808200942737,0.005586592014878988,
8,instruct,state,enhancement,0.04,1181.5302734375,1846.708740234375,5.144035488118036,0.02777777798473835,
8,instruct,state,enhancement,0.06,1734.221923828125,3580.9306640625,6.656004951789034,0.03910614550113678,
8,instruct,state,enhancement,0.08,963.5411376953125,4544.4718017578125,6.329347913311716,0.0555555559694767,
8,instruct,state,enhancement,0.1,1706.0830078125,6250.5548095703125,6.968288527949066,0.02793296054005623,
8,instruct,state,enhancement,0.12000000000000001,835.60009765625,7086.1549072265625,6.579531018780466,0.08888889104127884,
8,instruct,state,enhancement,0.13999999999999999,1523.527099609375,8609.682006835938,6.8548423621305234,0.022346368059515953,
8,instruct,state,enhancement,0.16,994.640380859375,9604.322387695312,6.688246788088658,0.11666666716337204,
8,instruct,state,enhancement,0.18,1924.7257080078125,11529.048095703125,7.138729471023606,0.044692736119031906,
8,instruct,state,enhancement,0.2,1370.178466796875,12899.2265625,7.186198642061282,0.10555555671453476,
8,instruct,state,enhancement,0.25,4506.9423828125,17406.1689453125,7.756759779551025,0.05345211923122406,
8,instruct,state,enhancement,0.3,2804.394775390625,20210.563720703125,7.504850991720432,0.07126948982477188,
8,instruct,state,enhancement,0.35,1920.09521484375,22130.658935546875,7.045736687534822,0.0714285746216774,
8,instruct,state,enhancement,0.39999999999999997,3080.2373046875,25210.896240234375,7.02253377165303,0.09131403267383575,
8,instruct,state,enhancement,0.44999999999999996,3058.526123046875,28269.42236328125,6.999114227106029,0.10022272169589996,
8,instruct,state,enhancement,0.49999999999999994,3121.96044921875,31391.3828125,6.994514886920677,0.07572383433580399,
8,instruct,state,enhancement,0.5499999999999999,3727.369873046875,35118.752685546875,7.113379113945083,0.07126948982477188,
8,instruct,state,enhancement,0.5999999999999999,2909.787841796875,38028.54052734375,7.060627650825055,0.0890868604183197,
8,instruct,state,enhancement,0.6499999999999999,3637.682861328125,41666.223388671875,7.140740940646422,0.09131403267383575,
8,instruct,state,enhancement,0.7,2095.08740234375,43761.310791015625,6.96503434521974,0.1049107164144516,
8,instruct,state,enhancement,0.7499999999999998,1987.9454345703125,45749.25622558594,6.795789694828571,0.07572383433580399,
8,instruct,state,enhancement,0.7999999999999998,1756.000732421875,47505.25695800781,6.615409686395741,0.19821827113628387,
8,instruct,state,enhancement,0.8499999999999999,3595.654541015625,51100.91149902344,6.697367168941473,0.07795100659132004,
8,instruct,state,enhancement,0.8999999999999999,2390.428955078125,53491.34045410156,6.621034837740012,0.10467706620693207,
8,instruct,state,enhancement,0.9499999999999997,1815.251220703125,55306.59167480469,6.485294520966779,0.23830735683441162,
8,instruct,state,enhancement,0.9999999999999998,2504.199951171875,57810.79162597656,6.440596215015214,0.125,
8,instruct,state,enhancement,test,21800.919921875,57810.79162597656,7.283969235507851,0.11794186383485794,test
8,instruct,correctness_instruct,enhancement,0.02,147.07139587402344,147.07139587402344,0.8216279099107454,0.22905027866363525,
8,instruct,correctness_instruct,enhancement,0.04,3206.755859375,3353.8272552490234,9.342137201250761,0.6777777671813965,
8,instruct,correctness_instruct,enhancement,0.06,339.96746826171875,3693.794723510742,6.865789448904725,0.748603343963623,
8,instruct,correctness_instruct,enhancement,0.08,3479.183349609375,7172.978073120117,9.99022015754891,0.7666667103767395,
8,instruct,correctness_instruct,enhancement,0.1,1721.5875244140625,8894.56559753418,9.915903676180802,0.7765362858772278,
8,instruct,correctness_instruct,enhancement,0.12000000000000001,194.54769897460938,9089.113296508789,8.439288111893026,0.7888889312744141,
8,instruct,correctness_instruct,enhancement,0.13999999999999999,918.5490112304688,10007.662307739258,7.967884002977116,0.22905027866363525,
8,instruct,correctness_instruct,enhancement,0.16,3225.447265625,13233.109573364258,9.215257363067032,0.75,
8,instruct,correctness_instruct,enhancement,0.18,2030.43798828125,15263.547561645508,9.451113041266568,0.7765362858772278,
8,instruct,correctness_instruct,enhancement,0.2,930.3512573242188,16193.898818969727,9.021670651236617,0.7944444417953491,
8,instruct,correctness_instruct,enhancement,0.25,481.13909912109375,16675.03791809082,7.430943813765963,0.24276170134544373,
8,instruct,correctness_instruct,enhancement,0.3,7222.916015625,23897.95393371582,8.874100977985822,0.7639198303222656,
8,instruct,correctness_instruct,enhancement,0.35,3592.021728515625,27489.975662231445,8.751982063747674,0.7968750596046448,
8,instruct,correctness_instruct,enhancement,0.39999999999999997,2404.81884765625,29894.794509887695,8.327240810553675,0.7661470174789429,
8,instruct,correctness_instruct,enhancement,0.44999999999999996,2579.68798828125,32474.482498168945,8.040228397665002,0.19599109888076782,
8,instruct,correctness_instruct,enhancement,0.49999999999999994,7915.68408203125,40390.166580200195,8.999591484001826,0.23162584006786346,
8,instruct,correctness_instruct,enhancement,0.5499999999999999,9631.90625,50022.072830200195,10.132078758395826,0.7483296394348145,
8,instruct,correctness_instruct,enhancement,0.5999999999999999,8022.72509765625,58044.797927856445,10.776976963954038,0.7394209504127502,
8,instruct,correctness_instruct,enhancement,0.6499999999999999,5185.79296875,63230.590896606445,10.836433744062802,0.7661470174789429,
8,instruct,correctness_instruct,enhancement,0.7,2948.8408203125,66179.43171691895,10.533094336609732,0.7455357313156128,
8,instruct,correctness_instruct,enhancement,0.7499999999999998,2308.2158203125,68487.64753723145,10.173447346588153,0.23162584006786346,
8,instruct,correctness_instruct,enhancement,0.7999999999999998,8117.8330078125,76605.48054504395,10.667801217803083,0.781737208366394,
8,instruct,correctness_instruct,enhancement,0.8499999999999999,5175.61767578125,81781.0982208252,10.718361496831612,0.7706013321876526,
8,instruct,correctness_instruct,enhancement,0.8999999999999999,2868.443603515625,84649.54182434082,10.477725191773835,0.7750557065010071,
8,instruct,correctness_instruct,enhancement,0.9499999999999997,317.3593444824219,84966.90116882324,9.963285784336684,0.5902004837989807,
8,instruct,correctness_instruct,enhancement,0.9999999999999998,4751.64404296875,89718.54521179199,9.995381596679143,0.7767857313156128,
8,instruct,correctness_instruct,enhancement,test,17277.072265625,89718.54521179199,5.772493239433679,0.7691279649734497,test
8,instruct,multitask_dual,enhancement,0.02,1177.2872314453125,1177.2872314453125,6.577023639359288,0.047486032359302044,
8,instruct,multitask_dual,enhancement,0.04,3008.1292724609375,4185.41650390625,11.658541793610723,0.11388889141380787,
8,instruct,multitask_dual,enhancement,0.06,4205.059326171875,8390.475830078125,15.595679981557852,0.05027932673692703,
8,instruct,multitask_dual,enhancement,0.08,5481.47265625,13871.948486328125,19.320262515777333,0.07500000298023224,
8,instruct,multitask_dual,enhancement,0.1,4172.122314453125,18044.07080078125,20.116020959622354,0.07262569479644299,
8,instruct,multitask_dual,enhancement,0.12000000000000001,3676.4667358398438,21720.537536621094,20.16763002471782,0.10000000149011612,
8,instruct,multitask_dual,enhancement,0.13999999999999999,3957.5223388671875,25678.05987548828,20.44431518749067,0.06983239948749542,
8,instruct,multitask_dual,enhancement,0.16,3919.7972412109375,29597.85711669922,20.611321111907532,0.1388888917863369,
8,instruct,multitask_dual,enhancement,0.18,4087.5189208984375,33685.376037597656,20.85781797993663,0.07541899010539055,
8,instruct,multitask_dual,enhancement,0.2,5463.0311279296875,39148.407165527344,21.809697585252003,0.06944444496184587,
8,instruct,multitask_dual,enhancement,0.25,7637.064453125,46785.471618652344,20.849140650023326,0.13585746847093105,
8,instruct,multitask_dual,enhancement,0.3,9085.878173828125,55871.34979248047,20.7468807250206,0.17928731068968773,
8,instruct,multitask_dual,enhancement,0.35,8655.43505859375,64526.78485107422,20.54338900066037,0.2109375111758709,
8,instruct,multitask_dual,enhancement,0.39999999999999997,6519.402587890625,71046.18743896484,19.790024356257618,0.09465478919446468,
8,instruct,multitask_dual,enhancement,0.44999999999999996,7508.003662109375,78554.19110107422,19.448920797493,0.1648106910288334,
8,instruct,multitask_dual,enhancement,0.49999999999999994,8089.880615234375,86644.0717163086,19.3057200793914,0.1358574666082859,
8,instruct,multitask_dual,enhancement,0.5499999999999999,6997.4527587890625,93641.52447509766,18.967292784099183,0.14253897964954376,
8,instruct,multitask_dual,enhancement,0.5999999999999999,8720.294921875,102361.81939697266,19.00516513126117,0.164810698479414,
8,instruct,multitask_dual,enhancement,0.6499999999999999,7273.101806640625,109634.92120361328,18.789189580739208,0.12360801920294762,
8,instruct,multitask_dual,enhancement,0.7,5741.08203125,115376.00323486328,18.36320280675844,0.172991082072258,
8,instruct,multitask_dual,enhancement,0.7499999999999998,9021.6953125,124397.69854736328,18.478564846607735,0.20824053697288036,
8,instruct,multitask_dual,enhancement,0.7999999999999998,8121.23388671875,132518.93243408203,18.45410561677789,0.16703786700963974,
8,instruct,multitask_dual,enhancement,0.8499999999999999,6408.52685546875,138927.45928955078,18.20805495275895,0.2505568005144596,
8,instruct,multitask_dual,enhancement,0.8999999999999999,5278.60595703125,144206.06524658203,17.84949439863622,0.21046771481633186,
8,instruct,multitask_dual,enhancement,0.9499999999999997,5340.88818359375,149546.95343017578,17.53599360109941,0.21937639266252518,
8,instruct,multitask_dual,enhancement,0.9999999999999998,4133.5286865234375,153680.48211669922,17.121265832965598,0.2075892984867096,
8,instruct,multitask_dual,enhancement,test,34783.47265625,153680.48211669922,11.621607970681591,0.2671232894062996,test
8,instruct,multitask_triple_instruct,enhancement,0.02,1321.5624389648438,1321.5624389648438,7.383030385278457,0.16201117308810353,
8,instruct,multitask_triple_instruct,enhancement,0.04,5644.4552001953125,6966.017639160156,19.40394885559932,0.24814814515411854,
8,instruct,multitask_triple_instruct,enhancement,0.06,5728.198425292969,12694.216064453125,23.59519714582365,0.14711358398199081,
8,instruct,multitask_triple_instruct,enhancement,0.08,7577.41015625,20271.626220703125,28.233462702929142,0.3166666825612386,
8,instruct,multitask_triple_instruct,enhancement,0.1,5787.3846435546875,26059.010864257812,29.051294163052187,0.283053994178772,
8,instruct,multitask_triple_instruct,enhancement,0.12000000000000001,5193.501892089844,31252.512756347656,29.018117693916114,0.3148148295780023,
8,instruct,multitask_triple_instruct,enhancement,0.13999999999999999,7962.031555175781,39214.54431152344,31.221770948665156,0.15828677515188852,
8,instruct,multitask_triple_instruct,enhancement,0.16,7677.2333984375,46891.77770996094,32.65444130220121,0.33888889104127884,
8,instruct,multitask_triple_instruct,enhancement,0.18,5183.981201171875,52075.75891113281,32.24505195735778,0.3556796908378601,
8,instruct,multitask_triple_instruct,enhancement,0.2,4348.544616699219,56424.30352783203,31.434152383193332,0.38518518954515457,
8,instruct,multitask_triple_instruct,enhancement,0.25,8402.4033203125,64826.70684814453,28.88890679507332,0.1759465535481771,
8,instruct,multitask_triple_instruct,enhancement,0.3,18756.808349609375,83583.5151977539,31.037324618549537,0.3600593941907088,
8,instruct,multitask_triple_instruct,enhancement,0.35,15535.00439453125,99118.51959228516,31.556357718015015,0.3355655012031396,
8,instruct,multitask_triple_instruct,enhancement,0.39999999999999997,14108.31787109375,113226.8374633789,31.539509042723928,0.35040832310914993,
8,instruct,multitask_triple_instruct,enhancement,0.44999999999999996,8057.951171875,121284.7886352539,30.028420063197302,0.3659985388318698,
8,instruct,multitask_triple_instruct,enhancement,0.49999999999999994,9051.948852539062,130336.73748779297,29.041162541843352,0.41202673812707263,
8,instruct,multitask_triple_instruct,enhancement,0.5499999999999999,10917.688720703125,141254.4262084961,28.611388739820963,0.18262806783119837,
8,instruct,multitask_triple_instruct,enhancement,0.5999999999999999,19438.854248046875,160693.28045654297,29.835365847854245,0.38307350873947144,
8,instruct,multitask_triple_instruct,enhancement,0.6499999999999999,11379.713256835938,172072.9937133789,29.489801836054653,0.3667409159243107,
8,instruct,multitask_triple_instruct,enhancement,0.7,11272.09619140625,183345.08990478516,29.18113797625102,0.3943452537059784,
8,instruct,multitask_triple_instruct,enhancement,0.7499999999999998,10396.123291015625,193741.21319580078,28.779146345187282,0.36674092213312787,
8,instruct,multitask_triple_instruct,enhancement,0.7999999999999998,9786.800537109375,203528.01373291016,28.342572585003502,0.21752042323350906,
8,instruct,multitask_triple_instruct,enhancement,0.8499999999999999,15768.093994140625,219296.10772705078,28.74129852254925,0.38752784083286923,
8,instruct,multitask_triple_instruct,enhancement,0.8999999999999999,11650.5849609375,230946.69268798828,28.586049348680316,0.3934669780234496,
8,instruct,multitask_triple_instruct,enhancement,0.9499999999999997,17676.95068359375,248623.64337158203,29.153804335316842,0.35857462137937546,
8,instruct,multitask_triple_instruct,enhancement,0.9999999999999998,9827.406005859375,258451.0493774414,28.793566107112458,0.3943452537059784,
8,instruct,multitask_triple_instruct,enhancement,test,56131.3359375,258451.0493774414,18.754205124457066,0.3554961582024892,test
16,base,attribute,all,0.02,1437.08984375,1437.08984375,2.8627287724103585,0.09760956466197968,
16,base,attribute,all,0.04,8198.24609375,9635.3359375,9.58739894278607,0.1868787258863449,
16,base,attribute,all,0.06,8737.59765625,18372.93359375,12.183642966677718,0.18290257453918457,
16,base,attribute,all,0.08,10470.4287109375,28843.3623046875,14.34279577557807,0.10337971895933151,
16,base,attribute,all,0.1,9134.12890625,37977.4912109375,15.106400640786594,0.21073557436466217,
16,base,attribute,all,0.12000000000000001,11999.955078125,49977.4462890625,16.570771316002155,0.11354582011699677,
16,base,attribute,all,0.13999999999999999,11448.5693359375,61426.015625,17.45553157857346,0.049701787531375885,
16,base,attribute,all,0.16,10696.9931640625,72123.0087890625,17.93212550697725,0.16500993072986603,
16,base,attribute,all,0.18,10137.916015625,82260.9248046875,18.179209901588397,0.09542743116617203,
16,base,attribute,all,0.2,8227.2001953125,90488.125,17.996842680986475,0.26043736934661865,
16,base,attribute,all,0.25,16654.37109375,107142.49609375,17.04733430290374,0.27366745471954346,
16,base,attribute,all,0.3,8243.20703125,115385.703125,15.299085537655793,0.3357199728488922,
16,base,attribute,all,0.35,15266.45703125,130652.16015625,14.84852371363223,0.2474144697189331,
16,base,attribute,all,0.39999999999999997,7652.8681640625,138305.0283203125,13.75348332540896,0.3882259428501129,
16,base,attribute,all,0.44999999999999996,13977.828125,152282.8564453125,13.460873017352824,0.35322195291519165,
16,base,attribute,all,0.49999999999999994,9647.4765625,161930.3330078125,12.88228583992144,0.256165474653244,
16,base,attribute,all,0.5499999999999999,9159.6083984375,171089.94140625,12.373612598991105,0.261734277009964,
16,base,attribute,all,0.5999999999999999,9476.5458984375,180566.4873046875,11.970729733803202,0.31742241978645325,
16,base,attribute,all,0.6499999999999999,8790.345703125,189356.8330078125,11.58783630180604,0.2704852819442749,
16,base,attribute,all,0.7,6806.40380859375,196163.23681640625,11.146905149244587,0.5497215390205383,
16,base,attribute,all,0.7499999999999998,6703.0556640625,202866.29248046875,10.7592836107382,0.26968973875045776,
16,base,attribute,all,0.7999999999999998,8992.9521484375,211859.24462890625,10.533971988310773,0.27128082513809204,
16,base,attribute,all,0.8499999999999999,5579.2431640625,217438.48779296875,10.17541708984832,0.5091487765312195,
16,base,attribute,all,0.8999999999999999,4925.142578125,222363.63037109375,9.827792379169706,0.4303898215293884,
16,base,attribute,all,0.9499999999999997,4194.03759765625,226557.66796875,9.486147802568773,0.4653937816619873,
16,base,attribute,all,0.9999999999999998,5509.9853515625,232067.6533203125,9.23101246301959,0.5529037117958069,
16,base,attribute,all,test,68236.5234375,232067.6533203125,8.141811649862785,0.3790717124938965,test
16,base_control,attribute,all,0.02,1445.69677734375,1445.69677734375,2.879874058453685,0.16334661841392517,
16,base_control,attribute,all,0.04,9875.302734375,11320.99951171875,11.264676131063434,0.10337971895933151,
16,base_control,attribute,all,0.06,13552.5546875,24873.55419921875,16.494399336351957,0.09542743116617203,
16,base_control,attribute,all,0.08,16292.6708984375,41166.22509765625,20.470524663180633,0.09542743116617203,
16,base_control,attribute,all,0.1,12757.369140625,53923.59423828125,21.449321494940833,0.049701787531375885,
16,base_control,attribute,all,0.12000000000000001,12433.7958984375,66357.39013671875,22.001787180609664,0.17729084193706512,
16,base_control,attribute,all,0.13999999999999999,11946.1337890625,78303.52392578125,22.251640785956592,0.025844929739832878,
16,base_control,attribute,all,0.16,12486.240234375,90789.76416015625,22.573287956279525,0.10536778718233109,
16,base_control,attribute,all,0.18,15323.439453125,106113.20361328125,23.450431737741713,0.09542743116617203,
16,base_control,attribute,all,0.2,10668.365234375,116781.56884765625,23.22624678752113,0.11530814319849014,
16,base_control,attribute,all,0.25,27805.908203125,144587.47705078125,23.005167390736872,0.0922832116484642,
16,base_control,attribute,all,0.3,42499.375,187086.85205078125,24.80600000673313,0.09069212526082993,
16,base_control,attribute,all,0.35,35994.203125,223081.05517578125,25.35300092917164,0.052505966275930405,
16,base_control,attribute,all,0.39999999999999997,17957.205078125,241038.26025390625,23.969596286187972,0.12092283368110657,
16,base_control,attribute,all,0.44999999999999996,28929.001953125,269967.26220703125,23.863454628041303,0.06841686367988586,
16,base_control,attribute,all,0.49999999999999994,29972.5859375,299939.84814453125,23.86156309821251,0.08830548822879791,
16,base_control,attribute,all,0.5499999999999999,28427.916015625,328367.76416015625,23.748301450795996,0.06523468345403671,
16,base_control,attribute,all,0.5999999999999999,40635.0625,369002.82666015625,24.463194554505186,0.10660301893949509,
16,base_control,attribute,all,0.6499999999999999,46553.5625,415556.38916015625,25.430291240447723,0.1678599864244461,
16,base_control,attribute,all,0.7,32552.85546875,448109.24462890625,25.46364613188466,0.0922832116484642,
16,base_control,attribute,all,0.7499999999999998,24380.041015625,472489.28564453125,25.059097621030563,0.1614956259727478,
16,base_control,attribute,all,0.7999999999999998,34568.69921875,507057.98486328125,25.211713646742307,0.0986475721001625,
16,base_control,attribute,all,0.8499999999999999,34187.46484375,541245.4497070312,25.32853431171469,0.036595068871974945,
16,base_control,attribute,all,0.8999999999999999,37207.66015625,578453.1098632812,25.56585829856277,0.16388225555419922,
16,base_control,attribute,all,0.9499999999999997,30071.14453125,608524.2543945312,25.479389289223768,0.0922832116484642,
16,base_control,attribute,all,0.9999999999999998,32270.263671875,640794.5180664062,25.48904208696922,0.09466984868049622,
16,base_control,attribute,all,test,260767.578125,640794.5180664062,31.114136514139123,0.0946187824010849,test
16,base,state,all,0.02,1931.4923095703125,1931.4923095703125,3.847594242171937,0.019920319318771362,
16,base,state,all,0.04,4219.42822265625,6150.9205322265625,6.120318937538868,0.04572564363479614,
16,base,state,all,0.06,2705.685302734375,8856.605834960938,5.873080792414415,0.04373757168650627,
16,base,state,all,0.08,4375.21044921875,13231.816284179688,6.5797196838287855,0.04373757168650627,
16,base,state,all,0.1,3413.498046875,16645.314331054688,6.62104786438134,0.06759443134069443,
16,base,state,all,0.12000000000000001,4677.22119140625,21322.535522460938,7.069806207712513,0.049800798296928406,
16,base,state,all,0.13999999999999999,2491.072509765625,23813.608032226562,6.767152040985099,0.061630215495824814,
16,base,state,all,0.16,3258.06396484375,27071.671997070312,6.730898059937919,0.09542743116617203,
16,base,state,all,0.18,4405.4091796875,31477.081176757812,6.956261033537638,0.05765407159924507,
16,base,state,all,0.2,2742.879638671875,34219.96081542969,6.805879239345602,0.11332007497549057,
16,base,state,all,0.25,6279.3505859375,40499.31140136719,6.443804518912838,0.12330946326255798,
16,base,state,all,0.3,14890.583984375,55389.89538574219,7.344191910069237,0.07796340435743332,
16,base,state,all,0.35,12293.369140625,67683.26452636719,7.692154168242663,0.06603022664785385,
16,base,state,all,0.39999999999999997,7552.73681640625,75236.00134277344,7.4817025997189175,0.09944311529397964,
16,base,state,all,0.44999999999999996,8662.64453125,83898.64587402344,7.416127099268403,0.09307875484228134,
16,base,state,all,0.49999999999999994,6875.4482421875,90774.09411621094,7.221487200971435,0.1344470977783203,
16,base,state,all,0.5499999999999999,10297.833984375,101071.92810058594,7.309751074028057,0.07159904390573502,
16,base,state,all,0.5999999999999999,8924.57421875,109996.50231933594,7.2922634791392165,0.08114558458328247,
16,base,state,all,0.6499999999999999,9721.9248046875,119718.42712402344,7.326260762745452,0.11694510281085968,
16,base,state,all,0.7,8598.818359375,128317.24548339844,7.291581173053667,0.13285601139068604,
16,base,state,all,0.7499999999999998,6823.119140625,135140.36462402344,7.167348959110233,0.09466984868049622,
16,base,state,all,0.7999999999999998,6324.02685546875,141464.3914794922,7.03383012527308,0.10739856958389282,
16,base,state,all,0.8499999999999999,5285.634765625,146750.0262451172,6.8674260023921185,0.17024661600589752,
16,base,state,all,0.8999999999999999,8004.75537109375,154754.78161621094,6.839688041024084,0.05330150946974754,
16,base,state,all,0.9499999999999997,11620.5244140625,166375.30603027344,6.96626495960614,0.12012728303670883,
16,base,state,all,0.9999999999999998,8703.2861328125,175078.59216308594,6.964144477449719,0.09069212526082993,
16,base,state,all,test,67225.4921875,175078.59216308594,8.021177924770313,0.11693115532398224,test
16,base_control,state,all,0.02,1885.9820556640625,1885.9820556640625,3.756936365864666,0.009960159659385681,
16,base_control,state,all,0.04,4536.9765625,6422.9586181640625,6.391003600163247,0.061630215495824814,
16,base_control,state,all,0.06,4226.19873046875,10649.157348632812,7.0617754301278595,0.08151093125343323,
16,base_control,state,all,0.08,3796.76611328125,14445.923461914062,7.1834527408821796,0.0417494997382164,
16,base_control,state,all,0.1,2856.59033203125,17302.513793945312,6.88246372074197,0.08151093125343323,
16,base_control,state,all,0.12000000000000001,3912.659423828125,21215.173217773438,7.034208626582704,0.029880478978157043,
16,base_control,state,all,0.13999999999999999,4262.533203125,25477.706420898438,7.240041608666791,0.04373757168650627,
16,base_control,state,all,0.16,4820.1259765625,30297.832397460938,7.533026453868955,0.07157057523727417,
16,base_control,state,all,0.18,4666.48779296875,34964.32019042969,7.726921589045235,0.033797215670347214,
16,base_control,state,all,0.2,3608.696533203125,38573.01672363281,7.671642148693877,0.08151093125343323,
16,base_control,state,all,0.25,14723.283203125,53296.29992675781,8.47992043385168,0.0461416058242321,
16,base_control,state,all,0.3,12381.552734375,65677.85266113281,8.708280649845241,0.036595068871974945,
16,base_control,state,all,0.35,9317.3173828125,74995.17004394531,8.52314695351123,0.04932378605008125,
16,base_control,state,all,0.39999999999999997,8780.0654296875,83775.23547363281,8.330870671602309,0.05409705638885498,
16,base_control,state,all,0.44999999999999996,11436.365234375,95211.60070800781,8.416123106868895,0.06762132048606873,
16,base_control,state,all,0.49999999999999994,17514.037109375,112725.63781738281,8.967831170833955,0.04932378605008125,
16,base_control,state,all,0.5499999999999999,14734.84375,127460.48156738281,9.218231110680756,0.041368335485458374,
16,base_control,state,all,0.5999999999999999,14370.9990234375,141831.4805908203,9.402776491038207,0.040572792291641235,
16,base_control,state,all,0.6499999999999999,9918.400390625,151749.8809814453,9.286450093717967,0.04693715274333954,
16,base_control,state,all,0.7,8923.552734375,160673.4337158203,9.130209894068662,0.041368335485458374,
16,base_control,state,all,0.7499999999999998,10440.548828125,171113.9825439453,9.075257626303118,0.04295942559838295,
16,base_control,state,all,0.7999999999999998,10442.58203125,181556.5645751953,9.027275486037952,0.03341288864612579,
16,base_control,state,all,0.8499999999999999,11218.849609375,192775.4141845703,9.02126511229212,0.036595068871974945,
16,base_control,state,all,0.8999999999999999,9647.224609375,202422.6387939453,8.946461539553846,0.03341288864612579,
16,base_control,state,all,0.9499999999999997,12920.583984375,215343.2227783203,9.016590159457367,0.026252983137965202,
16,base_control,state,all,0.9999999999999998,11229.876953125,226573.0997314453,9.012454245483108,0.03898170217871666,
16,base_control,state,all,test,79582.546875,226573.0997314453,9.495590845364514,0.04116453975439072,test
16,base,correctness_base,all,0.02,379.7886657714844,379.7886657714844,0.7565511270348294,0.35458168387413025,
16,base,correctness_base,all,0.04,358.3497009277344,738.1383666992188,0.7344660365166356,0.47514909505844116,
16,base,correctness_base,all,0.06,4738.4833984375,5476.621765136719,3.6317120458466303,0.34990057349205017,
16,base,correctness_base,all,0.08,7048.15234375,12524.774108886719,6.228132326646802,0.6858846545219421,
16,base,correctness_base,all,0.1,13619.29296875,26144.06707763672,10.399390245678886,0.6759443283081055,
16,base,correctness_base,all,0.12000000000000001,333.1689758300781,26477.236053466797,8.77892442091074,0.6274900436401367,
16,base,correctness_base,all,0.13999999999999999,7475.00732421875,33952.24337768555,9.648264671124053,0.6441351771354675,
16,base,correctness_base,all,0.16,16643.798828125,50596.04220581055,12.579821533021022,0.6381709575653076,
16,base,correctness_base,all,0.18,10876.556640625,61472.59884643555,13.58510471744432,0.6898608207702637,
16,base,correctness_base,all,0.2,5847.20703125,67319.80587768555,13.38898287145695,0.6540755033493042,
16,base,correctness_base,all,0.25,32477.544921875,99797.35079956055,15.878655656254661,0.6634844541549683,
16,base,correctness_base,all,0.3,19598.619140625,119395.96994018555,15.830810122008161,0.3579952120780945,
16,base,correctness_base,all,0.35,16477.654296875,135873.62423706055,15.441939338227133,0.6674622297286987,
16,base,correctness_base,all,0.39999999999999997,36062.86328125,171936.48751831055,17.09790050898076,0.6324582099914551,
16,base,correctness_base,all,0.44999999999999996,34741.86328125,206678.35079956055,18.269101988823525,0.33412888646125793,
16,base,correctness_base,all,0.49999999999999994,13076.4375,219754.78829956055,17.482481169416115,0.3285600543022156,
16,base,correctness_base,all,0.5499999999999999,12309.390625,232064.17892456055,16.78340774749118,0.6658711433410645,
16,base,correctness_base,all,0.5999999999999999,24663.87109375,256728.05001831055,17.019891939691764,0.6841686367988586,
16,base,correctness_base,all,0.6499999999999999,34055.51171875,290783.56173706055,17.794722583505326,0.6515513062477112,
16,base,correctness_base,all,0.7,18876.275390625,309659.83712768555,17.596308508221703,0.35958629846572876,
16,base,correctness_base,all,0.7499999999999998,8353.42578125,318013.26290893555,16.866256319752615,0.6571201086044312,
16,base,correctness_base,all,0.7999999999999998,31333.1640625,349346.42697143555,17.37004907375873,0.6634844541549683,
16,base,correctness_base,all,0.8499999999999999,26214.890625,375561.31759643555,17.575053469813074,0.3206046223640442,
16,base,correctness_base,all,0.8999999999999999,1921.6456298828125,377482.96322631836,16.683592470004346,0.6634844541549683,
16,base,correctness_base,all,0.9499999999999997,25297.685546875,402780.64877319336,16.86474265264805,0.6754176616668701,
16,base,correctness_base,all,0.9999999999999998,26970.619140625,429751.26791381836,17.094322510493967,0.3293555974960327,
16,base,correctness_base,all,test,62618.0,429751.26791381836,7.471423457821262,0.6663882732391357,test
16,base_control,correctness_base,all,0.02,454.6565856933594,454.6565856933594,0.9056904097477279,0.3306773006916046,
16,base_control,correctness_base,all,0.04,11233.5400390625,11688.19662475586,11.6300463927919,0.33001986145973206,
16,base_control,correctness_base,all,0.06,6768.515625,18456.71224975586,12.23919910461264,0.6461232304573059,
16,base_control,correctness_base,all,0.08,4700.61328125,23157.32553100586,11.515328458978548,0.6759443283081055,
16,base_control,correctness_base,all,0.1,15180.5,38337.82553100586,15.249731714799466,0.6540755033493042,
16,base_control,correctness_base,all,0.12000000000000001,8554.0107421875,46891.83627319336,15.547691072013713,0.34860557317733765,
16,base_control,correctness_base,all,0.13999999999999999,3587.1259765625,50478.96224975586,14.344689471371373,0.7017892599105835,
16,base_control,correctness_base,all,0.16,13637.8369140625,64116.79916381836,15.941521423127389,0.697813093662262,
16,base_control,correctness_base,all,0.18,1047.636474609375,65164.435638427734,14.40098025158624,0.6779323816299438,
16,base_control,correctness_base,all,0.2,15206.9248046875,80371.36044311523,15.984757446920293,0.6679919958114624,
16,base_control,correctness_base,all,0.25,7154.61083984375,87525.97128295898,13.926168859659345,0.33810660243034363,
16,base_control,correctness_base,all,0.3,15823.7412109375,103349.71249389648,13.703223613616611,0.6515513062477112,
16,base_control,correctness_base,all,0.35,44537.45703125,147887.16952514648,16.807270090367822,0.6459825038909912,
16,base_control,correctness_base,all,0.39999999999999997,22001.38671875,169888.55624389648,16.89424783650522,0.650755763053894,
16,base_control,correctness_base,all,0.44999999999999996,26494.669921875,196383.22616577148,17.359075944998807,0.3587907552719116,
16,base_control,correctness_base,all,0.49999999999999994,6113.27734375,202496.50350952148,16.109507041330268,0.6809864640235901,
16,base_control,correctness_base,all,0.5499999999999999,25364.0703125,227860.57382202148,16.47939349258852,0.6778042912483215,
16,base_control,correctness_base,all,0.5999999999999999,30624.734375,258485.30819702148,17.13639009526793,0.3452664911746979,
16,base_control,correctness_base,all,0.6499999999999999,15399.8193359375,273885.127532959,16.76060997080711,0.6642799973487854,
16,base_control,correctness_base,all,0.7,27580.029296875,301465.156829834,17.130648757235708,0.6698488593101501,
16,base_control,correctness_base,all,0.7499999999999998,36598.18359375,338063.340423584,17.929638845058818,0.35958629846572876,
16,base_control,correctness_base,all,0.7999999999999998,1117.0677490234375,339180.4081726074,16.86457876753219,0.6316626667976379,
16,base_control,correctness_base,all,0.8499999999999999,32015.515625,371195.9237976074,17.370767176639404,0.6674622297286987,
16,base_control,correctness_base,all,0.8999999999999999,25744.994140625,396940.9179382324,17.543574557510492,0.31105807423591614,
16,base_control,correctness_base,all,0.9499999999999997,17924.232421875,414865.1503601074,17.370730241598938,0.6650755405426025,
16,base_control,correctness_base,all,0.9999999999999998,38677.23828125,453542.3886413574,18.040667805941027,0.6579156517982483,
16,base_control,correctness_base,all,test,8368.4482421875,453542.3886413574,0.9985023555885336,0.4420713484287262,test
16,base,multitask_dual,all,0.02,3300.0584716796875,3300.0584716796875,6.573821656732445,0.05876494199037552,
16,base,multitask_dual,all,0.04,14802.199462890625,18102.257934570312,18.012196949821206,0.06063617952167988,
16,base,multitask_dual,all,0.06,12077.982421875,30180.240356445312,20.0134219870327,0.07554671727120876,
16,base,multitask_dual,all,0.08,13973.81494140625,44154.05529785156,21.95626817396895,0.10536778904497623,
16,base,multitask_dual,all,0.1,17014.1982421875,61168.25354003906,24.331047549737097,0.06361828930675983,
16,base,multitask_dual,all,0.12000000000000001,15224.461181640625,76392.71472167969,25.329149443527747,0.08864542096853256,
16,base,multitask_dual,all,0.13999999999999999,12276.058349609375,88668.77307128906,25.197150631227355,0.06858846545219421,
16,base,multitask_dual,all,0.16,14108.00927734375,102776.78234863281,25.553650509356743,0.10735585913062096,
16,base,multitask_dual,all,0.18,15041.09912109375,117817.88146972656,26.03710087728764,0.0695825032889843,
16,base,multitask_dual,all,0.2,9149.130859375,126967.01232910156,25.25199131445934,0.16600396484136581,
16,base,multitask_dual,all,0.25,19829.1484375,146796.16076660156,23.356588825234933,0.16109784692525864,
16,base,multitask_dual,all,0.3,23225.3271484375,170021.48791503906,22.543289301914488,0.24423229694366455,
16,base,multitask_dual,all,0.35,17510.59033203125,187532.0782470703,21.31288535595753,0.16229116916656494,
16,base,multitask_dual,all,0.39999999999999997,19151.337890625,206683.4161376953,20.553243450447027,0.2836117669939995,
16,base,multitask_dual,all,0.44999999999999996,23375.537109375,230058.9532470703,20.33580422938834,0.12211615033447742,
16,base,multitask_dual,all,0.49999999999999994,21356.2294921875,251415.1827392578,20.001207855151776,0.21758154407143593,
16,base,multitask_dual,all,0.5499999999999999,24918.9580078125,276334.1407470703,19.98511179193392,0.21241050586104393,
16,base,multitask_dual,all,0.5999999999999999,15719.65625,292053.7969970703,19.36182690248411,0.1845664232969284,
16,base,multitask_dual,all,0.6499999999999999,22859.3291015625,314913.1260986328,19.27134973983433,0.2187748569995165,
16,base,multitask_dual,all,0.7,15087.56494140625,330000.69104003906,18.7521701920695,0.2669053301215172,
16,base,multitask_dual,all,0.7499999999999998,13973.27490234375,343973.9659423828,18.243116729906276,0.2931583244353533,
16,base,multitask_dual,all,0.7999999999999998,18724.3291015625,362698.2950439453,18.033924773465856,0.36873508244752884,
16,base,multitask_dual,all,0.8499999999999999,14651.84130859375,377350.13635253906,17.65876439480271,0.2641209252178669,
16,base,multitask_dual,all,0.8999999999999999,13170.326171875,390520.46252441406,17.259810064722622,0.18933970108628273,
16,base,multitask_dual,all,0.9499999999999997,12736.354736328125,403256.8172607422,16.88468020184827,0.3241845667362213,
16,base,multitask_dual,all,0.9999999999999998,14190.33740234375,417447.15466308594,16.604898753503814,0.23508353158831596,
16,base,multitask_dual,all,test,82503.9921875,417447.15466308594,9.84417040776757,0.29447560012340546,test
16,base_control,multitask_dual,all,0.02,3330.2862548828125,3330.2862548828125,6.6340363643083915,0.01593625545501709,
16,base_control,multitask_dual,all,0.04,12553.61865234375,15883.904907226562,15.804880504703048,0.056660035625100136,
16,base_control,multitask_dual,all,0.06,10803.7158203125,26687.620727539062,17.69736122515853,0.07057653926312923,
16,base_control,multitask_dual,all,0.08,19638.55078125,46326.17150878906,23.036385633410774,0.06560635939240456,
16,base_control,multitask_dual,all,0.1,17249.91015625,63576.08166503906,25.288815300333756,0.08846918027848005,
16,base_control,multitask_dual,all,0.12000000000000001,17519.6865234375,81095.76818847656,26.888517303871538,0.07270916551351547,
16,base_control,multitask_dual,all,0.13999999999999999,21731.0703125,102826.83850097656,29.220471298941906,0.03876739460974932,
16,base_control,multitask_dual,all,0.16,19713.662109375,122540.50061035156,30.46755360774529,0.09145128726959229,
16,base_control,multitask_dual,all,0.18,15738.89501953125,138279.3956298828,30.55898245964261,0.08548707142472267,
16,base_control,multitask_dual,all,0.2,15011.8134765625,153291.2091064453,30.487511755458495,0.0626242533326149,
16,base_control,multitask_dual,all,0.25,37390.599609375,190681.8087158203,30.33918993091811,0.07716786116361618,
16,base_control,multitask_dual,all,0.3,35361.90869140625,226043.71740722656,29.97132291265269,0.1006364356726408,
16,base_control,multitask_dual,all,0.35,37144.25341796875,263187.9708251953,29.911122948652725,0.06841686740517616,
16,base_control,multitask_dual,all,0.39999999999999997,36448.255859375,299636.2266845703,29.796760807932607,0.05529037304222584,
16,base_control,multitask_dual,all,0.44999999999999996,42861.439453125,342497.6661376953,30.27469867742379,0.08949880674481392,
16,base_control,multitask_dual,all,0.49999999999999994,58362.3232421875,400859.9893798828,31.89021395225798,0.0807478129863739,
16,base_control,multitask_dual,all,0.5499999999999999,52823.8017578125,453683.7911376953,32.81144074185979,0.056881463155150414,
16,base_control,multitask_dual,all,0.5999999999999999,40301.2802734375,493985.0714111328,32.74894400763278,0.10620525293052197,
16,base_control,multitask_dual,all,0.6499999999999999,36445.220703125,530430.2921142578,32.46008763932794,0.12768496572971344,
16,base_control,multitask_dual,all,0.7,35204.591796875,565634.8839111328,32.1419981765617,0.12211614847183228,
16,base_control,multitask_dual,all,0.7499999999999998,37246.48046875,602881.3643798828,31.974614923356288,0.07517899572849274,
16,base_control,multitask_dual,all,0.7999999999999998,38660.7607421875,641542.1251220703,31.89847479723898,0.052108192816376686,
16,base_control,multitask_dual,all,0.8499999999999999,43543.4462890625,685085.5714111328,32.05978620483564,0.08870326355099678,
16,base_control,multitask_dual,all,0.8999999999999999,34638.7705078125,719724.3419189453,31.80961468748101,0.07040572911500931,
16,base_control,multitask_dual,all,0.9499999999999997,33814.466796875,753538.8087158203,31.55126276915883,0.07517899759113789,
16,base_control,multitask_dual,all,0.9999999999999998,39427.150390625,792965.9591064453,31.54200314663665,0.06642800197005272,
16,base_control,multitask_dual,all,test,292790.0546875,792965.9591064453,34.93497848556258,0.04426679573953152,test
16,base,multitask_triple_base,all,0.02,3729.242462158203,3729.242462158203,7.428769844936659,0.25564410785833996,
16,base,multitask_triple_base,all,0.04,29988.491943359375,33717.73440551758,33.549984483102065,0.28098076830307644,
16,base,multitask_triple_base,all,0.06,18967.15185546875,52684.88626098633,34.93692722877078,0.18290257453918457,
16,base,multitask_triple_base,all,0.08,26936.542724609375,79621.4289855957,39.592953249923276,0.26043736189603806,
16,base,multitask_triple_base,all,0.1,28983.88623046875,108605.31521606445,43.20020493876868,0.21073557684818903,
16,base,multitask_triple_base,all,0.12000000000000001,19363.783447265625,127969.09866333008,42.430072501104135,0.17795485258102417,
16,base,multitask_triple_base,all,0.13999999999999999,18903.7373046875,146872.83596801758,41.737094620067516,0.2982107276717822,
16,base,multitask_triple_base,all,0.16,27032.283935546875,173905.11990356445,43.238468399692806,0.3432736818989118,
16,base,multitask_triple_base,all,0.18,16377.812744140625,190282.93264770508,42.051476828222114,0.16898607462644577,
16,base,multitask_triple_base,all,0.2,18666.4208984375,208949.35354614258,41.55715066550171,0.3273690988620122,
16,base,multitask_triple_base,all,0.25,50397.17822265625,259346.53176879883,41.26436464101811,0.34447095294793445,
16,base,multitask_triple_base,all,0.3,48160.1923828125,307506.7241516113,40.77257016064855,0.2484751989444097,
16,base,multitask_triple_base,all,0.35,23173.421630859375,330680.1457824707,37.58155992527227,0.31927870959043503,
16,base,multitask_triple_base,all,0.39999999999999997,39743.482421875,370423.6282043457,36.83608076813302,0.339697686334451,
16,base,multitask_triple_base,all,0.44999999999999996,47438.8779296875,417862.5061340332,36.93648953717256,0.3349244271715482,
16,base,multitask_triple_base,all,0.49999999999999994,41383.22265625,459245.7287902832,36.535061956267555,0.19702996189395586,
16,base,multitask_triple_base,all,0.5499999999999999,24530.05859375,483775.7873840332,34.98776215983462,0.35110050936539966,
16,base,multitask_triple_base,all,0.5999999999999999,48888.439453125,532664.2268371582,35.3131945662396,0.42429062351584435,
16,base,multitask_triple_base,all,0.6499999999999999,42678.569091796875,575342.7959289551,35.20854267969862,0.28639618307352066,
16,base,multitask_triple_base,all,0.7,19423.2578125,594766.0537414551,33.7973663905816,0.4219040125608444,
16,base,multitask_triple_base,all,0.7499999999999998,35980.6201171875,630746.6738586426,33.45248866924649,0.39697691798210144,
16,base,multitask_triple_base,all,0.7999999999999998,19894.44140625,650641.1152648926,32.35089077490516,0.46433305243651074,
16,base,multitask_triple_base,all,0.8499999999999999,39896.8818359375,690537.9971008301,32.31494207032758,0.38292230168978375,
16,base,multitask_triple_base,all,0.8999999999999999,43103.322265625,733641.3193664551,32.42470252658247,0.4131530001759529,
16,base,multitask_triple_base,all,0.9499999999999997,38243.08056640625,771884.3999328613,32.319407106848445,0.38928665965795517,
16,base,multitask_triple_base,all,0.9999999999999998,24932.536865234375,796816.9367980957,31.695184439065063,0.28533544888099033,
16,base,multitask_triple_base,all,test,182385.14453125,796816.9367980957,21.76174018986398,0.3700831284125646,test
16,base_control,multitask_triple_base,all,0.02,4211.9244384765625,4211.9244384765625,8.39028772604893,0.1520584374666214,
16,base_control,multitask_triple_base,all,0.04,19352.594482421875,23564.518920898438,23.447282508356654,0.2783300143977006,
16,base_control,multitask_triple_base,all,0.06,31650.7470703125,55215.26599121094,36.614897872155794,0.26110005378723145,
16,base_control,multitask_triple_base,all,0.08,24230.640380859375,79445.90637207031,39.50567199008966,0.1537441909313202,
16,base_control,multitask_triple_base,all,0.1,22036.507080078125,101482.41345214844,40.36691068104552,0.27435385808348656,
16,base_control,multitask_triple_base,all,0.12000000000000001,28912.024658203125,130394.43811035156,43.23423014268951,0.28154050807158154,
16,base_control,multitask_triple_base,all,0.13999999999999999,22293.58349609375,152688.0216064453,43.389605457927054,0.2836315408349037,
16,base_control,multitask_triple_base,all,0.16,29833.05615234375,182521.07775878906,45.38067572321956,0.1464546024799347,
16,base_control,multitask_triple_base,all,0.18,21153.891845703125,203674.9696044922,45.01104300651761,0.26308812759816647,
16,base_control,multitask_triple_base,all,0.2,30705.6748046875,234380.6444091797,46.61508440914473,0.26242542763551074,
16,base_control,multitask_triple_base,all,0.25,55321.6162109375,289702.2606201172,46.094233988881015,0.29037389655907947,
16,base_control,multitask_triple_base,all,0.3,72715.986328125,362418.2469482422,48.0533342546065,0.28613099828362465,
16,base_control,multitask_triple_base,all,0.35,60873.0390625,423291.2860107422,48.10674917726357,0.16732961932818094,
16,base_control,multitask_triple_base,all,0.39999999999999997,55571.6298828125,478862.9158935547,47.619621707791836,0.26279501244425774,
16,base_control,multitask_triple_base,all,0.44999999999999996,79080.0908203125,557943.0067138672,49.31874893607948,0.27950146049261093,
16,base_control,multitask_triple_base,all,0.49999999999999994,61986.1220703125,619929.1287841797,49.31814867018136,0.15141871447364488,
16,base_control,multitask_triple_base,all,0.5499999999999999,60937.8642578125,680866.9930419922,49.24184516106113,0.2606735589603583,
16,base_control,multitask_triple_base,all,0.5999999999999999,81264.5361328125,762131.5291748047,50.52582399726894,0.2916998105744521,
16,base_control,multitask_triple_base,all,0.6499999999999999,61860.34375,823991.8729248047,50.42481322592281,0.18483161181211472,
16,base_control,multitask_triple_base,all,0.7,49259.0458984375,873250.9188232422,49.622168361361645,0.26597719887892407,
16,base_control,multitask_triple_base,all,0.7499999999999998,84088.033203125,957338.9520263672,50.77374447236103,0.26915938158830005,
16,base_control,multitask_triple_base,all,0.7999999999999998,57432.9482421875,1014771.9002685547,50.45604118280403,0.16759480039278665,
16,base_control,multitask_triple_base,all,0.8499999999999999,70082.7177734375,1084854.6180419922,50.76768300070159,0.25961284215251607,
16,base_control,multitask_triple_base,all,0.8999999999999999,78517.75,1163372.3680419922,51.41750057641617,0.26730309302608174,
16,base_control,multitask_triple_base,all,0.9499999999999997,81209.9755859375,1244582.3436279297,52.11164190545282,0.16971625884373984,
16,base_control,multitask_triple_base,all,0.9999999999999998,52343.2060546875,1296925.5496826172,51.58812846788454,0.15539644410212836,
16,base_control,multitask_triple_base,all,test,295094.15234375,1296925.5496826172,35.209897666597065,0.2899017681678136,test
16,instruct,attribute,all,0.02,1540.2955322265625,1540.2955322265625,3.068317793280005,0.0019920319318771362,
16,instruct,attribute,all,0.04,9479.1396484375,11019.435180664062,10.964612120063745,0.10139164328575134,
16,instruct,attribute,all,0.06,10589.8125,21609.247680664062,14.329739841289166,0.10337971895933151,
16,instruct,attribute,all,0.08,13513.7685546875,35123.01623535156,17.465448152835187,0.05765407159924507,
16,instruct,attribute,all,0.1,9518.583984375,44641.60021972656,17.7571997691832,0.19085486233234406,
16,instruct,attribute,all,0.12000000000000001,9064.27734375,53705.87756347656,17.80698858205456,0.2808765172958374,
16,instruct,attribute,all,0.13999999999999999,8005.05615234375,61710.93371582031,17.536497219613615,0.1729622185230255,
16,instruct,attribute,all,0.16,10716.3359375,72427.26965332031,18.007774652740007,0.069582499563694,
16,instruct,attribute,all,0.18,7066.08740234375,79493.35705566406,17.56759271948377,0.1669979989528656,
16,instruct,attribute,all,0.2,7726.810546875,87220.16760253906,17.346890931292574,0.13518886268138885,
16,instruct,attribute,all,0.25,21316.91015625,108537.07775878906,17.269224782623557,0.14558471739292145,
16,instruct,attribute,all,0.3,14863.7509765625,123400.82873535156,16.361817652526064,0.3818615674972534,
16,instruct,attribute,all,0.35,13231.548828125,136632.37756347656,15.528171106202587,0.29912489652633667,
16,instruct,attribute,all,0.39999999999999997,11861.115234375,148493.49279785156,14.766656006150713,0.37629276514053345,
16,instruct,attribute,all,0.44999999999999996,11600.14453125,160093.63732910156,14.15129827005229,0.21081940829753876,
16,instruct,attribute,all,0.49999999999999994,8858.9306640625,168952.56799316406,13.440936196751318,0.28798726201057434,
16,instruct,attribute,all,0.5499999999999999,8635.3017578125,177587.86975097656,12.843557514354275,0.4375497102737427,
16,instruct,attribute,all,0.5999999999999999,6332.9384765625,183920.80822753906,12.193105822562918,0.28241845965385437,
16,instruct,attribute,all,0.6499999999999999,9033.5048828125,192954.31311035156,11.80798684966352,0.25855210423469543,
16,instruct,attribute,all,0.7,13359.173828125,206313.48693847656,11.723689449850925,0.25457438826560974,
16,instruct,attribute,all,0.7499999999999998,5486.94970703125,211800.4366455078,11.233117827924042,0.45346060395240784,
16,instruct,attribute,all,0.7999999999999998,5803.107421875,217603.5440673828,10.81958751329469,0.49323785305023193,
16,instruct,attribute,all,0.8499999999999999,7718.16357421875,225321.70764160156,10.544326250250435,0.46618932485580444,
16,instruct,attribute,all,0.8999999999999999,7785.2900390625,233106.99768066406,10.302616356433486,0.4860779643058777,
16,instruct,attribute,all,0.9499999999999997,4735.154296875,237842.15197753906,9.958638026108071,0.463802695274353,
16,instruct,attribute,all,0.9999999999999998,5958.11572265625,243800.2677001953,9.697703568026862,0.5194908380508423,
16,instruct,attribute,all,test,51642.12890625,243800.2677001953,6.161809916030307,0.43598616123199463,test
16,instruct_control,attribute,all,0.02,1489.65283203125,1489.65283203125,2.967435920380976,0.007968127727508545,
16,instruct_control,attribute,all,0.04,11310.5380859375,12800.19091796875,12.736508376088308,0.10934393107891083,
16,instruct_control,attribute,all,0.06,13498.5888671875,26298.77978515625,17.4395091413503,0.09542743116617203,
16,instruct_control,attribute,all,0.08,12841.326171875,39140.10595703125,19.463006443078694,0.03180914372205734,
16,instruct_control,attribute,all,0.1,12206.666015625,51346.77197265625,20.424332526911794,0.07753478735685349,
16,instruct_control,attribute,all,0.12000000000000001,14718.068359375,66064.84033203125,21.904787908498424,0.17729084193706512,
16,instruct_control,attribute,all,0.13999999999999999,13584.81640625,79649.65673828125,22.63417355449879,0.16302186250686646,
16,instruct_control,attribute,all,0.16,8203.3056640625,87852.96240234375,21.843103531164534,0.08747514337301254,
16,instruct_control,attribute,all,0.18,14709.9921875,102562.95458984375,22.665846318197513,0.0974154993891716,
16,instruct_control,attribute,all,0.2,12868.9931640625,115431.94775390625,22.957825726711665,0.03976143151521683,
16,instruct_control,attribute,all,0.25,21982.30859375,137414.25634765625,21.86384349206941,0.10739856958389282,
16,instruct_control,attribute,all,0.3,34004.4375,171418.69384765625,22.728545988816794,0.10739856958389282,
16,instruct_control,attribute,all,0.35,37454.1328125,208872.82666015625,23.738246012064582,0.08671440184116364,
16,instruct_control,attribute,all,0.39999999999999997,44487.8359375,253360.66259765625,25.19497440310822,0.09466984868049622,
16,instruct_control,attribute,all,0.44999999999999996,19182.53515625,272543.19775390625,24.09115157375641,0.11137629300355911,
16,instruct_control,attribute,all,0.49999999999999994,25333.52734375,297876.72509765625,23.69743238644839,0.05887032672762871,
16,instruct_control,attribute,all,0.5499999999999999,36054.2890625,333931.01416015625,24.15064830839345,0.0755767673254013,
16,instruct_control,attribute,all,0.5999999999999999,32500.369140625,366431.38330078125,24.29271965664156,0.10739856958389282,
16,instruct_control,attribute,all,0.6499999999999999,26790.984375,393222.36767578125,24.06354370453346,0.13683372735977173,
16,instruct_control,attribute,all,0.7,30290.59765625,423512.96533203125,24.065971436074058,0.05489259958267212,
16,instruct_control,attribute,all,0.7499999999999998,36158.71484375,459671.68017578125,24.3792988690417,0.04534606263041496,
16,instruct_control,attribute,all,0.7999999999999998,34974.33203125,494646.01220703125,24.59457101268055,0.10819411277770996,
16,instruct_control,attribute,all,0.8499999999999999,36744.7890625,531390.8012695312,24.86736867750158,0.06125696003437042,
16,instruct_control,attribute,all,0.8999999999999999,34774.6484375,566165.4497070312,25.022781300584782,0.07796340435743332,
16,instruct_control,attribute,all,0.9499999999999997,42783.40625,608948.8559570312,25.497167690701808,0.17342880368232727,
16,instruct_control,attribute,all,0.9999999999999998,27744.083984375,636692.9399414062,25.325892599101284,0.16388225555419922,
16,instruct_control,attribute,all,test,208349.328125,636692.9399414062,24.859721766495646,0.10523804277181625,test
16,instruct,state,all,0.02,1920.6864013671875,1920.6864013671875,3.826068528619895,0.03187251091003418,
16,instruct,state,all,0.04,3524.329345703125,5445.0157470703125,5.417926116487873,0.04572564363479614,
16,instruct,state,all,0.06,2402.55908203125,7847.5748291015625,5.203962088263635,0.07753478735685349,
16,instruct,state,all,0.08,2998.412353515625,10845.987182617188,5.393330274797209,0.05964214354753494,
16,instruct,state,all,0.1,4730.80078125,15576.787963867188,6.196017487616224,0.05765407159924507,
16,instruct,state,all,0.12000000000000001,3320.942626953125,18897.730590820312,6.265825792712305,0.05179283022880554,
16,instruct,state,all,0.13999999999999999,3925.699462890625,22823.430053710938,6.48577154126483,0.0834989994764328,
16,instruct,state,all,0.16,4518.4755859375,27341.905639648438,6.798086931787279,0.09145128726959229,
16,instruct,state,all,0.18,3405.7529296875,30747.658569335938,6.795062667256561,0.05367793142795563,
16,instruct,state,all,0.2,3526.889892578125,34274.54846191406,6.816735970945517,0.09343936294317245,
16,instruct,state,all,0.25,8250.685546875,42525.23400878906,6.766147018104863,0.08910103142261505,
16,instruct,state,all,0.3,8638.9462890625,51164.18029785156,6.783900861555497,0.07159904390573502,
16,instruct,state,all,0.35,7359.48681640625,58523.66711425781,6.651172532589818,0.10103420913219452,
16,instruct,state,all,0.39999999999999997,6134.57568359375,64658.24279785156,6.429817302888978,0.10342083871364594,
16,instruct,state,all,0.44999999999999996,7710.37451171875,72368.61730957031,6.3969431017033775,0.15354017913341522,
16,instruct,state,all,0.49999999999999994,8102.154296875,80470.77160644531,6.4018115836472,0.037390612065792084,
16,instruct,state,all,0.5499999999999999,11213.2802734375,91684.05187988281,6.630798573796399,0.08194112777709961,
16,instruct,state,all,0.5999999999999999,7386.08349609375,99070.13537597656,6.567895477060233,0.0922832116484642,
16,instruct,state,all,0.6499999999999999,8319.6064453125,107389.74182128906,6.57179743108066,0.15831343829631805,
16,instruct,state,all,0.7,9367.9765625,116757.71838378906,6.634715216717187,0.12012728303670883,
16,instruct,state,all,0.7499999999999998,8624.837890625,125382.55627441406,6.649830616516259,0.1026252955198288,
16,instruct,state,all,0.7999999999999998,10139.55859375,135522.11486816406,6.738370866555492,0.11853619664907455,
16,instruct,state,all,0.8499999999999999,7327.71630859375,142849.8311767578,6.684909503334635,0.13683372735977173,
16,instruct,state,all,0.8999999999999999,8317.25390625,151167.0850830078,6.681122826969319,0.1487669050693512,
16,instruct,state,all,0.9499999999999997,7879.67041015625,159046.75549316406,6.659412782864969,0.1296738237142563,
16,instruct,state,all,0.9999999999999998,8029.8251953125,167076.58068847656,6.645846487210683,0.15592680871486664,
16,instruct,state,all,test,38570.67578125,167076.58068847656,4.602156757099391,0.16072067618370056,test
16,instruct_control,state,all,0.02,1886.5782470703125,1886.5782470703125,3.758123998148033,0.0219123512506485,
16,instruct_control,state,all,0.04,3930.019775390625,5816.5980224609375,5.787659723841728,0.061630215495824814,
16,instruct_control,state,all,0.06,3378.744384765625,9195.342407226562,6.097707166595864,0.051689859479665756,
16,instruct_control,state,all,0.08,4663.51806640625,13858.860473632812,6.891526839200802,0.06759443134069443,
16,instruct_control,state,all,0.1,4299.7958984375,18158.656372070312,7.223013672263449,0.037773359566926956,
16,instruct_control,state,all,0.12000000000000001,5567.04345703125,23725.699829101562,7.866611349171605,0.04780876636505127,
16,instruct_control,state,all,0.13999999999999999,5118.18798828125,28843.887817382812,8.19661489553362,0.037773359566926956,
16,instruct_control,state,all,0.16,4166.14453125,33010.03234863281,8.20736756554769,0.0278329998254776,
16,instruct_control,state,all,0.18,4514.16943359375,37524.20178222656,8.292641277840124,0.0278329998254776,
16,instruct_control,state,all,0.2,3595.7080078125,41119.90979003906,8.178184126897188,0.033797215670347214,
16,instruct_control,state,all,0.25,8455.8681640625,49575.77795410156,7.887951941782269,0.027844073250889778,
16,instruct_control,state,all,0.3,15619.6953125,65195.47326660156,8.644321568098855,0.0461416058242321,
16,instruct_control,state,all,0.35,13008.326171875,78203.79943847656,8.887805368618771,0.040572792291641235,
16,instruct_control,state,all,0.39999999999999997,7153.427734375,85357.22717285156,8.488188859670998,0.0962609350681305,
16,instruct_control,state,all,0.44999999999999996,10226.1474609375,95583.37463378906,8.448985647820123,0.040572792291641235,
16,instruct_control,state,all,0.49999999999999994,11711.44140625,107294.81604003906,8.53578488783127,0.03500397875905037,
16,instruct_control,state,all,0.5499999999999999,7628.23388671875,114923.04992675781,8.311495619205743,0.04295942559838295,
16,instruct_control,state,all,0.5999999999999999,10205.5048828125,125128.55480957031,8.295449138794107,0.014319809153676033,
16,instruct_control,state,all,0.6499999999999999,6885.1298828125,132013.6846923828,8.078678458624491,0.0397772453725338,
16,instruct_control,state,all,0.7,9615.01953125,141628.7042236328,8.048000012707854,0.03182179853320122,
16,instruct_control,state,all,0.7499999999999998,11440.5966796875,153069.3009033203,8.118233938123591,0.044550515711307526,
16,instruct_control,state,all,0.7999999999999998,7692.43359375,160761.7344970703,7.9933241098384205,0.05091487616300583,
16,instruct_control,state,all,0.8499999999999999,9292.7734375,170054.5079345703,7.958000277718672,0.04216388240456581,
16,instruct_control,state,all,0.8999999999999999,13742.734375,183797.2423095703,8.123275979385234,0.06682577729225159,
16,instruct_control,state,all,0.9499999999999997,11474.09375,195271.3360595703,8.176164470944618,0.0461416058242321,
16,instruct_control,state,all,0.9999999999999998,11286.701171875,206558.0372314453,8.216310152404349,0.03182179853320122,
16,instruct_control,state,all,test,66824.3359375,206558.0372314453,7.973312962355328,0.04283498600125313,test
16,instruct,correctness_instruct,all,0.02,659.4109497070312,659.4109497070312,1.3135676288984686,0.350597620010376,
16,instruct,correctness_instruct,all,0.04,1958.6243896484375,2618.0353393554688,2.6050102879158894,0.6222663521766663,
16,instruct,correctness_instruct,all,0.06,4079.19384765625,6697.229187011719,4.441133413137744,0.6222663521766663,
16,instruct,correctness_instruct,all,0.08,14176.9560546875,20874.18524169922,10.380002606513784,0.6481112837791443,
16,instruct,correctness_instruct,all,0.1,8035.39599609375,28909.58123779297,11.499435655446685,0.3896619975566864,
16,instruct,correctness_instruct,all,0.12000000000000001,1641.48779296875,30551.06903076172,10.129664797997917,0.6374502182006836,
16,instruct,correctness_instruct,all,0.13999999999999999,4642.21044921875,35193.27947998047,10.000931935203315,0.6500993967056274,
16,instruct,correctness_instruct,all,0.16,10798.8515625,45992.13104248047,11.435139493406382,0.6620277762413025,
16,instruct,correctness_instruct,all,0.18,11244.6904296875,57236.82147216797,12.649021319816125,0.36580514907836914,
16,instruct,correctness_instruct,all,0.2,358.3045654296875,57595.126037597656,11.454877891328094,0.6222663521766663,
16,instruct,correctness_instruct,all,0.25,21575.890625,79171.01666259766,12.59682047137592,0.6451869606971741,
16,instruct,correctness_instruct,all,0.3,30673.802734375,109844.81939697266,14.564415194507115,0.6062052249908447,
16,instruct,correctness_instruct,all,0.35,18179.642578125,128024.46197509766,14.54988771168288,0.35560858249664307,
16,instruct,correctness_instruct,all,0.39999999999999997,2712.954833984375,130737.41680908203,13.000936436861776,0.6213206052780151,
16,instruct,correctness_instruct,all,0.44999999999999996,3238.02294921875,133975.43975830078,11.842609366065657,0.6276849508285522,
16,instruct,correctness_instruct,all,0.49999999999999994,13383.2724609375,147358.71221923828,11.723047909247278,0.6396181583404541,
16,instruct,correctness_instruct,all,0.5499999999999999,30440.048828125,177798.76104736328,12.858809651215974,0.6364359259605408,
16,instruct,correctness_instruct,all,0.5999999999999999,37209.90625,215008.66729736328,14.25408825890767,0.6268894076347351,
16,instruct,correctness_instruct,all,0.6499999999999999,22188.70703125,237197.37432861328,14.51547483805234,0.3810660243034363,
16,instruct,correctness_instruct,all,0.7,3896.08642578125,241093.46075439453,13.700048912057877,0.6483691334724426,
16,instruct,correctness_instruct,all,0.7499999999999998,25607.7578125,266701.21856689453,14.144853808904509,0.607796311378479,
16,instruct,correctness_instruct,all,0.7999999999999998,33898.32421875,300599.54278564453,14.94627798257978,0.6356403827667236,
16,instruct,correctness_instruct,all,0.8499999999999999,37192.16015625,337791.70294189453,15.807557814679889,0.35083532333374023,
16,instruct,correctness_instruct,all,0.8999999999999999,20958.30078125,358750.00372314453,15.855652953378614,0.3500397801399231,
16,instruct,correctness_instruct,all,0.9499999999999997,20965.126953125,379715.13067626953,15.89897126308544,0.35083532333374023,
16,instruct,correctness_instruct,all,0.9999999999999998,6758.2216796875,386473.35235595703,15.372846155765991,0.6579156517982483,
16,instruct,correctness_instruct,all,test,126108.96875,386473.35235595703,15.047007367855864,0.6469395160675049,test
16,instruct_control,correctness_instruct,all,0.02,377.0019226074219,377.0019226074219,0.7509998458315177,0.4063745141029358,
16,instruct_control,correctness_instruct,all,0.04,15289.1669921875,15666.168914794922,15.588227775915346,0.34393635392189026,
16,instruct_control,correctness_instruct,all,0.06,10956.892578125,26623.061492919922,17.654550061617986,0.387673944234848,
16,instruct_control,correctness_instruct,all,0.08,10900.0322265625,37523.09371948242,18.658922784426863,0.3280318081378937,
16,instruct_control,correctness_instruct,all,0.1,3029.2666015625,40552.36032104492,16.130612697313016,0.6421470642089844,
16,instruct_control,correctness_instruct,all,0.12000000000000001,7874.60693359375,48426.96725463867,16.0566867555168,0.6075697541236877,
16,instruct_control,correctness_instruct,all,0.13999999999999999,9463.73828125,57890.70553588867,16.450896713807523,0.6262425184249878,
16,instruct_control,correctness_instruct,all,0.16,12256.7255859375,70147.43112182617,17.44093265087672,0.640159010887146,
16,instruct_control,correctness_instruct,all,0.18,13185.2724609375,83332.70358276367,18.41606709011352,0.35984092950820923,
16,instruct_control,correctness_instruct,all,0.2,1910.4239501953125,85243.12753295898,16.953684871312447,0.3479125201702118,
16,instruct_control,correctness_instruct,all,0.25,8578.818359375,93821.94589233398,14.927915018668891,0.6308671236038208,
16,instruct_control,correctness_instruct,all,0.3,24629.9375,118451.88339233398,15.705632908026251,0.638027012348175,
16,instruct_control,correctness_instruct,all,0.35,6986.927734375,125438.81112670898,14.256030358757698,0.3707239329814911,
16,instruct_control,correctness_instruct,all,0.39999999999999997,12469.28125,137908.09237670898,13.714010777317919,0.6428003311157227,
16,instruct_control,correctness_instruct,all,0.44999999999999996,25509.92578125,163418.01815795898,14.445153200562096,0.6420047879219055,
16,instruct_control,correctness_instruct,all,0.49999999999999994,26209.263671875,189627.28182983398,15.085702611760858,0.6420047879219055,
16,instruct_control,correctness_instruct,all,0.5499999999999999,38211.453125,227838.73495483398,16.477814056182396,0.3476531505584717,
16,instruct_control,correctness_instruct,all,0.5999999999999999,23303.451171875,251142.18612670898,16.649574789625362,0.6292760372161865,
16,instruct_control,correctness_instruct,all,0.6499999999999999,37025.03125,288167.217376709,17.634613388208127,0.638822615146637,
16,instruct_control,correctness_instruct,all,0.7,22175.6796875,310342.897064209,17.63512314264172,0.3715194761753082,
16,instruct_control,correctness_instruct,all,0.7499999999999998,6216.95166015625,316559.84872436523,16.789172565598793,0.3770883083343506,
16,instruct_control,correctness_instruct,all,0.7999999999999998,1163.3792724609375,317723.2279968262,15.797694311695812,0.6324582099914551,
16,instruct_control,correctness_instruct,all,0.8499999999999999,6080.80126953125,323804.0292663574,15.152979983450672,0.6245027780532837,
16,instruct_control,correctness_instruct,all,0.8999999999999999,15526.4921875,339330.5214538574,14.99737123017137,0.6467780470848083,
16,instruct_control,correctness_instruct,all,0.9499999999999997,31256.751953125,370587.2734069824,15.516780697859668,0.6308671236038208,
16,instruct_control,correctness_instruct,all,0.9999999999999998,34998.83984375,405586.1132507324,16.13309917465125,0.36595067381858826,
16,instruct_control,correctness_instruct,all,test,73944.3203125,405586.1132507324,8.8228517256294,0.3530604839324951,test
16,instruct,multitask_dual,all,0.02,3301.3157958984375,3301.3157958984375,6.576326286650274,0.039840638637542725,
16,instruct,multitask_dual,all,0.04,12303.257080078125,15604.572875976562,15.526938185051305,0.07654075138270855,
16,instruct,multitask_dual,all,0.06,13540.932373046875,29145.505249023438,19.327258122694587,0.06262425146996975,
16,instruct,multitask_dual,all,0.08,14666.169189453125,43811.67443847656,21.78601414146025,0.08051689527928829,
16,instruct,multitask_dual,all,0.1,14647.722900390625,58459.39733886719,23.253539116494505,0.1252485029399395,
16,instruct,multitask_dual,all,0.12000000000000001,12996.6708984375,71456.06823730469,23.692330317408715,0.08266932517290115,
16,instruct,multitask_dual,all,0.13999999999999999,12953.25439453125,84409.32263183594,23.98673561575332,0.14512921497225761,
16,instruct,multitask_dual,all,0.16,11316.86474609375,95726.18737792969,23.800643306297783,0.1809145025908947,
16,instruct,multitask_dual,all,0.18,10341.641357421875,106067.82873535156,23.440404140409186,0.09343935921788216,
16,instruct,multitask_dual,all,0.2,13350.28955078125,119418.11828613281,23.75062018419507,0.16898607648909092,
16,instruct,multitask_dual,all,0.25,23958.9228515625,143377.0411376953,22.812576155560112,0.21758153848350048,
16,instruct,multitask_dual,all,0.3,23736.205078125,167113.2462158203,22.157683136544726,0.25218774750828743,
16,instruct,multitask_dual,all,0.35,19682.3447265625,186795.5909423828,21.229184105282737,0.15433571487665176,
16,instruct,multitask_dual,all,0.39999999999999997,23249.609375,210045.2003173828,20.887549753120805,0.12330946326255798,
16,instruct,multitask_dual,all,0.44999999999999996,16380.48828125,226425.6885986328,20.014645858625723,0.15672235563397408,
16,instruct,multitask_dual,all,0.49999999999999994,20614.83642578125,247040.52502441406,19.65318417059778,0.23309467360377312,
16,instruct,multitask_dual,all,0.5499999999999999,24863.17041015625,271903.6954345703,19.66469193856732,0.2780429646372795,
16,instruct,multitask_dual,all,0.5999999999999999,14632.69775390625,286536.39318847656,18.99604834185074,0.22673030942678452,
16,instruct,multitask_dual,all,0.6499999999999999,18122.4033203125,304658.79650878906,18.643828193426906,0.297533817589283,
16,instruct,multitask_dual,all,0.7,17583.93359375,322242.73010253906,18.311326861151215,0.24661893025040627,
16,instruct,multitask_dual,all,0.7499999999999998,16226.5322265625,338469.26232910156,17.95116745314779,0.301113773137331,
16,instruct,multitask_dual,all,0.7999999999999998,15320.7958984375,353790.05822753906,17.590993348624654,0.2959427274763584,
16,instruct,multitask_dual,all,0.8499999999999999,10492.34912109375,364282.4073486328,17.047236995115952,0.33412888646125793,
16,instruct,multitask_dual,all,0.8999999999999999,12659.09326171875,376941.50061035156,16.659661478403233,0.2963404841721058,
16,instruct,multitask_dual,all,0.9499999999999997,14730.7119140625,391672.21252441406,16.3996236873263,0.2987271212041378,
16,instruct,multitask_dual,all,0.9999999999999998,10342.884765625,402015.09729003906,15.991053989261697,0.26730310171842575,
16,instruct,multitask_dual,all,test,94672.98046875,402015.09729003906,11.29614371420475,0.21095334738492966,test
16,instruct_control,multitask_dual,all,0.02,3417.89306640625,3417.89306640625,6.808551925112051,0.05278884619474411,
16,instruct_control,multitask_dual,all,0.04,11018.205810546875,14436.098876953125,14.364277489505596,0.036779322661459446,
16,instruct_control,multitask_dual,all,0.06,12105.350830078125,26541.44970703125,17.6004308402064,0.08946321532130241,
16,instruct_control,multitask_dual,all,0.08,17412.33935546875,43953.7890625,21.856682775982097,0.07057653926312923,
16,instruct_control,multitask_dual,all,0.1,17678.971435546875,61632.760498046875,24.515815631681335,0.05666003841906786,
16,instruct_control,multitask_dual,all,0.12000000000000001,17411.20556640625,79043.96606445312,26.208211559831938,0.06374502182006836,
16,instruct_control,multitask_dual,all,0.13999999999999999,19470.393798828125,98514.35986328125,27.994987173424622,0.08449303731322289,
16,instruct_control,multitask_dual,all,0.16,17224.179443359375,115738.53930664062,28.776364820149336,0.06858846731483936,
16,instruct_control,multitask_dual,all,0.18,11145.075439453125,126883.61474609375,28.04057784444061,0.06560635939240456,
16,instruct_control,multitask_dual,all,0.2,17757.52734375,144641.14208984375,28.767132476102574,0.03677932173013687,
16,instruct_control,multitask_dual,all,0.25,32589.84375,177230.98583984375,28.1990430930539,0.07677008584141731,
16,instruct_control,multitask_dual,all,0.3,45191.892578125,222422.87841796875,29.49123288490702,0.0962609350681305,
16,instruct_control,multitask_dual,all,0.35,52065.103515625,274487.98193359375,31.195361056210224,0.06165473163127899,
16,instruct_control,multitask_dual,all,0.39999999999999997,33165.76171875,307653.74365234375,30.594047698124875,0.07875895127654076,
16,instruct_control,multitask_dual,all,0.44999999999999996,36746.08984375,344399.83349609375,30.442838636621033,0.06961018219590187,
16,instruct_control,multitask_dual,all,0.49999999999999994,34540.509765625,378940.34326171875,30.14640757849791,0.08313444443047047,
16,instruct_control,multitask_dual,all,0.5499999999999999,39007.419921875,417947.76318359375,30.226930149967004,0.03858392871916294,
16,instruct_control,multitask_dual,all,0.5999999999999999,47602.5537109375,465550.31689453125,30.86385023167139,0.09029435366392136,
16,instruct_control,multitask_dual,all,0.6499999999999999,46834.765625,512385.08251953125,31.355797229027065,0.06364359334111214,
16,instruct_control,multitask_dual,all,0.7,48811.7021484375,561196.7846679688,31.889804788496917,0.11813842318952084,
16,instruct_control,multitask_dual,all,0.7499999999999998,41521.306640625,602718.0913085938,31.965955518885906,0.06523468717932701,
16,instruct_control,multitask_dual,all,0.7999999999999998,44172.6171875,646890.7084960938,32.16441470247085,0.05489259958267212,
16,instruct_control,multitask_dual,all,0.8499999999999999,48907.609375,695798.3178710938,32.56110804769029,0.0692124105989933,
16,instruct_control,multitask_dual,all,0.8999999999999999,39082.923828125,734881.2416992188,32.47950330147701,0.03937947563827038,
16,instruct_control,multitask_dual,all,0.9499999999999997,41429.07421875,776310.3159179688,32.50472369124351,0.07199681550264359,
16,instruct_control,multitask_dual,all,0.9999999999999998,44673.623046875,820983.9389648438,32.656481263518046,0.10103420540690422,
16,instruct_control,multitask_dual,all,test,288257.09375,820983.9389648438,34.39411690132442,0.04581792280077934,test
16,instruct,multitask_triple_instruct,all,0.02,3621.403839111328,3621.403839111328,7.213951870739698,0.26361221571763355,
16,instruct,multitask_triple_instruct,all,0.04,28103.240478515625,31724.644317626953,31.566810266295477,0.26971502353747684,
16,instruct,multitask_triple_instruct,all,0.06,24397.75390625,56122.39822387695,37.21644444554175,0.25579852362473804,
16,instruct,multitask_triple_instruct,all,0.08,35249.78369140625,91372.1819152832,45.436191902179615,0.27369116991758347,
16,instruct,multitask_triple_instruct,all,0.1,24278.716796875,115650.8987121582,46.00274411780358,0.17229952539006868,
16,instruct,multitask_triple_instruct,all,0.12000000000000001,22965.8740234375,138616.7727355957,45.96046841365905,0.204515278339386,
16,instruct,multitask_triple_instruct,all,0.13999999999999999,12283.249755859375,150900.02249145508,42.881506817691125,0.2326043595870336,
16,instruct,multitask_triple_instruct,all,0.16,11962.875,162862.89749145508,40.493012802450295,0.2789926901459694,
16,instruct,multitask_triple_instruct,all,0.18,17993.697509765625,180856.5950012207,39.968308287562586,0.34923788408438367,
16,instruct,multitask_triple_instruct,all,0.2,26224.921630859375,207081.51663208008,41.1856636101989,0.2770046293735504,
16,instruct,multitask_triple_instruct,all,0.25,41595.849609375,248677.36624145508,39.566804493469384,0.189870057006677,
16,instruct,multitask_triple_instruct,all,0.3,33877.568359375,282554.9346008301,37.464191805997096,0.3020418907205264,
16,instruct,multitask_triple_instruct,all,0.35,43165.7412109375,325720.6758117676,37.017919742217025,0.23309466987848282,
16,instruct,multitask_triple_instruct,all,0.39999999999999997,35043.056640625,360763.7324523926,35.87547060982424,0.29832935333251953,
16,instruct,multitask_triple_instruct,all,0.44999999999999996,49843.8759765625,410607.6084289551,36.29520095721339,0.35773004094759625,
16,instruct,multitask_triple_instruct,all,0.49999999999999994,45896.0390625,456503.6474914551,36.316917063759355,0.41607001423835754,
16,instruct,multitask_triple_instruct,all,0.5499999999999999,49208.19873046875,505711.8462219238,36.57422768654978,0.35905593633651733,
16,instruct,multitask_triple_instruct,all,0.5999999999999999,44726.6162109375,550438.4624328613,36.49154484439548,0.2585520992676417,
16,instruct,multitask_triple_instruct,all,0.6499999999999999,25218.57666015625,575657.0390930176,35.22777303059896,0.3709891314307849,
16,instruct,multitask_triple_instruct,all,0.7,25562.181640625,601219.2207336426,34.164065276374735,0.36621585736672085,
16,instruct,multitask_triple_instruct,all,0.7499999999999998,58637.734375,659856.9551086426,34.99639114869491,0.33704586575428647,
16,instruct,multitask_triple_instruct,all,0.7999999999999998,45131.68603515625,704988.6411437988,35.05313450396772,0.32617342720429104,
16,instruct,multitask_triple_instruct,all,0.8499999999999999,52596.36767578125,757585.0088195801,35.452525098019564,0.3919384777545929,
16,instruct,multitask_triple_instruct,all,0.8999999999999999,51823.8369140625,809408.8457336426,35.773395462460996,0.2940864513317744,
16,instruct,multitask_triple_instruct,all,0.9499999999999997,36507.2294921875,845916.0752258301,35.419171595939794,0.29488198707501095,
16,instruct,multitask_triple_instruct,all,0.9999999999999998,14846.137939453125,860762.2131652832,34.238751518109915,0.4171307235956192,
16,instruct,multitask_triple_instruct,all,test,306704.53125,860762.2131652832,36.5952190967665,0.4045658881465594,test
16,instruct_control,multitask_triple_instruct,all,0.02,3715.2039489746094,3715.2039489746094,7.40080467923229,0.13612218697865805,
16,instruct_control,multitask_triple_instruct,all,0.04,28398.6416015625,32113.84555053711,31.95407517466379,0.1504307376841704,
16,instruct_control,multitask_triple_instruct,all,0.06,16131.628601074219,48245.47415161133,31.99301999443722,0.20410867221653461,
16,instruct_control,multitask_triple_instruct,all,0.08,20825.91064453125,69071.38479614258,34.34678508013057,0.17428760416805744,
16,instruct_control,multitask_triple_instruct,all,0.1,20078.63232421875,89150.01712036133,35.46142288001644,0.26110004509488743,
16,instruct_control,multitask_triple_instruct,all,0.12000000000000001,17233.880859375,106383.89797973633,35.27317572272425,0.2436919113000234,
16,instruct_control,multitask_triple_instruct,all,0.13999999999999999,26202.07373046875,132585.97171020508,37.67717297817706,0.2789926988383134,
16,instruct_control,multitask_triple_instruct,all,0.16,26793.0693359375,159379.04104614258,39.62681279118413,0.23658050472537676,
16,instruct_control,multitask_triple_instruct,all,0.18,35665.990234375,195045.03128051758,43.10387431613648,0.24121933740874132,
16,instruct_control,multitask_triple_instruct,all,0.2,16580.924194335938,211625.95547485352,42.089489951243735,0.18157720193266869,
16,instruct_control,multitask_triple_instruct,all,0.25,54135.4091796875,265761.364654541,42.28502222029292,0.23733757001658282,
16,instruct_control,multitask_triple_instruct,all,0.3,78879.2255859375,344640.5902404785,45.696180090225205,0.28188808138171834,
16,instruct_control,multitask_triple_instruct,all,0.35,77017.96142578125,421658.55166625977,47.92119009731331,0.27791036168734234,
16,instruct_control,multitask_triple_instruct,all,0.39999999999999997,56973.5888671875,478632.14053344727,47.59667268630144,0.16361707324783006,
16,instruct_control,multitask_triple_instruct,all,0.44999999999999996,48675.6455078125,527307.7860412598,46.61078281987623,0.2755237395564715,
16,instruct_control,multitask_triple_instruct,all,0.49999999999999994,43869.04187011719,571176.827911377,45.43968400249618,0.17395916332801184,
16,instruct_control,multitask_triple_instruct,all,0.5499999999999999,71564.064453125,642740.892364502,46.48447908906501,0.15884381035963693,
16,instruct_control,multitask_triple_instruct,all,0.5999999999999999,54585.47265625,697326.365020752,46.229538916782815,0.20710686594247818,
16,instruct_control,multitask_triple_instruct,all,0.6499999999999999,44624.9287109375,741951.2937316895,45.404277200397125,0.24900557597478232,
16,instruct_control,multitask_triple_instruct,all,0.7,72244.51025390625,814195.8039855957,46.26638276995089,0.2686290070414543,
16,instruct_control,multitask_triple_instruct,all,0.7499999999999998,67097.021484375,881292.8254699707,46.74053701776562,0.24184566363692284,
16,instruct_control,multitask_triple_instruct,all,0.7999999999999998,67455.5283203125,948748.3537902832,47.17324750349459,0.25033146639664966,
16,instruct_control,multitask_triple_instruct,all,0.8499999999999999,80140.87109375,1028889.2248840332,48.148683835651326,0.25696101660529774,
16,instruct_control,multitask_triple_instruct,all,0.8999999999999999,82481.521484375,1111370.7463684082,49.11918794167808,0.18801378707091013,
16,instruct_control,multitask_triple_instruct,all,0.9499999999999997,84972.62890625,1196343.3752746582,50.09183834839251,0.19623441870013872,
16,instruct_control,multitask_triple_instruct,all,0.9999999999999998,41397.3583984375,1237740.7336730957,49.23391939829339,0.18721824263532957,
16,instruct_control,multitask_triple_instruct,all,test,354977.33984375,1237740.7336730957,42.35501012334447,0.26269737631082535,test
16,base,attribute,suppression,0.02,514.9901733398438,514.9901733398438,2.877040074524267,0.05586592108011246,
16,base,attribute,suppression,0.04,2950.7822265625,3465.7723999023438,9.680928491347329,0.07821229100227356,
16,base,attribute,suppression,0.06,4929.28466796875,8395.057067871094,15.633253385234811,0.10614524781703949,
16,base,attribute,suppression,0.08,3079.16650390625,11474.223571777344,16.025451915890145,0.21229049563407898,
16,base,attribute,suppression,0.1,3425.042236328125,14899.265808105469,16.64722436659829,0.25698322057724,
16,base,attribute,suppression,0.12000000000000001,4715.66455078125,19614.93035888672,18.2634360883489,0.18435753881931305,
16,base,attribute,suppression,0.13999999999999999,2780.1787109375,22395.10906982422,17.887467308166308,0.13483145833015442,
16,base,attribute,suppression,0.16,3991.456298828125,26386.565368652344,18.4263724641427,0.20555555820465088,
16,base,attribute,suppression,0.18,3164.430419921875,29550.99578857422,18.343262438593555,0.16201116144657135,
16,base,attribute,suppression,0.2,3389.338134765625,32940.333923339844,18.402421186223375,0.22905027866363525,
16,base,attribute,suppression,0.25,5534.65380859375,38474.987731933594,17.199368677663653,0.24384787678718567,
16,base,attribute,suppression,0.3,4948.19482421875,43423.182556152344,16.17250746970292,0.2343750149011612,
16,base,attribute,suppression,0.35,4012.6474609375,47435.830017089844,15.14553959677198,0.3512304127216339,
16,base,attribute,suppression,0.39999999999999997,6285.728515625,53721.558532714844,15.010214733924236,0.33557048439979553,
16,base,attribute,suppression,0.44999999999999996,2947.3857421875,56668.944274902344,14.072248392079052,0.2388392984867096,
16,base,attribute,suppression,0.49999999999999994,3025.2060546875,59694.150329589844,13.342456488509129,0.4429530203342438,
16,base,attribute,suppression,0.5499999999999999,3132.66845703125,62826.818786621094,12.764489798175761,0.2388392984867096,
16,base,attribute,suppression,0.5999999999999999,3409.828369140625,66236.64715576172,12.336868533388287,0.29082775115966797,
16,base,attribute,suppression,0.6499999999999999,3985.0947265625,70221.74188232422,12.07181397323779,0.361607164144516,
16,base,attribute,suppression,0.7,2598.8916015625,72820.63348388672,11.623405184977928,0.4196428656578064,
16,base,attribute,suppression,0.7499999999999998,3741.883544921875,76562.5170288086,11.406811237903545,0.3154362440109253,
16,base,attribute,suppression,0.7999999999999998,2889.759521484375,79452.27655029297,11.098236702094283,0.4451901614665985,
16,base,attribute,suppression,0.8499999999999999,1752.9210205078125,81205.19757080078,10.675062123149834,0.4308035969734192,
16,base,attribute,suppression,0.8999999999999999,4400.98046875,85606.17803955078,10.629026327235012,0.30201342701911926,
16,base,attribute,suppression,0.9499999999999997,2089.590576171875,87695.76861572266,10.31472225543668,0.4285714626312256,
16,base,attribute,suppression,0.9999999999999998,1317.01025390625,89012.7788696289,9.946673245013846,0.4608501195907593,
16,base,attribute,suppression,test,12383.3720703125,89012.7788696289,4.149923616056467,0.5211126208305359,test
16,base,state,suppression,0.02,655.4305419921875,655.4305419921875,3.661623139621159,0.044692736119031906,
16,base,state,suppression,0.04,2124.939697265625,2780.3702392578125,7.766397316362605,0.02793296054005623,
16,base,state,suppression,0.06,1583.655517578125,4364.0257568359375,8.126677387031542,0.06703910231590271,
16,base,state,suppression,0.08,1277.2537841796875,5641.279541015625,7.878882040524616,0.08379887789487839,
16,base,state,suppression,0.1,1579.936767578125,7221.21630859375,8.068398110160615,0.033519551157951355,
16,base,state,suppression,0.12000000000000001,1533.78759765625,8755.00390625,8.15177272462756,0.08379887789487839,
16,base,state,suppression,0.13999999999999999,1273.7808837890625,10028.784790039062,8.010211493641425,0.03932584449648857,
16,base,state,suppression,0.16,2070.947998046875,12099.732788085938,8.449534069892415,0.10555555671453476,
16,base,state,suppression,0.18,1451.6314697265625,13551.3642578125,8.411771730485723,0.08379887789487839,
16,base,state,suppression,0.2,1423.6981201171875,14975.062377929688,8.365956635714909,0.07821229100227356,
16,base,state,suppression,0.25,2305.876708984375,17280.939086914062,7.725050999961583,0.1342281848192215,
16,base,state,suppression,0.3,4066.98486328125,21347.923950195312,7.9508096648772115,0.1316964328289032,
16,base,state,suppression,0.35,2724.6865234375,24072.610473632812,7.686018669742277,0.1230425089597702,
16,base,state,suppression,0.39999999999999997,3554.873291015625,27627.483764648438,7.719330473497747,0.09619686752557755,
16,base,state,suppression,0.44999999999999996,2828.64111328125,30456.124877929688,7.562981097077151,0.1071428656578064,
16,base,state,suppression,0.49999999999999994,4558.046875,35014.17175292969,7.826144781611464,0.14765100181102753,
16,base,state,suppression,0.5499999999999999,2698.86279296875,37713.03454589844,7.662136234436903,0.2075892984867096,
16,base,state,suppression,0.5999999999999999,2580.95556640625,40293.99011230469,7.504933900596887,0.12080536782741547,
16,base,state,suppression,0.6499999999999999,3363.61083984375,43657.60095214844,7.5051746522517515,0.098214291036129,
16,base,state,suppression,0.7,2296.39697265625,45953.99792480469,7.335035582570581,0.140625,
16,base,state,suppression,0.7499999999999998,4032.232666015625,49986.23059082031,7.447292996248557,0.11185682564973831,
16,base,state,suppression,0.7999999999999998,2269.0263671875,52255.25695800781,7.299239692416233,0.17897091805934906,
16,base,state,suppression,0.8499999999999999,3718.582275390625,55973.83923339844,7.358201555593327,0.1607142984867096,
16,base,state,suppression,0.8999999999999999,3281.304931640625,59255.14416503906,7.357231706610263,0.1230425089597702,
16,base,state,suppression,0.9499999999999997,4358.73291015625,63613.87707519531,7.482225014725396,0.1316964328289032,
16,base,state,suppression,0.9999999999999998,2583.939697265625,66197.81677246094,7.397230614868805,0.1879194676876068,
16,base,state,suppression,test,18301.193359375,66197.81677246094,6.133107694160523,0.18331100046634674,test
16,base,correctness_base,suppression,0.02,134.8061981201172,134.8061981201172,0.7531072520676938,0.31284916400909424,
16,base,correctness_base,suppression,0.04,2189.63330078125,2324.439498901367,6.492847762294322,0.7932960391044617,
16,base,correctness_base,suppression,0.06,1453.0718994140625,3777.5113983154297,7.034471877682364,0.7877094745635986,
16,base,correctness_base,suppression,0.08,526.0670166015625,4303.578414916992,6.010584378375688,0.8659217357635498,
16,base,correctness_base,suppression,0.1,667.1907348632812,4970.769149780273,5.55393201092768,0.8435754179954529,
16,base,correctness_base,suppression,0.12000000000000001,660.5293579101562,5631.29850769043,5.243294699897979,0.8603351712226868,
16,base,correctness_base,suppression,0.13999999999999999,1175.9083251953125,6807.206832885742,5.437066160451871,0.7359550595283508,
16,base,correctness_base,suppression,0.16,1145.6962890625,7952.903121948242,5.55370329744989,0.8055555820465088,
16,base,correctness_base,suppression,0.18,898.4724731445312,8851.375595092773,5.494336185656595,0.20670390129089355,
16,base,correctness_base,suppression,0.2,101.8520278930664,8953.22762298584,5.001803141332871,0.8212290406227112,
16,base,correctness_base,suppression,0.25,625.2393798828125,9578.467002868652,4.281835942274767,0.7762863636016846,
16,base,correctness_base,suppression,0.3,1468.0015869140625,11046.468589782715,4.114141001781272,0.8236607313156128,
16,base,correctness_base,suppression,0.35,2006.9222412109375,13053.390830993652,4.167749307469237,0.8120805621147156,
16,base,correctness_base,suppression,0.39999999999999997,2338.799560546875,15392.190391540527,4.300695834462288,0.8120805621147156,
16,base,correctness_base,suppression,0.44999999999999996,1185.441162109375,16577.631553649902,4.116620698696276,0.8125000596046448,
16,base,correctness_base,suppression,0.49999999999999994,3309.519287109375,19887.150840759277,4.445049360920715,0.744966447353363,
16,base,correctness_base,suppression,0.5499999999999999,1251.401123046875,21138.551963806152,4.294707834987028,0.2299107313156128,
16,base,correctness_base,suppression,0.5999999999999999,9300.5615234375,30439.113487243652,5.669419535713104,0.20581655204296112,
16,base,correctness_base,suppression,0.6499999999999999,8249.7529296875,38688.86641693115,6.650999899764681,0.7901785969734192,
16,base,correctness_base,suppression,0.7,10104.9501953125,48793.81661224365,7.7883186930955555,0.7767857313156128,
16,base,correctness_base,suppression,0.7499999999999998,8107.4931640625,56901.30977630615,8.47754913234597,0.8210290670394897,
16,base,correctness_base,suppression,0.7999999999999998,6250.21826171875,63151.5280380249,8.821277837410937,0.1812080591917038,
16,base,correctness_base,suppression,0.8499999999999999,243.08114624023438,63394.60918426514,8.333720150422655,0.8415178656578064,
16,base,correctness_base,suppression,0.8999999999999999,2901.856689453125,66296.46587371826,8.231495638653868,0.8008948564529419,
16,base,correctness_base,suppression,0.9499999999999997,10856.662109375,77153.12798309326,9.074703361925813,0.7656250596046448,
16,base,correctness_base,suppression,0.9999999999999998,8689.0830078125,85842.21099090576,9.592380264935274,0.8008948564529419,
16,base,correctness_base,suppression,test,64924.8125,85842.21099090576,21.757644939678283,0.7952412962913513,test
16,base,multitask_dual,suppression,0.02,1166.65966796875,1166.65966796875,6.517651776361732,0.03351955208927393,
16,base,multitask_dual,suppression,0.04,4917.93310546875,6084.5927734375,16.99606919954609,0.06145251076668501,
16,base,multitask_dual,suppression,0.06,6230.2818603515625,12314.874633789062,22.93272743722358,0.07541899010539055,
16,base,multitask_dual,suppression,0.08,5345.2601318359375,17660.134765625,24.66499268942039,0.06703910231590271,
16,base,multitask_dual,suppression,0.1,4788.54345703125,22448.67822265625,25.08232203648743,0.09776535909622908,
16,base,multitask_dual,suppression,0.12000000000000001,5189.9317626953125,27638.609985351562,25.73427372937762,0.11452513560652733,
16,base,multitask_dual,suppression,0.13999999999999999,4982.9124755859375,32621.5224609375,26.055529122154553,0.08146067336201668,
16,base,multitask_dual,suppression,0.16,5641.9586181640625,38263.48107910156,26.720308016132375,0.14444444701075554,
16,base,multitask_dual,suppression,0.18,4122.03515625,42385.51623535156,26.310065943731573,0.12290502339601517,
16,base,multitask_dual,suppression,0.2,3787.9864501953125,46173.502685546875,25.79525289695356,0.1759776473045349,
16,base,multitask_dual,suppression,0.25,9870.2470703125,56043.749755859375,25.053084379016262,0.19798658043146133,
16,base,multitask_dual,suppression,0.3,8908.5322265625,64952.281982421875,24.190794034421554,0.215401791036129,
16,base,multitask_dual,suppression,0.35,6549.71728515625,71501.99926757812,22.82950168185764,0.1554809883236885,
16,base,multitask_dual,suppression,0.39999999999999997,8836.241455078125,80338.24072265625,22.447119508984702,0.16219239309430122,
16,base,multitask_dual,suppression,0.44999999999999996,7240.15771484375,87578.3984375,21.747801946237896,0.1350446492433548,
16,base,multitask_dual,suppression,0.49999999999999994,5341.159423828125,92919.55786132812,20.7687880780796,0.2393736019730568,
16,base,multitask_dual,suppression,0.5499999999999999,6381.587158203125,99301.14501953125,20.174958354232274,0.2589285746216774,
16,base,multitask_dual,suppression,0.5999999999999999,5188.4111328125,104489.55615234375,19.46164204737265,0.29082774370908737,
16,base,multitask_dual,suppression,0.6499999999999999,6888.243896484375,111377.80004882812,19.1469486073282,0.2500000149011612,
16,base,multitask_dual,suppression,0.7,4971.707275390625,116349.50732421875,18.571349932038107,0.347098246216774,
16,base,multitask_dual,suppression,0.7499999999999998,5449.699462890625,121799.20678710938,18.146484920606284,0.20805369317531586,
16,base,multitask_dual,suppression,0.7999999999999998,4552.240478515625,126351.447265625,17.649315164914793,0.28076062351465225,
16,base,multitask_dual,suppression,0.8499999999999999,5311.3642578125,131662.8115234375,17.308112465286907,0.2299107164144516,
16,base,multitask_dual,suppression,0.8999999999999999,7149.349609375,138812.1611328125,17.23518265865564,0.24049217626452446,
16,base,multitask_dual,suppression,0.9499999999999997,6242.143310546875,145054.30444335938,17.061197887950996,0.3348214328289032,
16,base,multitask_dual,suppression,0.9999999999999998,5252.849365234375,150307.15380859375,16.795972042529193,0.31991051137447357,
16,base,multitask_dual,suppression,test,29075.029296875,150307.15380859375,9.7436425257624,0.19504021853208542,test
16,base,multitask_triple_base,suppression,0.02,1299.6576309204102,1299.6576309204102,7.260657155979945,0.2625698315290113,
16,base,multitask_triple_base,suppression,0.04,6406.6158447265625,7706.273475646973,21.5259035632597,0.32216012850403786,
16,base,multitask_triple_base,suppression,0.06,5024.53515625,12730.808631896973,23.70727864412844,0.29050278415282565,
16,base,multitask_triple_base,suppression,0.08,5180.204650878906,17911.01328277588,25.01538167985458,0.34450649842619896,
16,base,multitask_triple_base,suppression,0.1,5702.159606933594,23613.172889709473,26.383433396323433,0.34450651456912357,
16,base,multitask_triple_base,suppression,0.12000000000000001,5003.88037109375,28617.053260803223,26.6453009877125,0.33147112528483075,
16,base,multitask_triple_base,suppression,0.13999999999999999,7711.99609375,36329.04935455322,29.016812583508965,0.2771535584082206,
16,base,multitask_triple_base,suppression,0.16,5941.891357421875,42270.9407119751,29.518813346351326,0.3092592693865299,
16,base,multitask_triple_base,suppression,0.18,6493.56298828125,48764.50370025635,30.269710552611016,0.3668528695901235,
16,base,multitask_triple_base,suppression,0.2,5022.51123046875,53787.0149307251,30.04861169314251,0.4543761561314265,
16,base,multitask_triple_base,suppression,0.25,17194.88427734375,70981.89920806885,31.730844527522954,0.3706189493338267,
16,base,multitask_triple_base,suppression,0.3,15436.24560546875,86418.1448135376,32.18552879461363,0.3750000099341075,
16,base,multitask_triple_base,suppression,0.35,11084.503662109375,97502.64847564697,31.131113817256377,0.47278151909510296,
16,base,multitask_triple_base,suppression,0.39999999999999997,16510.8125,114013.46097564697,31.856233857403456,0.4093959877888362,
16,base,multitask_triple_base,suppression,0.44999999999999996,13060.867431640625,127074.3284072876,31.555581923836005,0.4084821691115697,
16,base,multitask_triple_base,suppression,0.49999999999999994,18257.033203125,145331.3616104126,32.48354081591699,0.3780760665734609,
16,base,multitask_triple_base,suppression,0.5499999999999999,14292.526611328125,159623.88822174072,32.430696509902624,0.4419643109043439,
16,base,multitask_triple_base,suppression,0.5999999999999999,14012.63623046875,173636.52445220947,32.34057076777975,0.3847874701023102,
16,base,multitask_triple_base,suppression,0.6499999999999999,14283.9521484375,187920.47660064697,32.30539394888206,0.4739583631356557,
16,base,multitask_triple_base,suppression,0.7,14881.076171875,202801.55277252197,32.37055910175929,0.4159226293365161,
16,base,multitask_triple_base,suppression,0.7499999999999998,10572.257202148438,213373.8099746704,31.78990017501049,0.3959731509288152,
16,base,multitask_triple_base,suppression,0.7999999999999998,8707.08203125,222080.8920059204,31.021216930565778,0.2938106010357539,
16,base,multitask_triple_base,suppression,0.8499999999999999,7306.65087890625,229387.54288482666,30.154797276827484,0.2983631094296773,
16,base,multitask_triple_base,suppression,0.8999999999999999,10089.496704101562,239477.03958892822,29.733925948463895,0.3154362440109253,
16,base,multitask_triple_base,suppression,0.9499999999999997,11301.47119140625,250778.51078033447,29.496413876774227,0.3050595422585805,
16,base,multitask_triple_base,suppression,0.9999999999999998,11977.7900390625,262756.300819397,29.361526519096767,0.3087248355150223,
16,base,multitask_triple_base,suppression,test,90717.9794921875,262756.300819397,30.401467658239778,0.26072386652231216,test
16,instruct,attribute,suppression,0.02,545.0164794921875,545.0164794921875,3.0447848016323324,0.05027932673692703,
16,instruct,attribute,suppression,0.04,3436.331787109375,3981.3482666015625,11.121084543579784,0.061452511698007584,
16,instruct,attribute,suppression,0.06,4855.2880859375,8836.636352539062,16.455561177912593,0.02793296054005623,
16,instruct,attribute,suppression,0.08,5095.69921875,13932.335571289062,19.458569233643942,0.1731843501329422,
16,instruct,attribute,suppression,0.1,3176.33984375,17108.675415039062,19.11583845255761,0.13966479897499084,
16,instruct,attribute,suppression,0.12000000000000001,3091.8330078125,20200.508422851562,18.808667060383204,0.07262569665908813,
16,instruct,attribute,suppression,0.13999999999999999,3673.610107421875,23874.118530273438,19.06878476858901,0.21910113096237183,
16,instruct,attribute,suppression,0.16,3920.844970703125,27794.963500976562,19.40989071297246,0.0833333358168602,
16,instruct,attribute,suppression,0.18,2341.287353515625,30136.250854492188,18.70654925790949,0.2402234524488449,
16,instruct,attribute,suppression,0.2,1990.422607421875,32126.673461914062,17.947862269225734,0.21229049563407898,
16,instruct,attribute,suppression,0.25,3264.7900390625,35391.46350097656,15.820949262841557,0.24161073565483093,
16,instruct,attribute,suppression,0.3,4499.8896484375,39891.35314941406,14.857114767007099,0.2589285969734192,
16,instruct,attribute,suppression,0.35,2300.080322265625,42191.43347167969,13.471083483933489,0.4429530203342438,
16,instruct,attribute,suppression,0.39999999999999997,4039.74951171875,46231.18298339844,12.917346460854551,0.32438477873802185,
16,instruct,attribute,suppression,0.44999999999999996,3895.291748046875,50126.47473144531,12.44759740040857,0.2790178656578064,
16,instruct,attribute,suppression,0.49999999999999994,2481.432373046875,52607.90710449219,11.758584511509206,0.2997762858867645,
16,instruct,attribute,suppression,0.5499999999999999,3272.514892578125,55880.42199707031,11.353194229392587,0.3794642984867096,
16,instruct,attribute,suppression,0.5999999999999999,2110.701904296875,57991.12390136719,10.801103352834268,0.2975391447544098,
16,instruct,attribute,suppression,0.6499999999999999,4139.98974609375,62131.11364746094,10.680954727086288,0.3660714328289032,
16,instruct,attribute,suppression,0.7,4294.05126953125,66425.16491699219,10.602580194252544,0.3883928656578064,
16,instruct,attribute,suppression,0.7499999999999998,2957.3427734375,69382.50769042969,10.337083982483565,0.413870245218277,
16,instruct,attribute,suppression,0.7999999999999998,3287.69189453125,72670.19958496094,10.15088693741597,0.5100671052932739,
16,instruct,attribute,suppression,0.8499999999999999,2215.35009765625,74885.54968261719,9.844294686817035,0.4129464328289032,
16,instruct,attribute,suppression,0.8999999999999999,2874.82861328125,77760.37829589844,9.654876868127445,0.45190155506134033,
16,instruct,attribute,suppression,0.9499999999999997,2109.69775390625,79870.07604980469,9.394269119007843,0.5022321939468384,
16,instruct,attribute,suppression,0.9999999999999998,2974.88916015625,82844.96520996094,9.25745504636953,0.4093959629535675,
16,instruct,attribute,suppression,test,8150.296875,82844.96520996094,2.731332732908847,0.5583109855651855,test
16,instruct,state,suppression,0.02,683.0121459960938,683.0121459960938,3.8157103128273393,0.03910614550113678,
16,instruct,state,suppression,0.04,1888.27197265625,2571.2841186523438,7.182357873330569,0.044692736119031906,
16,instruct,state,suppression,0.06,1501.5411376953125,4072.8252563476562,7.584404574204202,0.033519551157951355,
16,instruct,state,suppression,0.08,955.3672485351562,5028.1925048828125,7.022615230283257,0.10614524781703949,
16,instruct,state,suppression,0.1,972.3283081054688,6000.520812988281,6.704492528478527,0.07262569665908813,
16,instruct,state,suppression,0.12000000000000001,1444.9686279296875,7445.489440917969,6.932485512959002,0.10614524781703949,
16,instruct,state,suppression,0.13999999999999999,1292.63232421875,8738.121765136719,6.979330483336037,0.056179776787757874,
16,instruct,state,suppression,0.16,1710.69140625,10448.813171386719,7.29665724258849,0.09444444626569748,
16,instruct,state,suppression,0.18,1408.0450439453125,11856.858215332031,7.359936818952223,0.08379887789487839,
16,instruct,state,suppression,0.2,1254.1318359375,13110.990051269531,7.32457544763661,0.08379887789487839,
16,instruct,state,suppression,0.25,4660.91552734375,17771.90557861328,7.9445264097511314,0.10961968451738358,
16,instruct,state,suppression,0.3,2969.905029296875,20741.810607910156,7.7250691277132795,0.0959821492433548,
16,instruct,state,suppression,0.35,3976.88427734375,24718.694885253906,7.89230360321006,0.17449665069580078,
16,instruct,state,suppression,0.39999999999999997,3148.262451171875,27866.95733642578,7.7862412228068685,0.10961968451738358,
16,instruct,state,suppression,0.44999999999999996,3449.260986328125,31316.218322753906,7.77656278191058,0.1071428656578064,
16,instruct,state,suppression,0.49999999999999994,2533.129638671875,33849.34796142578,7.565790782616402,0.1700223684310913,
16,instruct,state,suppression,0.5499999999999999,1714.5914306640625,35563.939392089844,7.225505768405088,0.1540178656578064,
16,instruct,state,suppression,0.5999999999999999,2308.90478515625,37872.844177246094,7.053984760150138,0.1700223684310913,
16,instruct,state,suppression,0.6499999999999999,2244.209716796875,40117.05389404297,6.896519493560765,0.1004464328289032,
16,instruct,state,suppression,0.7,3545.44580078125,43662.49969482422,6.969273694305541,0.0937500074505806,
16,instruct,state,suppression,0.7499999999999998,2891.131103515625,46553.630798339844,6.935880631457069,0.08501118421554565,
16,instruct,state,suppression,0.7999999999999998,2856.156982421875,49409.78778076172,6.901772283944925,0.1633109599351883,
16,instruct,state,suppression,0.8499999999999999,2978.898193359375,52388.685974121094,6.886904952559629,0.1294642984867096,
16,instruct,state,suppression,0.8999999999999999,3982.49951171875,56371.185485839844,6.999153896925732,0.10738255083560944,
16,instruct,state,suppression,0.9499999999999997,3560.653076171875,59931.83856201172,7.0491459141392285,0.1049107164144516,
16,instruct,state,suppression,0.9999999999999998,2125.705322265625,62057.543884277344,6.934578599204084,0.15436241030693054,
16,instruct,state,suppression,test,13739.48046875,62057.543884277344,4.604383535103888,0.16253352165222168,test
16,instruct,correctness_instruct,suppression,0.02,135.6439208984375,135.6439208984375,0.7577872675890364,0.3910614550113678,
16,instruct,correctness_instruct,suppression,0.04,5628.80078125,5764.4447021484375,16.10180084399005,0.3519552946090698,
16,instruct,correctness_instruct,suppression,0.06,3278.06103515625,9042.505737304688,16.838930609505937,0.3296089172363281,
16,instruct,correctness_instruct,suppression,0.08,701.0556640625,9743.561401367188,13.60832597956311,0.6201117038726807,
16,instruct,correctness_instruct,suppression,0.1,2862.19384765625,12605.755249023438,14.084642736339037,0.6089385151863098,
16,instruct,correctness_instruct,suppression,0.12000000000000001,5833.21142578125,18438.966674804688,17.168497835013675,0.5810055732727051,
16,instruct,correctness_instruct,suppression,0.13999999999999999,1735.61669921875,20174.583374023438,16.11388448404428,0.6685393452644348,
16,instruct,correctness_instruct,suppression,0.16,2952.788330078125,23127.371704101562,16.150399234707795,0.6111111044883728,
16,instruct,correctness_instruct,suppression,0.18,4789.84521484375,27917.216918945312,17.329122854714658,0.597765326499939,
16,instruct,correctness_instruct,suppression,0.2,5509.54638671875,33426.76330566406,18.67416944450506,0.5810055732727051,
16,instruct,correctness_instruct,suppression,0.25,1885.686279296875,35312.44958496094,15.785627887778693,0.6510066986083984,
16,instruct,correctness_instruct,suppression,0.3,5059.173828125,40371.62341308594,15.035986373588804,0.6205357313156128,
16,instruct,correctness_instruct,suppression,0.35,3672.780517578125,44044.40393066406,14.062708790122626,0.6353467702865601,
16,instruct,correctness_instruct,suppression,0.39999999999999997,3389.151123046875,47433.55505371094,13.25329842238361,0.644295334815979,
16,instruct,correctness_instruct,suppression,0.44999999999999996,8882.166015625,56315.72106933594,13.984534658389853,0.609375,
16,instruct,correctness_instruct,suppression,0.49999999999999994,11827.99609375,68143.71716308594,15.231049879992387,0.6308724880218506,
16,instruct,correctness_instruct,suppression,0.5499999999999999,10265.3671875,78409.08435058594,15.930330018404295,0.3839285969734192,
16,instruct,correctness_instruct,suppression,0.5999999999999999,527.0160522460938,78936.10040283203,14.70219787722705,0.6577181220054626,
16,instruct,correctness_instruct,suppression,0.6499999999999999,12266.3564453125,91202.45684814453,15.678606987819242,0.6361607313156128,
16,instruct,correctness_instruct,suppression,0.7,12754.798828125,103957.25567626953,16.59333689964398,0.3571428656578064,
16,instruct,correctness_instruct,suppression,0.7499999999999998,8589.0390625,112546.29473876953,16.767922338910836,0.4026845693588257,
16,instruct,correctness_instruct,suppression,0.7999999999999998,2610.861328125,115157.15606689453,16.085648284242847,0.33557048439979553,
16,instruct,correctness_instruct,suppression,0.8499999999999999,4900.44921875,120057.60528564453,15.78251679842836,0.6361607313156128,
16,instruct,correctness_instruct,suppression,0.8999999999999999,7893.67431640625,127951.27960205078,15.886674894717007,0.6308724880218506,
16,instruct,correctness_instruct,suppression,0.9499999999999997,13093.609375,141044.88897705078,16.589612911909054,0.6205357313156128,
16,instruct,correctness_instruct,suppression,0.9999999999999998,11198.4609375,152243.34991455078,17.012330977153958,0.3870246112346649,
16,instruct,correctness_instruct,suppression,test,36334.765625,152243.34991455078,12.176530035187668,0.38672924041748047,test
16,instruct,multitask_dual,suppression,0.02,1202.4024658203125,1202.4024658203125,6.717332211286662,0.06703910417854786,
16,instruct,multitask_dual,suppression,0.04,5494.644775390625,6697.0472412109375,18.706835869304296,0.06145251076668501,
16,instruct,multitask_dual,suppression,0.06,5278.674560546875,11975.721801757812,22.301157917612315,0.08100558444857597,
16,instruct,multitask_dual,suppression,0.08,7114.8023681640625,19090.524169921875,26.66274325408083,0.07541899383068085,
16,instruct,multitask_dual,suppression,0.1,6215.312744140625,25305.8369140625,28.274678116270948,0.13407820463180542,
16,instruct,multitask_dual,suppression,0.12000000000000001,5972.7860107421875,31278.622924804688,29.1234850324066,0.10614524409174919,
16,instruct,multitask_dual,suppression,0.13999999999999999,3921.933837890625,35200.55676269531,28.115460673079323,0.21067415922880173,
16,instruct,multitask_dual,suppression,0.16,5498.2540283203125,40698.810791015625,28.42095725629583,0.08888888917863369,
16,instruct,multitask_dual,suppression,0.18,3617.2186279296875,44316.02941894531,27.508398149562577,0.20670390129089355,
16,instruct,multitask_dual,suppression,0.2,2865.5883178710938,47181.617736816406,26.358445663025925,0.1536312848329544,
16,instruct,multitask_dual,suppression,0.25,7517.47509765625,54699.092834472656,24.451986068159435,0.18791946023702621,
16,instruct,multitask_dual,suppression,0.3,9218.55126953125,63917.644104003906,23.805454042459555,0.2087053656578064,
16,instruct,multitask_dual,suppression,0.35,6866.66796875,70784.3120727539,22.60035506792909,0.16778523847460747,
16,instruct,multitask_dual,suppression,0.39999999999999997,6711.918701171875,77496.23077392578,21.65304017153556,0.16219240054488182,
16,instruct,multitask_dual,suppression,0.44999999999999996,8023.32421875,85519.55499267578,21.236542089067736,0.1897321455180645,
16,instruct,multitask_dual,suppression,0.49999999999999994,6534.666748046875,92054.22174072266,20.57537365684458,0.3008948490023613,
16,instruct,multitask_dual,suppression,0.5499999999999999,7685.9111328125,99740.13287353516,20.264147272152613,0.2600446566939354,
16,instruct,multitask_dual,suppression,0.5999999999999999,5445.0107421875,105185.14361572266,19.59119828938772,0.12975391373038292,
16,instruct,multitask_dual,suppression,0.6499999999999999,6380.746826171875,111565.89044189453,19.17928321160298,0.2968750149011612,
16,instruct,multitask_dual,suppression,0.7,6755.517822265625,118321.40826416016,18.886098685420617,0.3091517984867096,
16,instruct,multitask_dual,suppression,0.7499999999999998,7041.7373046875,125363.14556884766,18.677465072831893,0.15659955516457558,
16,instruct,multitask_dual,suppression,0.7999999999999998,5589.860595703125,130953.00616455078,18.29208076051834,0.2281879186630249,
16,instruct,multitask_dual,suppression,0.8499999999999999,4277.3800048828125,135230.3861694336,17.77709822130059,0.2734375149011612,
16,instruct,multitask_dual,suppression,0.8999999999999999,4314.9859619140625,139545.37213134766,17.326219534560177,0.25167785212397575,
16,instruct,multitask_dual,suppression,0.9499999999999997,5520.025390625,145065.39752197266,17.062502649020544,0.2254464402794838,
16,instruct,multitask_dual,suppression,0.9999999999999998,6283.952392578125,151349.34991455078,16.912431547050037,0.21252796798944473,
16,instruct,multitask_dual,suppression,test,45674.947265625,151349.34991455078,15.306617716362265,0.3135053738951683,test
16,instruct,multitask_triple_instruct,suppression,0.02,1278.3843994140625,1278.3843994140625,7.141812287229399,0.28305400162935257,
16,instruct,multitask_triple_instruct,suppression,0.04,6910.1746826171875,8188.55908203125,22.873070061539803,0.2737429973979791,
16,instruct,multitask_triple_instruct,suppression,0.06,9256.999389648438,17445.558471679688,32.487073504059005,0.2662942123909791,
16,instruct,multitask_triple_instruct,suppression,0.08,8848.875610351562,26294.43408203125,36.72406994697102,0.21973928809165955,
16,instruct,multitask_triple_instruct,suppression,0.1,7794.7215576171875,34089.15563964844,38.08844205547312,0.216014896829923,
16,instruct,multitask_triple_instruct,suppression,0.12000000000000001,6190.23388671875,40279.38952636719,37.50408708227857,0.22532587498426437,
16,instruct,multitask_triple_instruct,suppression,0.13999999999999999,4649.804595947266,44929.19412231445,35.88593779737576,0.2921348387996356,
16,instruct,multitask_triple_instruct,suppression,0.16,7251.51611328125,52180.7102355957,36.43904346061152,0.27962963034709293,
16,instruct,multitask_triple_instruct,suppression,0.18,8242.887329101562,60423.597564697266,37.50688861868235,0.23277465999126434,
16,instruct,multitask_triple_instruct,suppression,0.2,10357.2421875,70780.83975219727,39.54236857664652,0.28119180103143054,
16,instruct,multitask_triple_instruct,suppression,0.25,20644.140380859375,91424.98013305664,40.869459156484865,0.21551082159082094,
16,instruct,multitask_triple_instruct,suppression,0.3,14887.02294921875,106312.00308227539,39.594786995260854,0.3281250099341075,
16,instruct,multitask_triple_instruct,suppression,0.35,20108.560546875,126420.56362915039,40.36416463255121,0.340790460507075,
16,instruct,multitask_triple_instruct,suppression,0.39999999999999997,20940.646484375,147361.2101135254,41.17385026921637,0.36689038823048276,
16,instruct,multitask_triple_instruct,suppression,0.44999999999999996,17729.8408203125,165091.0509338379,40.99603946705684,0.2723214477300644,
16,instruct,multitask_triple_instruct,suppression,0.49999999999999994,17062.072265625,182153.1231994629,40.7137065711808,0.35495898872613907,
16,instruct,multitask_triple_instruct,suppression,0.5499999999999999,16911.4765625,199064.5997619629,40.44384391750567,0.4010416865348816,
16,instruct,multitask_triple_instruct,suppression,0.5999999999999999,9388.209716796875,208452.80947875977,38.82525786529331,0.3557046949863434,
16,instruct,multitask_triple_instruct,suppression,0.6499999999999999,14060.58837890625,222513.39785766602,38.252260247149046,0.3482142984867096,
16,instruct,multitask_triple_instruct,suppression,0.7,17406.8623046875,239920.26016235352,38.2953328271913,0.3660714526971181,
16,instruct,multitask_triple_instruct,suppression,0.7499999999999998,19734.577880859375,259654.8380432129,38.68516657378023,0.4146159589290619,
16,instruct,multitask_triple_instruct,suppression,0.7999999999999998,16385.40087890625,276040.23892211914,38.558491258851674,0.3378076106309891,
16,instruct,multitask_triple_instruct,suppression,0.8499999999999999,16435.761352539062,292476.0002746582,38.448271365145025,0.2938988258441289,
16,instruct,multitask_triple_instruct,suppression,0.8999999999999999,7191.268310546875,299667.2685852051,37.20725957104607,0.33258762458960217,
16,instruct,multitask_triple_instruct,suppression,0.9499999999999997,5316.735412597656,304984.00399780273,35.87203058078131,0.4069940696159999,
16,instruct,multitask_triple_instruct,suppression,0.9999999999999998,10332.390380859375,315316.3943786621,35.234818904756075,0.4623415420452754,
16,instruct,multitask_triple_instruct,suppression,test,99409.51171875,315316.3943786621,33.3141795304122,0.37835122644901276,test
16,base,attribute,enhancement,0.02,518.9041748046875,518.9041748046875,2.898906004495461,0.044692736119031906,
16,base,attribute,enhancement,0.04,2739.609375,3258.5135498046875,9.076639414497738,0.0833333358168602,
16,base,attribute,enhancement,0.06,3296.661865234375,6555.1754150390625,12.184340920146957,0.14525139331817627,
16,base,attribute,enhancement,0.08,4007.44091796875,10562.616333007812,14.711164809203082,0.03888889029622078,
16,base,attribute,enhancement,0.1,3873.235107421875,14435.851440429688,16.093479866699763,0.18435753881931305,
16,base,attribute,enhancement,0.12000000000000001,5474.57666015625,19910.428100585938,18.486934169531974,0.15555556118488312,
16,base,attribute,enhancement,0.13999999999999999,3400.56591796875,23310.994018554688,18.559708613498955,0.27374300360679626,
16,base,attribute,enhancement,0.16,3709.17822265625,27020.172241210938,18.816275933990905,0.12777778506278992,
16,base,attribute,enhancement,0.18,2258.425048828125,29278.597290039062,18.129162408692917,0.13966479897499084,
16,base,attribute,enhancement,0.2,3547.206298828125,32825.80358886719,18.287355759814588,0.23888888955116272,
16,base,attribute,enhancement,0.25,6868.10498046875,39693.90856933594,17.688907562092663,0.3095768392086029,
16,base,attribute,enhancement,0.3,4899.98876953125,44593.89733886719,16.559189505706346,0.28953230381011963,
16,base,attribute,enhancement,0.35,5550.49853515625,50144.39587402344,15.964468600453179,0.3816964328289032,
16,base,attribute,enhancement,0.39999999999999997,5486.1806640625,55630.57653808594,15.495982322586611,0.34075725078582764,
16,base,attribute,enhancement,0.44999999999999996,2465.93212890625,58096.50866699219,14.383884294873035,0.40534523129463196,
16,base,attribute,enhancement,0.49999999999999994,3484.36279296875,61580.87145996094,13.721228043663311,0.37861916422843933,
16,base,attribute,enhancement,0.5499999999999999,5858.53076171875,67439.40222167969,13.65999639896287,0.11804009228944778,
16,base,attribute,enhancement,0.5999999999999999,8210.388671875,75649.79089355469,14.04563514547989,0.19153675436973572,
16,base,attribute,enhancement,0.6499999999999999,4176.38916015625,79826.18005371094,13.680579272272654,0.3986636996269226,
16,base,attribute,enhancement,0.7,1979.1431884765625,81805.3232421875,13.020105561385883,0.377232164144516,
16,base,attribute,enhancement,0.7499999999999998,2448.26904296875,84253.59228515625,12.515388039981618,0.314031183719635,
16,base,attribute,enhancement,0.7999999999999998,1633.512939453125,85887.10522460938,11.960326587468233,0.532293975353241,
16,base,attribute,enhancement,0.8499999999999999,2056.279296875,87943.38452148438,11.526000592592972,0.5590200424194336,
16,base,attribute,enhancement,0.8999999999999999,3902.259765625,91845.64428710938,11.368442169465203,0.34966593980789185,
16,base,attribute,enhancement,0.9499999999999997,2057.362548828125,93903.0068359375,11.011140576446705,0.3853006660938263,
16,base,attribute,enhancement,0.9999999999999998,1604.7530517578125,95507.75988769531,10.640347581071225,0.4352678656578064,
16,base,attribute,enhancement,test,12371.697265625,95507.75988769531,4.133544024599065,0.46541932225227356,test
16,base,state,enhancement,0.02,684.1672973632812,684.1672973632812,3.8221636724205656,0.016759775578975677,
16,base,state,enhancement,0.04,1616.614990234375,2300.7822875976562,6.408864310856981,0.06111111119389534,
16,base,state,enhancement,0.06,2688.505859375,4989.288146972656,9.273769789912,0.033519551157951355,
16,base,state,enhancement,0.08,1184.45068359375,6173.738830566406,8.598522048142627,0.07222222536802292,
16,base,state,enhancement,0.1,2336.521728515625,8510.260559082031,9.487469965531808,0.07262569665908813,
16,base,state,enhancement,0.12000000000000001,1230.3358154296875,9740.596374511719,9.044193476798252,0.05000000074505806,
16,base,state,enhancement,0.13999999999999999,2369.975830078125,12110.572204589844,9.642175322125672,0.044692736119031906,
16,base,state,enhancement,0.16,1224.03564453125,13334.607849121094,9.285938613594077,0.0555555559694767,
16,base,state,enhancement,0.18,1940.6070556640625,15275.214904785156,9.45833740234375,0.07262569665908813,
16,base,state,enhancement,0.2,1735.799072265625,17011.01397705078,9.476888009499042,0.12222222238779068,
16,base,state,enhancement,0.25,5141.96728515625,22152.98126220703,9.87209503663415,0.057906460016965866,
16,base,state,enhancement,0.3,3407.915283203125,25560.896545410156,9.491606589457911,0.07126948982477188,
16,base,state,enhancement,0.35,2226.130859375,27787.027404785156,8.846554410947201,0.1026785746216774,
16,base,state,enhancement,0.39999999999999997,2736.896240234375,30523.92364501953,8.502485694991513,0.07349666208028793,
16,base,state,enhancement,0.44999999999999996,2822.431396484375,33346.355041503906,8.256091864695199,0.10913140326738358,
16,base,state,enhancement,0.49999999999999994,3924.8623046875,37271.217346191406,8.30463844612108,0.10467706620693207,
16,base,state,enhancement,0.5499999999999999,4468.62939453125,41739.846740722656,8.45449599771575,0.07795100659132004,
16,base,state,enhancement,0.5999999999999999,3917.3525390625,45657.199279785156,8.477014348270545,0.0935412049293518,
16,base,state,enhancement,0.6499999999999999,2423.185302734375,48080.38458251953,8.239997357758275,0.12917594611644745,
16,base,state,enhancement,0.7,2292.178955078125,50372.563537597656,8.017278933248075,0.1629464328289032,
16,base,state,enhancement,0.7499999999999998,3142.5244140625,53515.087951660156,7.949359469943577,0.1314031183719635,
16,base,state,enhancement,0.7999999999999998,3190.7802734375,56705.868225097656,7.896653422238916,0.14699332416057587,
16,base,state,enhancement,0.8499999999999999,2050.5771484375,58756.445373535156,7.700713679362406,0.11135857552289963,
16,base,state,enhancement,0.8999999999999999,3914.992919921875,62671.43829345703,7.757326190550443,0.07572383433580399,
16,base,state,enhancement,0.9499999999999997,3723.48681640625,66394.92510986328,7.785521237085281,0.14922049641609192,
16,base,state,enhancement,0.9999999999999998,4189.970703125,70584.89581298828,7.863736164548605,0.0691964328289032,
16,base,state,enhancement,test,24984.390625,70584.89581298828,8.34760796024056,0.1062479093670845,test
16,base,correctness_base,enhancement,0.02,130.8950653076172,130.8950653076172,0.7312573480872469,0.6033519506454468,
16,base,correctness_base,enhancement,0.04,2880.888916015625,3011.783981323242,8.38937042151321,0.6111111044883728,
16,base,correctness_base,enhancement,0.06,3461.717041015625,6473.501022338867,12.03252978129901,0.6089385151863098,
16,base,correctness_base,enhancement,0.08,2792.346435546875,9265.847457885742,12.905080024910504,0.5555555820465088,
16,base,correctness_base,enhancement,0.1,2259.853515625,11525.700973510742,12.84916496489492,0.6201117038726807,
16,base,correctness_base,enhancement,0.12000000000000001,2761.1416015625,14286.842575073242,13.265406290690104,0.4166666865348816,
16,base,correctness_base,enhancement,0.13999999999999999,1580.36865234375,15867.211227416992,12.633129958134548,0.46368715167045593,
16,base,correctness_base,enhancement,0.16,2751.720703125,18618.931930541992,12.965830035196374,0.39444446563720703,
16,base,correctness_base,enhancement,0.18,6476.27880859375,25095.210739135742,15.53883017903142,0.3910614550113678,
16,base,correctness_base,enhancement,0.2,3991.90185546875,29087.112594604492,16.204519551311694,0.5277777910232544,
16,base,correctness_base,enhancement,0.25,6171.08544921875,35258.19804382324,15.712209466944405,0.5902004837989807,
16,base,correctness_base,enhancement,0.3,9755.841796875,45014.03984069824,16.715202317377734,0.6213808655738831,
16,base,correctness_base,enhancement,0.35,11077.837890625,56091.87773132324,17.857968077466808,0.5892857313156128,
16,base,correctness_base,enhancement,0.39999999999999997,8479.2333984375,64571.11112976074,17.986381930295472,0.6458797454833984,
16,base,correctness_base,enhancement,0.44999999999999996,11735.4033203125,76306.51445007324,18.89242744493024,0.5367483496665955,
16,base,correctness_base,enhancement,0.49999999999999994,9843.7138671875,86150.22831726074,19.19568367140391,0.5501113533973694,
16,base,correctness_base,enhancement,0.5499999999999999,9851.99609375,96002.22441101074,19.445457648574184,0.583518922328949,
16,base,correctness_base,enhancement,0.5999999999999999,7506.39306640625,103508.61747741699,19.218087166248978,0.5924276113510132,
16,base,correctness_base,enhancement,0.6499999999999999,7908.46533203125,111417.08280944824,19.09461573426705,0.5723831057548523,
16,base,correctness_base,enhancement,0.7,6520.9638671875,117938.04667663574,18.770976711226442,0.598214328289032,
16,base,correctness_base,enhancement,0.7499999999999998,2296.6845703125,120234.73124694824,17.860179923789104,0.5679287314414978,
16,base,correctness_base,enhancement,0.7999999999999998,1582.967041015625,121817.69828796387,16.963890584593212,0.6213808655738831,
16,base,correctness_base,enhancement,0.8499999999999999,625.9620361328125,122443.66032409668,16.047661903551333,0.6102449893951416,
16,base,correctness_base,enhancement,0.8999999999999999,1105.949462890625,123549.6097869873,15.292685949620907,0.5812917947769165,
16,base,correctness_base,enhancement,0.9499999999999997,554.8651733398438,124104.47496032715,14.552588527242865,0.576837420463562,
16,base,correctness_base,enhancement,0.9999999999999998,828.0481567382812,124932.52311706543,13.918507477391424,0.5758928656578064,
16,base,correctness_base,enhancement,test,3039.132568359375,124932.52311706543,1.015413487590837,0.600735068321228,test
16,base,multitask_dual,enhancement,0.02,1247.2102661132812,1247.2102661132812,6.967655117951292,0.019553072284907103,
16,base,multitask_dual,enhancement,0.04,4468.310302734375,5715.520568847656,15.920670108210741,0.06944444589316845,
16,base,multitask_dual,enhancement,0.06,5635.869384765625,11351.389953613281,21.099237831994948,0.0865921750664711,
16,base,multitask_dual,enhancement,0.08,6562.9986572265625,17914.388610839844,24.950401964958,0.07500000298023224,
16,base,multitask_dual,enhancement,0.1,7431.728271484375,25346.11688232422,28.2565405600047,0.05586592108011246,
16,base,multitask_dual,enhancement,0.12000000000000001,6448.3441162109375,31794.460998535156,29.521319404396618,0.11666667088866234,
16,base,multitask_dual,enhancement,0.13999999999999999,4826.61328125,36621.074279785156,29.156906273714295,0.1508379802107811,
16,base,multitask_dual,enhancement,0.16,4844.0743408203125,41465.14862060547,28.875451685658405,0.25555557012557983,
16,base,multitask_dual,enhancement,0.18,5357.205078125,46822.35369873047,28.992169472898123,0.16201116517186165,
16,base,multitask_dual,enhancement,0.2,4407.7138671875,51230.06756591797,28.540427613324773,0.17222222313284874,
16,base,multitask_dual,enhancement,0.25,11034.833984375,62264.90155029297,27.747282330790092,0.2082405388355255,
16,base,multitask_dual,enhancement,0.3,7254.93212890625,69519.83367919922,25.8150143628664,0.2405345244333148,
16,base,multitask_dual,enhancement,0.35,10786.9775390625,80306.81121826172,25.56727514112121,0.129464291036129,
16,base,multitask_dual,enhancement,0.39999999999999997,9017.572509765625,89324.38372802734,24.88144393538366,0.18040089309215546,
16,base,multitask_dual,enhancement,0.44999999999999996,8679.5458984375,98003.92962646484,24.264404463100977,0.22828508168458939,
16,base,multitask_dual,enhancement,0.49999999999999994,5602.8408203125,103606.77044677734,23.0852875327044,0.21714922040700912,
16,base,multitask_dual,enhancement,0.5499999999999999,8328.334716796875,111935.10516357422,22.672697015105168,0.133630296215415,
16,base,multitask_dual,enhancement,0.5999999999999999,4197.7052001953125,116132.81036376953,21.5619774162216,0.30734967067837715,
16,base,multitask_dual,enhancement,0.6499999999999999,4673.05224609375,120805.86260986328,20.703661115657802,0.24276169389486313,
16,base,multitask_dual,enhancement,0.7,5126.280029296875,125932.14263916016,20.04331412369253,0.2343750149011612,
16,base,multitask_dual,enhancement,0.7499999999999998,7302.4140625,133234.55670166016,19.79122945657459,0.23942094668745995,
16,base,multitask_dual,enhancement,0.7999999999999998,4375.33642578125,137609.8931274414,19.16305432773171,0.24721604399383068,
16,base,multitask_dual,enhancement,0.8499999999999999,5945.064208984375,143554.95733642578,18.814542245927363,0.29398664087057114,
16,base,multitask_dual,enhancement,0.8999999999999999,5154.506103515625,148709.4634399414,18.406914647845205,0.3006681576371193,
16,base,multitask_dual,enhancement,0.9499999999999997,4474.140869140625,153183.60430908203,17.96243014881356,0.3273942284286022,
16,base,multitask_dual,enhancement,0.9999999999999998,6468.802490234375,159652.4067993164,17.786587210262525,0.3314732313156128,
16,base,multitask_dual,enhancement,test,36521.75,159652.4067993164,12.202388907450718,0.3351152837276459,test
16,base,multitask_triple_base,enhancement,0.02,1360.5530242919922,1360.5530242919922,7.600854884312805,0.16201116486142078,
16,base,multitask_triple_base,enhancement,0.04,7849.4189453125,9209.971969604492,25.65451802118243,0.15185185459752878,
16,base,multitask_triple_base,enhancement,0.06,10213.281494140625,19423.253463745117,36.102701605474195,0.17877094820141792,
16,base,multitask_triple_base,enhancement,0.08,11247.219482421875,30670.472946166992,42.71653613672283,0.18148148308197656,
16,base,multitask_triple_base,enhancement,0.1,11878.908935546875,42549.38188171387,47.435208340818136,0.1508379876613617,
16,base,multitask_triple_base,enhancement,0.12000000000000001,8205.6083984375,50754.99028015137,47.12626766959273,0.28333334376414615,
16,base,multitask_triple_base,enhancement,0.13999999999999999,9003.04052734375,59758.03080749512,47.57805000596745,0.2383612667520841,
16,base,multitask_triple_base,enhancement,0.16,6266.034515380859,66024.06532287598,45.97776136690528,0.19444445396463075,
16,base,multitask_triple_base,enhancement,0.18,5261.5770263671875,71285.64234924316,44.13971662491837,0.26443202296892804,
16,base,multitask_triple_base,enhancement,0.2,5435.475036621094,76721.11738586426,42.741569574297635,0.20740741367141405,
16,base,multitask_triple_base,enhancement,0.25,16256.0478515625,92977.16523742676,41.433674348229395,0.22717150238653025,
16,base,multitask_triple_base,enhancement,0.3,14978.863037109375,107956.02827453613,40.08764510751435,0.21529324849446616,
16,base,multitask_triple_base,enhancement,0.35,12365.05615234375,120321.08442687988,38.30661713686084,0.23883929600318274,
16,base,multitask_triple_base,enhancement,0.39999999999999997,11724.66943359375,132045.75386047363,36.78154703634363,0.3340757340192795,
16,base,multitask_triple_base,enhancement,0.44999999999999996,14285.1796875,146330.93354797363,36.22949580291499,0.3051224971810977,
16,base,multitask_triple_base,enhancement,0.49999999999999994,21001.010498046875,167331.9440460205,37.28430125802596,0.3036377156774203,
16,base,multitask_triple_base,enhancement,0.5499999999999999,16281.1220703125,183613.066116333,37.191222628384246,0.28953229263424873,
16,base,multitask_triple_base,enhancement,0.5999999999999999,11573.568603515625,195186.63471984863,36.23962768656677,0.2910170753796895,
16,base,multitask_triple_base,enhancement,0.6499999999999999,9917.8818359375,205104.51655578613,35.15073120064886,0.3051225120822589,
16,base,multitask_triple_base,enhancement,0.7,9557.50390625,214662.02046203613,34.16552927933091,0.2998512089252472,
16,base,multitask_triple_base,enhancement,0.7499999999999998,19662.53662109375,234324.55708312988,34.80756938252078,0.3414996365706126,
16,base,multitask_triple_base,enhancement,0.7999999999999998,18305.46533203125,252630.02241516113,35.180340121871765,0.3756496061881383,
16,base,multitask_triple_base,enhancement,0.8499999999999999,17620.619873046875,270250.642288208,35.41948129596435,0.399406095345815,
16,base,multitask_triple_base,enhancement,0.8999999999999999,8303.21826171875,278553.86054992676,34.47875486445436,0.4157386894027392,
16,base,multitask_triple_base,enhancement,0.9499999999999997,6727.7728271484375,285281.6333770752,33.45234912958199,0.3711952567100525,
16,base,multitask_triple_base,enhancement,0.9999999999999998,8314.889526367188,293596.5229034424,32.7090600382623,0.2894345323244731,
16,base,multitask_triple_base,enhancement,test,77304.54296875,293596.5229034424,25.82844736677247,0.3698630134264628,test
16,instruct,attribute,enhancement,0.02,521.0011596679688,521.0011596679688,2.910621003731669,0.05027932673692703,
16,instruct,attribute,enhancement,0.04,2625.924072265625,3146.9252319335938,8.765808445497475,0.1666666716337204,
16,instruct,attribute,enhancement,0.06,4742.2060546875,7889.131286621094,14.663812800410955,0.13966479897499084,
16,instruct,attribute,enhancement,0.08,4841.84912109375,12730.980407714844,17.73117048428251,0.1666666716337204,
16,instruct,attribute,enhancement,0.1,2260.895751953125,14991.876159667969,16.713351348570757,0.14525139331817627,
16,instruct,attribute,enhancement,0.12000000000000001,4154.4013671875,19146.27752685547,17.77741645947583,0.21666666865348816,
16,instruct,attribute,enhancement,0.13999999999999999,2734.0361328125,21880.31365966797,17.420631894640103,0.26815640926361084,
16,instruct,attribute,enhancement,0.16,5166.138671875,27046.45233154297,18.834576832550812,0.12777778506278992,
16,instruct,attribute,enhancement,0.18,2851.64599609375,29898.09832763672,18.512754382437596,0.27374300360679626,
16,instruct,attribute,enhancement,0.2,2832.431396484375,32730.529724121094,18.23427839783905,0.16111111640930176,
16,instruct,attribute,enhancement,0.25,9734.1376953125,42464.667419433594,18.92364858263529,0.08240535110235214,
16,instruct,attribute,enhancement,0.3,5076.91748046875,47541.584899902344,17.653763423654787,0.2717149257659912,
16,instruct,attribute,enhancement,0.35,3253.10302734375,50794.687927246094,16.17150204624199,0.3750000298023224,
16,instruct,attribute,enhancement,0.39999999999999997,3772.528076171875,54567.21600341797,15.199781616550966,0.39198219776153564,
16,instruct,attribute,enhancement,0.44999999999999996,3890.035888671875,58457.251892089844,14.473199280042051,0.48997774720191956,
16,instruct,attribute,enhancement,0.49999999999999994,2778.64208984375,61235.893981933594,13.644361404174152,0.44320714473724365,
16,instruct,attribute,enhancement,0.5499999999999999,4005.69384765625,65241.587829589844,13.21482435276278,0.29398664832115173,
16,instruct,attribute,enhancement,0.5999999999999999,2930.5078125,68172.09564208984,12.657277319363136,0.3808463215827942,
16,instruct,attribute,enhancement,0.6499999999999999,2855.56591796875,71027.6615600586,12.172692640969768,0.3608017861843109,
16,instruct,attribute,enhancement,0.7,2596.9736328125,73624.6351928711,11.718070220097262,0.2366071492433548,
16,instruct,attribute,enhancement,0.7499999999999998,4830.7666015625,78455.4017944336,11.654100088299701,0.38752785325050354,
16,instruct,attribute,enhancement,0.7999999999999998,1708.227294921875,80163.62908935547,11.16329607148802,0.5523385405540466,
16,instruct,attribute,enhancement,0.8499999999999999,2252.50146484375,82416.13055419922,10.801589849829517,0.32962140440940857,
16,instruct,attribute,enhancement,0.8999999999999999,2276.68359375,84692.81414794922,10.483081340258599,0.4120267331600189,
16,instruct,attribute,enhancement,0.9499999999999997,1291.9200439453125,85984.73419189453,10.082637686666807,0.47661471366882324,
16,instruct,attribute,enhancement,0.9999999999999998,3764.834228515625,89749.56842041016,9.998837836498458,0.5491071939468384,
16,instruct,attribute,enhancement,test,15133.6474609375,89749.56842041016,5.0563472973396255,0.3077180087566376,test
16,instruct,state,enhancement,0.02,644.0126953125,644.0126953125,3.597836286662011,0.07821229100227356,
16,instruct,state,enhancement,0.04,938.2116088867188,1582.2243041992188,4.407310039552141,0.08888889104127884,
16,instruct,state,enhancement,0.06,1929.994384765625,3512.2186889648438,6.528287525956959,0.03910614550113678,
16,instruct,state,enhancement,0.08,1304.0443115234375,4816.263000488281,6.707887187309584,0.03888889029622078,
16,instruct,state,enhancement,0.1,1524.309814453125,6340.572814941406,7.068643048987075,0.061452511698007584,
16,instruct,state,enhancement,0.12000000000000001,2504.65673828125,8845.229553222656,8.212840810791695,0.03888889029622078,
16,instruct,state,enhancement,0.13999999999999999,1502.81640625,10348.045959472656,8.238890095121542,0.03910614550113678,
16,instruct,state,enhancement,0.16,843.5457153320312,11191.591674804688,7.793587517273459,0.11666666716337204,
16,instruct,state,enhancement,0.18,848.4306640625,12040.022338867188,7.455122191249033,0.07262569665908813,
16,instruct,state,enhancement,0.2,1684.0484619140625,13724.07080078125,7.645721894585654,0.02777777798473835,
16,instruct,state,enhancement,0.25,2723.3974609375,16447.46826171875,7.32953131092636,0.0890868604183197,
16,instruct,state,enhancement,0.3,3681.3857421875,20128.85400390625,7.474509470444207,0.06904231756925583,
16,instruct,state,enhancement,0.35,3725.439453125,23854.29345703125,7.594490116851719,0.113839291036129,
16,instruct,state,enhancement,0.39999999999999997,3612.1337890625,27466.42724609375,7.650815388884053,0.08240535110235214,
16,instruct,state,enhancement,0.44999999999999996,4275.8564453125,31742.28369140625,7.858946197426652,0.08017817884683609,
16,instruct,state,enhancement,0.49999999999999994,3920.8818359375,35663.16552734375,7.946338129978554,0.14922049641609192,
16,instruct,state,enhancement,0.5499999999999999,3626.549560546875,39289.715087890625,7.958216546058462,0.08685968816280365,
16,instruct,state,enhancement,0.5999999999999999,2699.57763671875,41989.292724609375,7.796006818531262,0.10467706620693207,
16,instruct,state,enhancement,0.6499999999999999,2867.70849609375,44857.001220703125,7.68757518778117,0.0935412049293518,
16,instruct,state,enhancement,0.7,4140.970703125,48997.971923828125,7.798499430817782,0.1183035746216774,
16,instruct,state,enhancement,0.7499999999999998,2702.3017578125,51700.273681640625,7.67977921592998,0.15812918543815613,
16,instruct,state,enhancement,0.7999999999999998,4243.0615234375,55943.335205078125,7.79046584111936,0.057906460016965866,
16,instruct,state,enhancement,0.8499999999999999,5276.236328125,61219.571533203125,8.023534932267776,0.11135857552289963,
16,instruct,state,enhancement,0.8999999999999999,2417.630615234375,63637.2021484375,7.876866214684676,0.10690423846244812,
16,instruct,state,enhancement,0.9499999999999997,2821.843994140625,66459.04614257812,7.793040119908317,0.1269487738609314,
16,instruct,state,enhancement,0.9999999999999998,2634.33740234375,69093.38354492188,7.697569468017143,0.098214291036129,
16,instruct,state,enhancement,test,29214.943359375,69093.38354492188,9.76109033056298,0.12261945009231567,test
16,instruct,correctness_instruct,enhancement,0.02,135.41470336914062,135.41470336914062,0.7565067227326292,0.3016759753227234,
16,instruct,correctness_instruct,enhancement,0.04,3469.900634765625,3605.3153381347656,10.042661109010488,0.6777777671813965,
16,instruct,correctness_instruct,enhancement,0.06,132.4527130126953,3737.768051147461,6.947524258638404,0.748603343963623,
16,instruct,correctness_instruct,enhancement,0.08,3709.96240234375,7447.730453491211,10.372883639959904,0.23333333432674408,
16,instruct,correctness_instruct,enhancement,0.1,3135.084716796875,10582.815170288086,11.798010223286607,0.7765362858772278,
16,instruct,correctness_instruct,enhancement,0.12000000000000001,1793.635009765625,12376.450180053711,11.491597195964449,0.7888889312744141,
16,instruct,correctness_instruct,enhancement,0.13999999999999999,589.0062866210938,12965.456466674805,10.322815658180577,0.7709497213363647,
16,instruct,correctness_instruct,enhancement,0.16,2943.877197265625,15909.33366394043,11.078923164303921,0.25,
16,instruct,correctness_instruct,enhancement,0.18,3341.368896484375,19250.702560424805,11.919939665897711,0.7765362858772278,
16,instruct,correctness_instruct,enhancement,0.2,2045.2919921875,21295.994552612305,11.864063817611312,0.7944444417953491,
16,instruct,correctness_instruct,enhancement,0.25,1303.0302734375,22599.024826049805,10.070866678275314,0.7728285193443298,
16,instruct,correctness_instruct,enhancement,0.3,5638.494140625,28237.518966674805,10.485525052608542,0.23608018457889557,
16,instruct,correctness_instruct,enhancement,0.35,8935.3017578125,37172.820724487305,11.834708922154507,0.7968750596046448,
16,instruct,correctness_instruct,enhancement,0.39999999999999997,10095.93359375,47268.754318237305,13.166783932656632,0.7661470174789429,
16,instruct,correctness_instruct,enhancement,0.44999999999999996,8925.7490234375,56194.503341674805,13.912974335646151,0.804008960723877,
16,instruct,correctness_instruct,enhancement,0.49999999999999994,1748.513916015625,57943.01725769043,12.91065446918236,0.7683742046356201,
16,instruct,correctness_instruct,enhancement,0.5499999999999999,3700.980712890625,61643.997970581055,12.486124766169953,0.25167039036750793,
16,instruct,correctness_instruct,enhancement,0.5999999999999999,11993.9072265625,73637.90519714355,13.672095283539464,0.7394209504127502,
16,instruct,correctness_instruct,enhancement,0.6499999999999999,7045.896484375,80683.80168151855,13.827558128794953,0.7661470174789429,
16,instruct,correctness_instruct,enhancement,0.7,1978.259521484375,82662.06120300293,13.156463664332792,0.7455357313156128,
16,instruct,correctness_instruct,enhancement,0.7499999999999998,1381.5753173828125,84043.63652038574,12.484200314971144,0.24498887360095978,
16,instruct,correctness_instruct,enhancement,0.7999999999999998,4253.81787109375,88297.45439147949,12.295983065238755,0.21826280653476715,
16,instruct,correctness_instruct,enhancement,0.8499999999999999,2820.8291015625,91118.28349304199,11.942107928314808,0.7706013321876526,
16,instruct,correctness_instruct,enhancement,0.8999999999999999,6326.935546875,97445.21903991699,12.061544626799975,0.2249443233013153,
16,instruct,correctness_instruct,enhancement,0.9499999999999997,10531.9462890625,107977.16532897949,12.66148749167208,0.24276170134544373,
16,instruct,correctness_instruct,enhancement,0.9999999999999998,8481.0068359375,116458.17216491699,12.97439529466544,0.7767857313156128,
16,instruct,correctness_instruct,enhancement,test,41170.125,116458.17216491699,13.75547109923154,0.7691279649734497,test
16,instruct,multitask_dual,enhancement,0.02,1196.9263916015625,1196.9263916015625,6.686739617885824,0.058659217320382595,
16,instruct,multitask_dual,enhancement,0.04,4713.4825439453125,5910.408935546875,16.463534639406337,0.044444446451961994,
16,instruct,multitask_dual,enhancement,0.06,6391.356201171875,12301.76513671875,22.865734454867564,0.09497206471860409,
16,instruct,multitask_dual,enhancement,0.08,4599.799560546875,16901.564697265625,23.539783700927053,0.10000000149011612,
16,instruct,multitask_dual,enhancement,0.1,6883.6846923828125,23785.249389648438,26.516443020789787,0.061452511698007584,
16,instruct,multitask_dual,enhancement,0.12000000000000001,6278.39501953125,30063.644409179688,27.91424736228383,0.07777778059244156,
16,instruct,multitask_dual,enhancement,0.13999999999999999,3456.73388671875,33520.37829589844,26.688199280173915,0.1731843538582325,
16,instruct,multitask_dual,enhancement,0.16,6588.0941162109375,40108.472412109375,27.930691094783686,0.09166667051613331,
16,instruct,multitask_dual,enhancement,0.18,5290.3289794921875,45398.80139160156,28.1107129359762,0.16201116889715195,
16,instruct,multitask_dual,enhancement,0.2,4063.2276611328125,49462.029052734375,27.55544794024199,0.17500000074505806,
16,instruct,multitask_dual,enhancement,0.25,11868.80078125,61330.829833984375,27.3310293377827,0.12806235998868942,
16,instruct,multitask_dual,enhancement,0.3,8167.9384765625,69498.76831054688,25.807192094521678,0.2282850779592991,
16,instruct,multitask_dual,enhancement,0.35,9783.17333984375,79281.94165039062,25.240987472266994,0.203125,
16,instruct,multitask_dual,enhancement,0.39999999999999997,7163.03857421875,86444.98022460938,24.07938167816417,0.15812917798757553,
16,instruct,multitask_dual,enhancement,0.44999999999999996,5991.891845703125,92436.8720703125,22.886078749767886,0.13028953783214092,
16,instruct,multitask_dual,enhancement,0.49999999999999994,6693.705078125,99130.5771484375,22.087918259455773,0.22717149555683136,
16,instruct,multitask_dual,enhancement,0.5499999999999999,5855.584716796875,104986.16186523438,21.265173559901637,0.21826281771063805,
16,instruct,multitask_dual,enhancement,0.5999999999999999,7527.66162109375,112513.82348632812,20.890052633926498,0.16703786700963974,
16,instruct,multitask_dual,enhancement,0.6499999999999999,7126.555908203125,119640.37939453125,20.503921061616325,0.237193763256073,
16,instruct,multitask_dual,enhancement,0.7,5257.6943359375,124898.07373046875,19.878732091432237,0.2176339328289032,
16,instruct,multitask_dual,enhancement,0.7499999999999998,6308.581787109375,131206.65551757812,19.489996363276607,0.2761692777276039,
16,instruct,multitask_dual,enhancement,0.7999999999999998,4803.90673828125,136010.56225585938,18.94033731456056,0.2583518996834755,
16,instruct,multitask_dual,enhancement,0.8499999999999999,6735.764404296875,142746.32666015625,18.70856181653424,0.3340757340192795,
16,instruct,multitask_dual,enhancement,0.8999999999999999,8173.275390625,150919.60205078125,18.680480511298583,0.24832963198423386,
16,instruct,multitask_dual,enhancement,0.9499999999999997,6875.73828125,157795.34033203125,18.503205948877962,0.2505567967891693,
16,instruct,multitask_dual,enhancement,0.9999999999999998,4356.5982666015625,162151.9385986328,18.065055547976026,0.3537946566939354,
16,instruct,multitask_dual,enhancement,test,28720.6904296875,162151.9385986328,9.595954035979787,0.32926829904317856,test
16,instruct,multitask_triple_instruct,enhancement,0.02,1334.0088958740234,1334.0088958740234,7.45256366410069,0.14711359329521656,
16,instruct,multitask_triple_instruct,enhancement,0.04,10373.595336914062,11707.604232788086,32.61171095484146,0.29814814527829486,
16,instruct,multitask_triple_instruct,enhancement,0.06,6702.687255859375,18410.29148864746,34.219872655478554,0.29981377472480136,
16,instruct,multitask_triple_instruct,enhancement,0.08,8052.63134765625,26462.92283630371,36.85643849067369,0.13518518706162772,
16,instruct,multitask_triple_instruct,enhancement,0.1,8354.290893554688,34817.2137298584,38.81517695636388,0.3202979415655136,
16,instruct,multitask_triple_instruct,enhancement,0.12000000000000001,9237.518798828125,44054.73252868652,40.905044130628156,0.2944444598009189,
16,instruct,multitask_triple_instruct,enhancement,0.13999999999999999,6613.5809326171875,50668.31346130371,40.34101390231187,0.3109869634111722,
16,instruct,multitask_triple_instruct,enhancement,0.16,8300.003784179688,58968.3172454834,41.064287775406264,0.15000000223517418,
16,instruct,multitask_triple_instruct,enhancement,0.18,8354.176391601562,67322.49363708496,41.68575457404641,0.3817504495382309,
16,instruct,multitask_triple_instruct,enhancement,0.2,5147.815612792969,72470.30924987793,40.37343133697935,0.44814815123875934,
16,instruct,multitask_triple_instruct,enhancement,0.25,15068.6875,87538.99674987793,39.01024810600621,0.37861916422843933,
16,instruct,multitask_triple_instruct,enhancement,0.3,8536.345458984375,96075.3422088623,35.675953289588676,0.4187082499265671,
16,instruct,multitask_triple_instruct,enhancement,0.35,7058.5960693359375,103133.93827819824,32.8347463477231,0.2886904949943225,
16,instruct,multitask_triple_instruct,enhancement,0.39999999999999997,17344.62890625,120478.56718444824,33.559489466420125,0.3801039457321167,
16,instruct,multitask_triple_instruct,enhancement,0.44999999999999996,14451.587158203125,134930.15434265137,33.406822070475705,0.4261321723461151,
16,instruct,multitask_triple_instruct,enhancement,0.49999999999999994,9882.873352050781,144813.02769470215,32.26671740078034,0.4038604522744815,
16,instruct,multitask_triple_instruct,enhancement,0.5499999999999999,11842.903442382812,156655.93113708496,31.73099678693234,0.2516703928510348,
16,instruct,multitask_triple_instruct,enhancement,0.5999999999999999,18678.021484375,175333.95262145996,32.55364883428518,0.4075723960995674,
16,instruct,multitask_triple_instruct,enhancement,0.6499999999999999,11434.164184570312,186768.11680603027,32.008246239251115,0.40163327008485794,
16,instruct,multitask_triple_instruct,enhancement,0.7,9053.04052734375,195821.15733337402,31.166824340820312,0.4114583482344945,
16,instruct,multitask_triple_instruct,enhancement,0.7499999999999998,6663.3692626953125,202484.52659606934,30.077915418310955,0.29695621132850647,
16,instruct,multitask_triple_instruct,enhancement,0.7999999999999998,16201.939208984375,218686.4658050537,30.453483610228897,0.443949523071448,
16,instruct,multitask_triple_instruct,enhancement,0.8499999999999999,12534.170288085938,231220.63609313965,30.30414627695146,0.4298441062370936,
16,instruct,multitask_triple_instruct,enhancement,0.8999999999999999,7521.5489501953125,238742.18504333496,29.55095742583673,0.43355605999628705,
16,instruct,multitask_triple_instruct,enhancement,0.9499999999999997,11039.247314453125,249781.4323577881,29.289567584168395,0.28433557351430255,
16,instruct,multitask_triple_instruct,enhancement,0.9999999999999998,13691.689453125,263473.1218109131,29.353066155404754,0.4694940596818924,
16,instruct,multitask_triple_instruct,enhancement,test,79943.328125,263473.1218109131,26.710099607417305,0.47922931611537933,test
24,base,attribute,all,0.02,1571.869873046875,1571.869873046875,3.1312148865475598,0.07968127727508545,
24,base,attribute,all,0.04,73474.5546875,75046.42456054688,74.67305926422574,0.06759443134069443,
24,base,attribute,all,0.06,111129.9453125,186176.36987304688,123.45913121554833,0.07554671913385391,
24,base,attribute,all,0.08,91237.8671875,277414.2370605469,137.94840231752704,0.033797215670347214,
24,base,attribute,all,0.1,65238.82421875,342653.0612792969,136.297955958352,0.09343936294317245,
24,base,attribute,all,0.12000000000000001,48880.82421875,391533.8854980469,129.8189275524028,0.4501992166042328,
24,base,attribute,all,0.13999999999999999,35227.3046875,426761.1901855469,121.27342716270158,0.41948309540748596,
24,base,attribute,all,0.16,46358.828125,473120.0183105469,117.633022951404,0.3538767099380493,
24,base,attribute,all,0.18,30671.46484375,503791.4831542969,111.33513439873964,0.37773358821868896,
24,base,attribute,all,0.2,15334.0146484375,519125.4978027344,103.24691682631949,0.41550692915916443,
24,base,attribute,all,0.25,72065.1328125,591190.6306152344,94.06374393241597,0.5330151319503784,
24,base,attribute,all,0.3,61972.296875,653162.9274902344,86.60341122914802,0.3778838515281677,
24,base,attribute,all,0.35,19337.275390625,672500.2028808594,76.42916273222632,0.6229116916656494,
24,base,attribute,all,0.39999999999999997,22523.107421875,695023.3103027344,69.11528543185504,0.48130467534065247,
24,base,attribute,all,0.44999999999999996,36621.82421875,731645.1345214844,64.6729545232462,0.5035799741744995,
24,base,attribute,all,0.49999999999999994,37587.53125,769232.6657714844,61.19591613138301,0.5298329591751099,
24,base,attribute,all,0.5499999999999999,40505.6796875,809738.3454589844,58.56211365147786,0.530628502368927,
24,base,attribute,all,0.5999999999999999,28598.029296875,838336.3747558594,55.57785565870189,0.49562451243400574,
24,base,attribute,all,0.6499999999999999,30516.271484375,868852.6462402344,53.17010257880389,0.560859203338623,
24,base,attribute,all,0.7,27398.55078125,896251.1970214844,50.92915087063782,0.5680190920829773,
24,base,attribute,all,0.7499999999999998,39183.71484375,935434.9118652344,49.61203457253961,0.5887032747268677,
24,base,attribute,all,0.7999999999999998,43550.87109375,978985.7829589844,48.6766996300211,0.5712012648582458,
24,base,attribute,all,0.8499999999999999,12921.5087890625,991907.2917480469,46.41804912480916,0.607796311378479,
24,base,attribute,all,0.8999999999999999,24339.248046875,1016246.5397949219,44.914988941700784,0.47494032979011536,
24,base,attribute,all,0.9499999999999997,15495.2509765625,1031741.7907714844,43.199840504605135,0.5385839343070984,
24,base,attribute,all,0.9999999999999998,15317.83203125,1047059.6228027344,41.649149673935334,0.536197304725647,
24,base,attribute,all,test,255240.421875,1047059.6228027344,30.454650026846437,0.6237919330596924,test
24,base_control,attribute,all,0.02,2032.7965087890625,2032.7965087890625,4.049395435834786,0.05378486216068268,
24,base_control,attribute,all,0.04,89484.2890625,91517.08557128906,91.06177668784981,0.07753478735685349,
24,base_control,attribute,all,0.06,153497.59375,245014.67932128906,162.4765777992633,0.05367793142795563,
24,base_control,attribute,all,0.08,129518.7734375,374533.45275878906,186.24239321670268,0.180914506316185,
24,base_control,attribute,all,0.1,107931.7109375,482465.16369628906,191.9113618521436,0.15506957471370697,
24,base_control,attribute,all,0.12000000000000001,117259.078125,599724.2418212891,198.8475602855733,0.07370518147945404,
24,base_control,attribute,all,0.13999999999999999,98798.265625,698522.5074462891,198.50028628766384,0.069582499563694,
24,base_control,attribute,all,0.16,102289.671875,800812.1793212891,199.10795109927625,0.10536778718233109,
24,base_control,attribute,all,0.18,77838.2890625,878650.4683837891,194.17689909034013,0.09542743116617203,
24,base_control,attribute,all,0.2,112840.5703125,991491.0386962891,197.1939217773049,0.13121271133422852,
24,base_control,attribute,all,0.25,188221.265625,1179712.304321289,187.70283282757185,0.05011933296918869,
24,base_control,attribute,all,0.3,275270.4375,1454982.741821289,192.9173616840744,0.10182975232601166,
24,base_control,attribute,all,0.35,298079.71875,1753062.460571289,199.23428350622675,0.06523468345403671,
24,base_control,attribute,all,0.39999999999999997,295721.6875,2048784.148071289,203.7374848917352,0.10182975232601166,
24,base_control,attribute,all,0.44999999999999996,233742.140625,2282526.288696289,201.76136203449917,0.13762927055358887,
24,base_control,attribute,all,0.49999999999999994,297294.96875,2579821.257446289,205.2363768851463,0.15354017913341522,
24,base_control,attribute,all,0.5499999999999999,197438.65625,2777259.913696289,200.85773585711212,0.10501193255186081,
24,base_control,attribute,all,0.5999999999999999,208617.1875,2985877.101196289,197.94995367251983,0.06682577729225159,
24,base_control,attribute,all,0.6499999999999999,249057.03125,3234934.132446289,197.96426977824424,0.05171041935682297,
24,base_control,attribute,all,0.7,381448.03125,3616382.163696289,205.4996115295084,0.09466984868049622,
24,base_control,attribute,all,0.7499999999999998,238834.84375,3855217.007446289,204.46656098893075,0.11455847322940826,
24,base_control,attribute,all,0.7999999999999998,297564.34375,4152781.351196289,206.48276408096106,0.1718377023935318,
24,base_control,attribute,all,0.8499999999999999,222387.96875,4375169.319946289,204.74375590557767,0.16865552961826324,
24,base_control,attribute,all,0.8999999999999999,197326.03125,4572495.351196289,202.09030987343274,0.007955449633300304,
24,base_control,attribute,all,0.9499999999999997,208027.046875,4780522.398071289,200.16423389319974,0.05887032672762871,
24,base_control,attribute,all,0.9999999999999998,414803.96875,5195326.366821289,206.65578229201628,0.0755767673254013,
24,base_control,attribute,all,test,1447070.0,5195326.366821289,172.66078033647537,0.04617587476968765,test
24,base,state,all,0.02,2337.482421875,2337.482421875,4.656339485806773,0.023904383182525635,
24,base,state,all,0.04,58395.78125,60733.263671875,60.431108131218906,0.047713715583086014,
24,base,state,all,0.06,85620.328125,146353.591796875,97.05145344620358,0.021868785843253136,
24,base,state,all,0.08,98720.0859375,245073.677734375,121.86657271724266,0.033797215670347214,
24,base,state,all,0.1,101747.65625,346821.333984375,137.9559801051611,0.0834989994764328,
24,base,state,all,0.12000000000000001,69831.53125,416652.865234375,138.14750173553549,0.06175298988819122,
24,base,state,all,0.13999999999999999,75813.671875,492466.537109375,139.94502333315572,0.033797215670347214,
24,base,state,all,0.16,82620.1796875,575086.716796875,142.98526026774616,0.0417494997382164,
24,base,state,all,0.18,86947.203125,662033.919921875,146.30583865676795,0.08747514337301254,
24,base,state,all,0.2,85050.125,747084.044921875,148.5847344713355,0.13518886268138885,
24,base,state,all,0.25,187912.703125,934996.748046875,148.76638791517502,0.1320604532957077,
24,base,state,all,0.3,183523.640625,1118520.388671875,148.30554079446765,0.07398568093776703,
24,base,state,all,0.35,188112.71875,1306633.107421875,148.4979096967695,0.048528242856264114,
24,base,state,all,0.39999999999999997,162251.328125,1468884.435546875,146.07044904006315,0.060461416840553284,
24,base,state,all,0.44999999999999996,156103.171875,1624987.607421875,143.6389646797379,0.1487669050693512,
24,base,state,all,0.49999999999999994,132082.875,1757070.482421875,139.7828546079455,0.14638027548789978,
24,base,state,all,0.5499999999999999,84876.796875,1841947.279296875,133.21380482366928,0.13046936690807343,
24,base,state,all,0.5999999999999999,106884.4140625,1948831.693359375,129.1986007265563,0.1447891741991043,
24,base,state,all,0.6499999999999999,106867.1953125,2055698.888671875,125.8000666221085,0.16865552961826324,
24,base,state,all,0.7,125727.1640625,2181426.052734375,123.9587483085791,0.09307875484228134,
24,base,state,all,0.7499999999999998,101763.671875,2283189.724609375,121.09200342664413,0.16229116916656494,
24,base,state,all,0.7999999999999998,79574.2734375,2362763.998046875,117.48031016541741,0.13285601139068604,
24,base,state,all,0.8499999999999999,74160.078125,2436924.076171875,114.04015518610487,0.15433572232723236,
24,base,state,all,0.8999999999999999,74681.5625,2511605.638671875,111.00528766339058,0.12728719413280487,
24,base,state,all,0.9499999999999997,90835.875,2602441.513671875,108.96627365372336,0.16308671236038208,
24,base,state,all,0.9999999999999998,79844.1875,2682285.701171875,106.69394197183274,0.16070008277893066,
24,base,state,all,test,611380.125,2682285.701171875,72.94835043550889,0.19329436123371124,test
24,base_control,state,all,0.02,2300.138671875,2300.138671875,4.5819495455677295,0.023904383182525635,
24,base_control,state,all,0.04,53271.4375,55571.576171875,55.295100668532335,0.035785287618637085,
24,base_control,state,all,0.06,91586.765625,147158.341796875,97.58510729235742,0.035785287618637085,
24,base_control,state,all,0.08,106727.2578125,253885.599609375,126.2484334208727,0.02982107177376747,
24,base_control,state,all,0.1,122845.9296875,376731.529296875,149.8534324967681,0.025844929739832878,
24,base_control,state,all,0.12000000000000001,106215.4375,482946.966796875,160.12830464087367,0.017928287386894226,
24,base_control,state,all,0.13999999999999999,103302.0625,586249.029296875,166.5953479104504,0.09542743116617203,
24,base_control,state,all,0.16,120977.5859375,707226.615234375,175.83953635862133,0.009940357878804207,
24,base_control,state,all,0.18,126191.4453125,833418.060546875,184.18078686118784,0.047713715583086014,
24,base_control,state,all,0.2,123223.4140625,956641.474609375,190.26282311244532,0.051689859479665756,
24,base_control,state,all,0.25,313298.59375,1269940.068359375,202.05888120276452,0.052505966275930405,
24,base_control,state,all,0.3,283504.9375,1553445.005859375,205.97255447618338,0.04693715274333954,
24,base_control,state,all,0.35,260481.8125,1813926.818359375,206.15147384468406,0.04216388240456581,
24,base_control,state,all,0.39999999999999997,233552.890625,2047479.708984375,203.60776740099195,0.0397772453725338,
24,base_control,state,all,0.44999999999999996,259236.171875,2306715.880859375,203.89957401744675,0.09069212526082993,
24,base_control,state,all,0.49999999999999994,256489.21875,2563205.099609375,203.91448684243238,0.021479712799191475,
24,base_control,state,all,0.5499999999999999,275232.59375,2838437.693359375,205.2822516351613,0.04375497251749039,
24,base_control,state,all,0.5999999999999999,281734.75,3120172.443359375,206.85311875890844,0.024661893025040627,
24,base_control,state,all,0.6499999999999999,246396.875,3366569.318359375,206.0197857144223,0.012728719040751457,
24,base_control,state,all,0.7,195765.953125,3562335.271484375,202.42841638165558,0.027844073250889778,
24,base_control,state,all,0.7499999999999998,289593.71875,3851928.990234375,204.29217662340892,0.01909307762980461,
24,base_control,state,all,0.7999999999999998,297713.75,4149642.740234375,206.32670744999876,0.030230708420276642,
24,base_control,state,all,0.8499999999999999,276444.375,4426087.115234375,207.12654383613528,0.04534606263041496,
24,base_control,state,all,0.8999999999999999,310628.90625,4736716.021484375,209.34836124301137,0.025457438081502914,
24,base_control,state,all,0.9499999999999997,234882.5625,4971598.583984375,208.16474412696792,0.0397772453725338,
24,base_control,state,all,0.9999999999999998,257262.4375,5228861.021484375,207.98969854750894,0.032617341727018356,
24,base_control,state,all,test,1707843.625,5228861.021484375,203.77563834864574,0.013960148207843304,test
24,base,correctness_base,all,0.02,508.0836181640625,508.0836181640625,1.012118761282993,0.3306773006916046,
24,base,correctness_base,all,0.04,7334.60205078125,7842.6856689453125,7.803667332283893,0.6719681620597839,
24,base,correctness_base,all,0.06,66994.84375,74837.52941894531,49.62700889850485,0.6500993967056274,
24,base,correctness_base,all,0.08,92348.25,167185.7794189453,83.13564366929155,0.3141152858734131,
24,base,correctness_base,all,0.1,3950.933837890625,171136.71325683594,68.07347384917897,0.6759443283081055,
24,base,correctness_base,all,0.12000000000000001,38058.96875,209195.68200683594,69.36196353011802,0.6653386354446411,
24,base,correctness_base,all,0.13999999999999999,102849.3203125,312045.00231933594,88.67433996002727,0.6441351771354675,
24,base,correctness_base,all,0.16,39049.18359375,351094.18591308594,87.2934325989771,0.36182901263237,
24,base,correctness_base,all,0.18,20280.18359375,371374.36950683594,82.07168386891402,0.6898608207702637,
24,base,correctness_base,all,0.2,80305.3125,451679.68200683594,89.83287231639537,0.6540755033493042,
24,base,correctness_base,all,0.25,241752.046875,693431.7288818359,110.33122177913062,0.33651551604270935,
24,base,correctness_base,all,0.3,19207.197265625,712638.9261474609,94.48938294185375,0.6420047879219055,
24,base,correctness_base,all,0.35,9407.970703125,722046.8968505859,82.06010874537856,0.5051710605621338,
24,base,correctness_base,all,0.39999999999999997,59827.7421875,781874.6390380859,77.75205241031085,0.36754176020622253,
24,base,correctness_base,all,0.44999999999999996,61510.5234375,843385.1624755859,74.55008949664862,0.6658711433410645,
24,base,correctness_base,all,0.49999999999999994,189548.359375,1032933.5218505859,82.17450452271964,0.6714399456977844,
24,base,correctness_base,all,0.5499999999999999,153874.671875,1186808.193725586,85.83266028246084,0.33412888646125793,
24,base,correctness_base,all,0.5999999999999999,38865.73046875,1225673.924194336,81.25655822025563,0.6841686367988586,
24,base,correctness_base,all,0.6499999999999999,179857.796875,1405531.721069336,86.01258925826669,0.6515513062477112,
24,base,correctness_base,all,0.7,267639.8125,1673171.533569336,95.07736865378656,0.35958629846572876,
24,base,correctness_base,all,0.7499999999999998,231960.578125,1905132.111694336,101.04121515217905,0.6571201086044312,
24,base,correctness_base,all,0.7999999999999998,126058.21875,2031190.330444336,100.99395039997692,0.33651551604270935,
24,base,correctness_base,all,0.8499999999999999,49411.890625,2080602.221069336,97.36544625716392,0.6793953776359558,
24,base,correctness_base,all,0.8999999999999999,164221.359375,2244823.580444336,99.2143366235453,0.6603022813796997,
24,base,correctness_base,all,0.9499999999999997,226900.59375,2471724.174194336,103.49303580765967,0.3245823383331299,
24,base,correctness_base,all,0.9999999999999998,182833.796875,2654557.971069336,105.59100919130215,0.6706444025039673,
24,base,correctness_base,all,test,373906.125,2654557.971069336,44.61354551962773,0.35711729526519775,test
24,base_control,correctness_base,all,0.02,665.2407836914062,665.2407836914062,1.3251808440067854,0.3306773006916046,
24,base_control,correctness_base,all,0.04,27736.0234375,28401.264221191406,28.25996439919543,0.6699801087379456,
24,base_control,correctness_base,all,0.06,101435.1328125,129836.3970336914,86.09840652101552,0.6461232304573059,
24,base_control,correctness_base,all,0.08,32275.849609375,162112.2466430664,80.61275317904844,0.32405564188957214,
24,base_control,correctness_base,all,0.1,45913.28125,208025.5278930664,82.74682891530088,0.6540755033493042,
24,base_control,correctness_base,all,0.12000000000000001,98262.9296875,306288.4575805664,101.55452837551937,0.6513944268226624,
24,base_control,correctness_base,all,0.13999999999999999,11231.25,317519.7075805664,90.23009593082308,0.2982107102870941,
24,base_control,correctness_base,all,0.16,58667.83984375,376187.5474243164,93.5324583352353,0.697813093662262,
24,base_control,correctness_base,all,0.18,84133.5546875,460321.1021118164,101.72842035620252,0.32206758856773376,
24,base_control,correctness_base,all,0.2,21278.19921875,481599.3013305664,95.78347281833064,0.6679919958114624,
24,base_control,correctness_base,all,0.25,140577.46875,622176.7700805664,98.99391727614422,0.661893367767334,
24,base_control,correctness_base,all,0.3,209183.65625,831360.4263305664,110.23076456252538,0.3484486937522888,
24,base_control,correctness_base,all,0.35,7898.75927734375,839259.1856079102,95.38120077371407,0.6213206052780151,
24,base_control,correctness_base,all,0.39999999999999997,202532.265625,1041791.4512329102,103.59899077495129,0.650755763053894,
24,base_control,correctness_base,all,0.44999999999999996,145606.1875,1187397.6387329102,104.95868812277116,0.3587907552719116,
24,base_control,correctness_base,all,0.49999999999999994,59364.828125,1246762.4668579102,99.18555822258632,0.6809864640235901,
24,base_control,correctness_base,all,0.5499999999999999,186062.03125,1432824.4981079102,103.62511738684532,0.6778042912483215,
24,base_control,correctness_base,all,0.5999999999999999,180500.8125,1613325.3106079102,106.95606673348648,0.3452664911746979,
24,base_control,correctness_base,all,0.6499999999999999,57020.26953125,1670345.5801391602,102.21807601365646,0.6642799973487854,
24,base_control,correctness_base,all,0.7,196574.4375,1866920.0176391602,106.08705634953746,0.6698488593101501,
24,base_control,correctness_base,all,0.7499999999999998,111659.1953125,1978579.2129516602,104.93657984363088,0.35958629846572876,
24,base_control,correctness_base,all,0.7999999999999998,21612.1640625,2000191.3770141602,99.45263409974942,0.6467780470848083,
24,base_control,correctness_base,all,0.8499999999999999,98538.2734375,2098729.65045166,98.21375124955122,0.6674622297286987,
24,base_control,correctness_base,all,0.8999999999999999,227571.609375,2326301.25982666,102.81540085859896,0.6889418959617615,
24,base_control,correctness_base,all,0.9499999999999997,238062.140625,2564363.40045166,107.37191309515806,0.6650755405426025,
24,base_control,correctness_base,all,0.9999999999999998,147673.671875,2712037.07232666,107.87736962317662,0.3420843183994293,
24,base_control,correctness_base,all,test,331733.375,2712037.07232666,39.581598257964444,0.6663882732391357,test
24,base,multitask_dual,all,0.02,4215.914306640625,4215.914306640625,8.398235670598854,0.034860558807849884,
24,base,multitask_dual,all,0.04,159481.703125,163697.61743164062,162.88320142451803,0.04771371651440859,
24,base,multitask_dual,all,0.06,181813.4921875,345511.1096191406,229.1187729569898,0.13021868094801903,
24,base,multitask_dual,all,0.08,205291.7421875,550802.8518066406,273.89500338470447,0.08449303731322289,
24,base,multitask_dual,all,0.1,185168.6953125,735971.5471191406,292.74922319774885,0.1163021819666028,
24,base,multitask_dual,all,0.12000000000000001,141605.1484375,877576.6955566406,290.97370542328935,0.09661354869604111,
24,base,multitask_dual,all,0.13999999999999999,129690.89453125,1007267.5900878906,286.2368826620888,0.21073557436466217,
24,base,multitask_dual,all,0.16,114428.064453125,1121695.6545410156,278.89001853332064,0.24055664241313934,
24,base,multitask_dual,all,0.18,94908.9140625,1216604.5686035156,268.8628880891747,0.23558646440505981,
24,base,multitask_dual,all,0.2,96999.3125,1313603.8811035156,261.2577329163714,0.19880714640021324,
24,base,multitask_dual,all,0.25,257041.265625,1570645.1467285156,249.90376240708284,0.25298329815268517,
24,base,multitask_dual,all,0.3,185214.69921875,1755859.8459472656,232.8109050579774,0.2573587968945503,
24,base,multitask_dual,all,0.35,208075.61328125,1963935.4592285156,223.1998476222884,0.2947494089603424,
24,base,multitask_dual,all,0.39999999999999997,170410.06640625,2134345.5256347656,212.24597510290033,0.2999204508960247,
24,base,multitask_dual,all,0.44999999999999996,180524.62109375,2314870.1467285156,204.62036124180284,0.3281622901558876,
24,base,multitask_dual,all,0.49999999999999994,176441.16796875,2491311.3146972656,198.19501310240776,0.32140014693140984,
24,base,multitask_dual,all,0.5499999999999999,149880.33984375,2641191.6545410156,191.0169707486089,0.36356404796242714,
24,base,multitask_dual,all,0.5999999999999999,144681.08984375,2785872.7443847656,184.69058236441035,0.3229912556707859,
24,base,multitask_dual,all,0.6499999999999999,136208.7734375,2922081.5178222656,178.8190146149113,0.34287987649440765,
24,base,multitask_dual,all,0.7,172734.72265625,3094816.2404785156,175.86181614265914,0.3245823383331299,
24,base,multitask_dual,all,0.7499999999999998,155623.64453125,3250439.8850097656,172.39140201589848,0.3436754271388054,
24,base,multitask_dual,all,0.7999999999999998,121904.333984375,3372344.2189941406,167.678212957147,0.35202863812446594,
24,base,multitask_dual,all,0.8499999999999999,97462.984375,3469807.2033691406,162.3757407164182,0.36356404423713684,
24,base,multitask_dual,all,0.8999999999999999,105240.2421875,3575047.4455566406,158.00616306711927,0.3914081081748009,
24,base,multitask_dual,all,0.9499999999999997,105098.291015625,3680145.7365722656,154.09059735260502,0.3830548971891403,
24,base,multitask_dual,all,0.9999999999999998,107625.0703125,3787770.8068847656,150.66709653479577,0.39180587977170944,
24,base,multitask_dual,all,test,785461.703125,3787770.8068847656,93.7193298084954,0.3093902990221977,test
24,base_control,multitask_dual,all,0.02,4531.064453125,4531.064453125,9.026024807021912,0.03187251091003418,
24,base_control,multitask_dual,all,0.04,171496.828125,176027.892578125,175.15213191853235,0.04671967960894108,
24,base_control,multitask_dual,all,0.06,205514.1484375,381542.041015625,253.01196353821285,0.04671968054026365,
24,base_control,multitask_dual,all,0.08,237191.3984375,618733.439453125,307.67450992199156,0.12425446882843971,
24,base_control,multitask_dual,all,0.1,219648.0234375,838381.462890625,333.48506877113164,0.08648110926151276,
24,base_control,multitask_dual,all,0.12000000000000001,213723.140625,1052104.603515625,348.84104891101623,0.06175298988819122,
24,base_control,multitask_dual,all,0.13999999999999999,162778.109375,1214882.712890625,345.2352125293052,0.1003976110368967,
24,base_control,multitask_dual,all,0.16,245413.9375,1460296.650390625,363.0772377898123,0.08051689341664314,
24,base_control,multitask_dual,all,0.18,227223.6171875,1687520.267578125,372.93265581837016,0.10337971895933151,
24,base_control,multitask_dual,all,0.2,198021.1640625,1885541.431640625,375.00824018309964,0.10337971337139606,
24,base_control,multitask_dual,all,0.25,496891.796875,2382433.228515625,379.06654391656724,0.10023866407573223,
24,base_control,multitask_dual,all,0.3,455117.875,2837551.103515625,376.23324098589563,0.06324582174420357,
24,base_control,multitask_dual,all,0.35,558335.90625,3395887.009765625,385.9401079401779,0.05847255140542984,
24,base_control,multitask_dual,all,0.39999999999999997,553184.234375,3949071.244140625,392.7079598389643,0.044550517573952675,
24,base_control,multitask_dual,all,0.44999999999999996,560329.25,4509400.494140625,398.60342032534476,0.036992838606238365,
24,base_control,multitask_dual,all,0.49999999999999994,530378.625,5039779.119140625,400.9370818727625,0.10222752764821053,
24,base_control,multitask_dual,all,0.5499999999999999,469939.171875,5509718.291015625,398.47532299237906,0.07239459082484245,
24,base_control,multitask_dual,all,0.5999999999999999,578022.25,6087740.541015625,403.5892694918871,0.05171041935682297,
24,base_control,multitask_dual,all,0.6499999999999999,455250.359375,6542990.900390625,400.4033351931109,0.10023866407573223,
24,base_control,multitask_dual,all,0.7,538634.984375,7081625.884765625,402.4108355930006,0.05529037490487099,
24,base_control,multitask_dual,all,0.7499999999999998,473493.984375,7555119.869140625,400.69582970780294,0.09904534742236137,
24,base_control,multitask_dual,all,0.7999999999999998,563662.6875,8118782.556640625,403.6785280748123,0.04733492434024811,
24,base_control,multitask_dual,all,0.8499999999999999,615192.3125,8733974.869140625,408.7217403313503,0.06961018219590187,
24,base_control,multitask_dual,all,0.8999999999999999,595804.90625,9329779.775390625,412.3477316092383,0.03102625161409378,
24,base_control,multitask_dual,all,0.9499999999999997,641052.75,9970832.525390625,417.4866024113648,0.0743834525346756,
24,base_control,multitask_dual,all,0.9999999999999998,494969.984375,10465802.509765625,416.30081582202166,0.10103420540690422,
24,base_control,multitask_dual,all,test,2947637.1875,10465802.509765625,351.70471154993436,0.09951080195605755,test
24,base,multitask_triple_base,all,0.02,4731.462219238281,4731.462219238281,9.425223544299365,0.15471448004245758,
24,base,multitask_triple_base,all,0.04,172967.78466796875,177699.24688720703,176.8151710320468,0.28363153027991456,
24,base,multitask_triple_base,all,0.06,210377.4609375,388076.70782470703,257.3452969659861,0.2796553981800874,
24,base,multitask_triple_base,all,0.08,269323.421875,657400.129699707,326.9021032818036,0.13651423901319504,
24,base,multitask_triple_base,all,0.1,187577.3515625,844977.481262207,336.1087833183003,0.25049701395134133,
24,base,multitask_triple_base,all,0.12000000000000001,218785.29296875,1063762.774230957,352.70649012962764,0.3519256263971329,
24,base,multitask_triple_base,all,0.13999999999999999,190899.68359375,1254662.457824707,356.53948787289204,0.2531477672358354,
24,base,multitask_triple_base,all,0.16,124271.44921875,1378933.907043457,342.8478137850465,0.31477798894047737,
24,base,multitask_triple_base,all,0.18,166356.03125,1545289.938293457,341.5005388493828,0.44731608654061955,
24,base,multitask_triple_base,all,0.2,192270.984375,1737560.922668457,345.57695359356745,0.2518223871787389,
24,base,multitask_triple_base,all,0.25,282270.72265625,2019831.645324707,321.3733723666996,0.39485546698172885,
24,base,multitask_triple_base,all,0.3,434002.8046875,2453834.450012207,325.35593344102455,0.3611774065842231,
24,base,multitask_triple_base,all,0.35,348471.82421875,2802306.274230957,318.48008571780395,0.24927074710528055,
24,base,multitask_triple_base,all,0.39999999999999997,246306.88671875,3048613.160949707,303.16359993533285,0.42588171114524204,
24,base,multitask_triple_base,all,0.44999999999999996,400893.1171875,3449506.278137207,304.91525485169336,0.413153017560641,
24,base,multitask_triple_base,all,0.49999999999999994,385227.08203125,3834733.360168457,305.0702752719536,0.2744630003968875,
24,base,multitask_triple_base,all,0.5499999999999999,391491.361328125,4226224.721496582,305.6501570475578,0.3004508117834727,
24,base,multitask_triple_base,all,0.5999999999999999,201764.541015625,4427989.262512207,293.5553740726735,0.42879871527353924,
24,base,multitask_triple_base,all,0.6499999999999999,302702.23828125,4730691.500793457,289.4982865671291,0.4402015457550685,
24,base,multitask_triple_base,all,0.7,287310.205078125,5018001.705871582,285.1461362581874,0.3686024794975917,
24,base,multitask_triple_base,all,0.7499999999999998,188900.5625,5206902.268371582,276.15498638937055,0.4481569876273473,
24,base,multitask_triple_base,all,0.7999999999999998,310613.3134765625,5517515.5818481445,274.3394780155203,0.4638026903072993,
24,base,multitask_triple_base,all,0.8499999999999999,316596.90234375,5834112.4841918945,273.01757144423675,0.35295677681763965,
24,base,multitask_triple_base,all,0.8999999999999999,143856.359375,5977968.8435668945,264.20793969622974,0.4481569950779279,
24,base,multitask_triple_base,all,0.9499999999999997,324823.5634765625,6302792.407043457,263.90287681796497,0.5038451254367828,
24,base,multitask_triple_base,all,0.9999999999999998,259537.0078125,6562329.414855957,261.0314007500381,0.39114291965961456,
24,base,multitask_triple_base,all,test,1132290.875,6562329.414855957,135.10212086863143,0.4597701082626979,test
24,base_control,multitask_triple_base,all,0.02,4738.136474609375,4738.136474609375,9.438518873723854,0.2463479439417521,
24,base_control,multitask_triple_base,all,0.04,246386.4609375,251124.59741210938,249.87522130558148,0.2796553944547971,
24,base_control,multitask_triple_base,all,0.06,342781.546875,593906.1442871094,393.8369657076322,0.19019216919938722,
24,base_control,multitask_triple_base,all,0.08,236322.66015625,830228.8044433594,412.84376153324683,0.17826373999317488,
24,base_control,multitask_triple_base,all,0.1,241491.47265625,1071720.2770996094,426.30082621305064,0.2518223828325669,
24,base_control,multitask_triple_base,all,0.12000000000000001,292456.4140625,1364176.6911621094,452.3132265126357,0.2563081036011378,
24,base_control,multitask_triple_base,all,0.13999999999999999,257595.96875,1621772.6599121094,460.8617959397867,0.2697150403012832,
24,base_control,multitask_triple_base,all,0.16,277424.02734375,1899196.6872558594,472.2020604813176,0.13055003061890602,
24,base_control,multitask_triple_base,all,0.18,260325.515625,2159522.2028808594,477.2424757747755,0.26772696152329445,
24,base_control,multitask_triple_base,all,0.2,329193.4296875,2488715.6325683594,494.9712873047652,0.1583830282712976,
24,base_control,multitask_triple_base,all,0.25,520700.4296875,3009416.0622558594,478.8251491258328,0.26306018605828285,
24,base_control,multitask_triple_base,all,0.3,779008.984375,3788425.0466308594,502.31040130348174,0.27738000204165775,
24,base_control,multitask_triple_base,all,0.35,615593.7578125,4404018.804443359,500.513558863889,0.16494298415879408,
24,base_control,multitask_triple_base,all,0.39999999999999997,609353.69140625,5013372.495849609,498.54539537088397,0.28798726697762805,
24,base_control,multitask_triple_base,all,0.44999999999999996,662907.09375,5676279.589599609,501.74839473169004,0.2781755564113458,
24,base_control,multitask_triple_base,all,0.49999999999999994,795969.765625,6472249.355224609,514.8965278619419,0.14611508324742317,
24,base_control,multitask_triple_base,all,0.5499999999999999,499111.900390625,6971361.255615234,504.1846572369447,0.25351365469396114,
24,base_control,multitask_triple_base,all,0.5999999999999999,740485.484375,7711846.739990234,511.2600596652237,0.2569610147426526,
24,base_control,multitask_triple_base,all,0.6499999999999999,632403.796875,8344250.536865234,510.63279706659534,0.16202598934372267,
24,base_control,multitask_triple_base,all,0.7,496063.0927734375,8840313.629638672,502.3476320967537,0.2665075461069743,
24,base_control,multitask_triple_base,all,0.7499999999999998,746473.21875,9586786.848388672,508.4479898376384,0.2556351162493229,
24,base_control,multitask_triple_base,all,0.7999999999999998,799536.984375,10386323.832763672,516.4242160284244,0.14505436147252718,
24,base_control,multitask_triple_base,all,0.8499999999999999,583590.23046875,10969914.063232422,513.356453892668,0.2972686340411504,
24,base_control,multitask_triple_base,all,0.8999999999999999,520998.015625,11490912.078857422,507.86316975415104,0.2704852720101674,
24,base_control,multitask_triple_base,all,0.9499999999999997,776525.9375,12267438.016357422,513.6472811772986,0.29488198334972066,
24,base_control,multitask_triple_base,all,0.9999999999999998,680428.484375,12947866.500732422,515.0304892892769,0.17501988634467125,
24,base_control,multitask_triple_base,all,test,3756593.375,12947866.500732422,448.2273445889512,0.28679951280355453,test
24,instruct,attribute,all,0.02,1898.597412109375,1898.597412109375,3.782066557986803,0.07569721341133118,
24,instruct,attribute,all,0.04,86892.53125,88791.12866210938,88.34938175334266,0.10735586285591125,
24,instruct,attribute,all,0.06,81727.8828125,170519.01147460938,113.07626755610701,0.19880715012550354,
24,instruct,attribute,all,0.08,101957.0390625,272476.0505371094,135.49281478722494,0.033797215670347214,
24,instruct,attribute,all,0.1,47664.04296875,320140.0935058594,127.34291706676984,0.23459243774414062,
24,instruct,attribute,all,0.12000000000000001,57975.56640625,378115.6599121094,125.36991376396199,0.306772917509079,
24,instruct,attribute,all,0.13999999999999999,36540.74609375,414656.4060058594,117.83359079450395,0.3141152858734131,
24,instruct,attribute,all,0.16,35864.78515625,450521.1911621094,112.01421958282182,0.3141152858734131,
24,instruct,attribute,all,0.18,42421.4375,492942.6286621094,108.93759749438881,0.3697812855243683,
24,instruct,attribute,all,0.2,24024.69140625,516967.3200683594,102.81768497779622,0.5487077236175537,
24,instruct,attribute,all,0.25,36042.9765625,553010.2966308594,87.98890956736028,0.49721559882164,
24,instruct,attribute,all,0.3,50147.3671875,603157.6638183594,79.9731720788066,0.41209226846694946,
24,instruct,attribute,all,0.35,33975.46875,637133.1325683594,72.4097207146675,0.5433571934700012,
24,instruct,attribute,all,0.39999999999999997,32278.26953125,669411.4020996094,66.56835740847349,0.5346062183380127,
24,instruct,attribute,all,0.44999999999999996,39775.375,709186.7770996094,62.68777310170683,0.529037356376648,
24,instruct,attribute,all,0.49999999999999994,34952.05078125,744138.8278808594,59.199588534674575,0.5282418131828308,
24,instruct,attribute,all,0.5499999999999999,44222.9296875,788361.7575683594,57.01611033256378,0.4948289394378662,
24,instruct,attribute,all,0.5999999999999999,41381.42578125,829743.1833496094,55.008166490957926,0.3707239329814911,
24,instruct,attribute,all,0.6499999999999999,56120.26171875,885863.4450683594,54.211091430656595,0.5075576901435852,
24,instruct,attribute,all,0.7,57264.67578125,943128.1208496094,53.592915152267835,0.32617342472076416,
24,instruct,attribute,all,0.7499999999999998,30403.869140625,973531.9899902344,51.63256377566876,0.4781225025653839,
24,instruct,attribute,all,0.7999999999999998,18473.888671875,992005.8786621094,49.32407909020035,0.4550517201423645,
24,instruct,attribute,all,0.8499999999999999,32168.2734375,1024174.1520996094,47.92803369832979,0.34924423694610596,
24,instruct,attribute,all,0.8999999999999999,34761.08984375,1058935.2419433594,46.801699016324555,0.5871121883392334,
24,instruct,attribute,all,0.9499999999999997,33180.73046875,1092115.9724121094,45.727754989411274,0.620525062084198,
24,instruct,attribute,all,0.9999999999999998,35763.43359375,1127879.4060058594,44.86393818639059,0.5982497930526733,
24,instruct,attribute,all,test,170444.65625,1127879.4060058594,20.33703093306288,0.6492065191268921,test
24,instruct_control,attribute,all,0.02,1537.8707275390625,1537.8707275390625,3.0634875050578936,0.10557769238948822,
24,instruct_control,attribute,all,0.04,103093.0390625,104630.90979003906,104.11035800003887,0.05765407159924507,
24,instruct_control,attribute,all,0.06,113793.65625,218424.56604003906,144.84387668437603,0.139164999127388,
24,instruct_control,attribute,all,0.08,128819.671875,347244.23791503906,172.67242064397766,0.07157057523727417,
24,instruct_control,attribute,all,0.1,101308.8046875,448553.04260253906,178.422053541185,0.08946321904659271,
24,instruct_control,attribute,all,0.12000000000000001,98160.5625,546713.6051025391,181.2710892249798,0.039840638637542725,
24,instruct_control,attribute,all,0.13999999999999999,80209.046875,626922.6519775391,178.1536379589483,0.09145128726959229,
24,instruct_control,attribute,all,0.16,92554.03125,719476.6832275391,178.88530164782173,0.047713715583086014,
24,instruct_control,attribute,all,0.18,79669.8359375,799146.5191650391,176.6069655613346,0.09145128726959229,
24,instruct_control,attribute,all,0.2,65305.734375,864452.2535400391,171.92765583532997,0.11332007497549057,
24,instruct_control,attribute,all,0.25,328417.8125,1192870.066040039,189.79635100080176,0.07637231051921844,
24,instruct_control,attribute,all,0.3,244223.421875,1437093.487915039,190.5454107551099,0.1089896559715271,
24,instruct_control,attribute,all,0.35,232380.859375,1669474.347290039,189.73455475509024,0.09705648571252823,
24,instruct_control,attribute,all,0.39999999999999997,256160.375,1925634.722290039,191.49112194610572,0.05011933296918869,
24,instruct_control,attribute,all,0.44999999999999996,265128.96875,2190763.691040039,193.6501097003482,0.11217183619737625,
24,instruct_control,attribute,all,0.49999999999999994,295442.28125,2486205.972290039,197.788860166272,0.08273667097091675,
24,instruct_control,attribute,all,0.5499999999999999,262836.96875,2749042.941040039,198.8170203977753,0.08512330800294876,
24,instruct_control,attribute,all,0.5999999999999999,345460.4375,3094503.378540039,205.15137752188008,0.09785202890634537,
24,instruct_control,attribute,all,0.6499999999999999,274613.5,3369116.878540039,206.17568560920623,0.1678599864244461,
24,instruct_control,attribute,all,0.7,175622.578125,3544739.456665039,201.42854055375832,0.1885441541671753,
24,instruct_control,attribute,all,0.7499999999999998,194823.703125,3739563.159790039,198.33270537205192,0.09387430548667908,
24,instruct_control,attribute,all,0.7999999999999998,233287.09375,3972850.253540039,197.5363093446718,0.08114558458328247,
24,instruct_control,attribute,all,0.8499999999999999,249368.75,4222219.003540039,197.5861764022668,0.10501193255186081,
24,instruct_control,attribute,all,0.8999999999999999,241870.5,4464089.503540039,197.299102958545,0.09785202890634537,
24,instruct_control,attribute,all,0.9499999999999997,232774.640625,4696864.144165039,196.66139698383952,0.11853619664907455,
24,instruct_control,attribute,all,0.9999999999999998,176511.78125,4873375.925415039,193.84947992899916,0.08910103142261505,
24,instruct_control,attribute,all,test,1304178.375,4873375.925415039,155.61130831643,0.09784035384654999,test
24,instruct,state,all,0.02,2411.174072265625,2411.174072265625,4.803135602122759,0.013944223523139954,
24,instruct,state,all,0.04,67303.2421875,69714.41625976562,69.367578367926,0.06361828744411469,
24,instruct,state,all,0.06,98844.421875,168558.83813476562,111.77641786125041,0.047713715583086014,
24,instruct,state,all,0.08,82174.9375,250733.77563476562,124.68114153891877,0.09343936294317245,
24,instruct,state,all,0.1,90972.5625,341706.3381347656,135.92137555082164,0.03180914372205734,
24,instruct,state,all,0.12000000000000001,77825.046875,419531.3850097656,139.1019181066862,0.05378486216068268,
24,instruct,state,all,0.13999999999999999,82035.5859375,501566.9709472656,142.53110853858075,0.05765407159924507,
24,instruct,state,all,0.16,70514.9375,572081.9084472656,142.23816719225897,0.035785287618637085,
24,instruct,state,all,0.18,65989.40625,638071.3146972656,141.0102352922134,0.0278329998254776,
24,instruct,state,all,0.2,77788.1484375,715859.4631347656,142.3745948955381,0.08747514337301254,
24,instruct,state,all,0.25,199717.921875,915577.3850097656,145.67659268254027,0.060461416840553284,
24,instruct,state,all,0.3,148525.859375,1064103.2443847656,141.0903267548085,0.14956244826316833,
24,instruct,state,all,0.35,125559.359375,1189662.6037597656,135.2042963700154,0.048528242856264114,
24,instruct,state,all,0.39999999999999997,120219.2890625,1309881.8928222656,130.25874033634304,0.1614956259727478,
24,instruct,state,all,0.44999999999999996,127420.296875,1437302.1896972656,127.04872179768988,0.0986475721001625,
24,instruct,state,all,0.49999999999999994,110773.125,1548075.3146972656,123.1563496179209,0.08273667097091675,
24,instruct,state,all,0.5499999999999999,106958.5078125,1655033.8225097656,119.69579970418498,0.0922832116484642,
24,instruct,state,all,0.5999999999999999,124520.3515625,1779554.1740722656,117.97627778256866,0.12490055710077286,
24,instruct,state,all,0.6499999999999999,113155.6796875,1892709.8537597656,115.82582790280678,0.14558471739292145,
24,instruct,state,all,0.7,113497.484375,2006207.3381347656,114.00200807675677,0.12012728303670883,
24,instruct,state,all,0.7499999999999998,107881.640625,2114088.9787597656,112.12352048580036,0.1758154332637787,
24,instruct,state,all,0.7999999999999998,98949.5234375,2213038.5021972656,110.03572504958561,0.19013524055480957,
24,instruct,state,all,0.8499999999999999,86035.640625,2299074.1428222656,107.58922470973212,0.21241049468517303,
24,instruct,state,all,0.8999999999999999,94400.578125,2393474.7209472656,105.78426239491141,0.2140015959739685,
24,instruct,state,all,0.9499999999999997,86278.75,2479753.4709472656,103.82922877977079,0.16706444323062897,
24,instruct,state,all,0.9999999999999998,83002.4921875,2562755.9631347656,101.93937800854279,0.05727923661470413,
24,instruct,state,all,test,580864.9375,2562755.9631347656,69.30735443264527,0.20415225625038147,test
24,instruct_control,state,all,0.02,2195.642333984375,2195.642333984375,4.373789509929034,0.04780876636505127,
24,instruct_control,state,all,0.04,60003.96484375,62199.607177734375,61.8901563957556,0.05367793142795563,
24,instruct_control,state,all,0.06,89316.9375,151516.54467773438,100.4751622531395,0.04373757168650627,
24,instruct_control,state,all,0.08,98368.4296875,249884.97436523438,124.25906233974857,0.035785287618637085,
24,instruct_control,state,all,0.1,105784.71875,355669.6931152344,141.47561380876468,0.023856857791543007,
24,instruct_control,state,all,0.12000000000000001,113326.3125,468996.0056152344,155.50265438170902,0.029880478978157043,
24,instruct_control,state,all,0.13999999999999999,89158.0390625,558154.0446777344,158.61155006471566,0.09542743116617203,
24,instruct_control,state,all,0.16,110716.921875,668870.9665527344,166.30307472718408,0.035785287618637085,
24,instruct_control,state,all,0.18,96720.53125,765591.4978027344,169.1914912271236,0.037773359566926956,
24,instruct_control,state,all,0.2,104629.546875,870221.0446777344,173.07498899716276,0.011928428895771503,
24,instruct_control,state,all,0.25,252581.09375,1122802.1384277344,178.64791383098398,0.026252983137965202,
24,instruct_control,state,all,0.3,220061.53125,1342863.6696777344,178.05140144228778,0.0859188511967659,
24,instruct_control,state,all,0.35,261567.171875,1604430.8415527344,182.34240726818211,0.022275257855653763,
24,instruct_control,state,all,0.39999999999999997,243003.5,1847434.3415527344,183.71463221487016,0.026252983137965202,
24,instruct_control,state,all,0.44999999999999996,273383.0,2120817.3415527344,187.4672802574679,0.03182179853320122,
24,instruct_control,state,all,0.49999999999999994,242973.375,2363790.7165527344,188.05017633673305,0.020684167742729187,
24,instruct_control,state,all,0.5499999999999999,259168.4375,2622959.1540527344,189.69835496150534,0.04216388240456581,
24,instruct_control,state,all,0.5999999999999999,253413.328125,2876372.4821777344,190.69029979963764,0.01193317398428917,
24,instruct_control,state,all,0.6499999999999999,299723.75,3176096.2321777344,194.3636394454277,0.024661893025040627,
24,instruct_control,state,all,0.7,247904.046875,3424000.2790527344,194.5675803530364,0.03579952195286751,
24,instruct_control,state,all,0.7499999999999998,262297.0625,3686297.3415527344,195.50768186437202,0.03182179853320122,
24,instruct_control,state,all,0.7999999999999998,205267.96875,3891565.3103027344,193.49469522189412,0.05409705638885498,
24,instruct_control,state,all,0.8499999999999999,227764.5625,4119329.8728027344,192.77129827332746,0.08035004138946533,
24,instruct_control,state,all,0.8999999999999999,255757.40625,4375087.279052734,193.3654768431333,0.011137628927826881,
24,instruct_control,state,all,0.9499999999999997,239110.015625,4614197.294677734,193.20007095749003,0.03898170217871666,
24,instruct_control,state,all,0.9999999999999998,287376.5625,4901573.857177734,194.9711160373005,0.03341288864612579,
24,instruct_control,state,all,test,1600673.5,4901573.857177734,190.9883665433719,0.01885216496884823,test
24,instruct,correctness_instruct,all,0.02,977.0139770507812,977.0139770507812,1.946242982172871,0.350597620010376,
24,instruct,correctness_instruct,all,0.04,32769.80078125,33746.81475830078,33.57892015751322,0.6222663521766663,
24,instruct,correctness_instruct,all,0.06,74675.765625,108422.58038330078,71.89826285364774,0.6222663521766663,
24,instruct,correctness_instruct,all,0.08,35671.3046875,144093.88507080078,71.65285185022415,0.6481112837791443,
24,instruct,correctness_instruct,all,0.1,70898.0078125,214991.89288330078,85.51785715326204,0.6103379726409912,
24,instruct,correctness_instruct,all,0.12000000000000001,94011.5234375,309003.4163208008,102.45471363421777,0.6374502182006836,
24,instruct,correctness_instruct,all,0.13999999999999999,67311.6640625,376315.0803833008,106.93807342520624,0.6500993967056274,
24,instruct,correctness_instruct,all,0.16,83446.4140625,459761.4944458008,114.31165948428662,0.6620277762413025,
24,instruct,correctness_instruct,all,0.18,47730.703125,507492.1975708008,112.152971838851,0.36580514907836914,
24,instruct,correctness_instruct,all,0.2,20271.548828125,527763.7463989258,104.9649455845119,0.6262425184249878,
24,instruct,correctness_instruct,all,0.25,100837.0625,628600.8088989258,100.01603960205661,0.3548130393028259,
24,instruct,correctness_instruct,all,0.3,28277.2734375,656878.0823364258,87.09600667414821,0.6062052249908447,
24,instruct,correctness_instruct,all,0.35,80750.375,737628.4573364258,83.83094184980405,0.6443914175033569,
24,instruct,correctness_instruct,all,0.39999999999999997,158019.78125,895648.2385864258,89.06605395648626,0.6213206052780151,
24,instruct,correctness_instruct,all,0.44999999999999996,170597.34375,1066245.5823364258,94.24958740709147,0.6276849508285522,
24,instruct,correctness_instruct,all,0.49999999999999994,72339.4765625,1138585.0588989258,90.57955918050324,0.6396181583404541,
24,instruct,correctness_instruct,all,0.5499999999999999,158666.609375,1297251.6682739258,93.82018285050451,0.6364359259605408,
24,instruct,correctness_instruct,all,0.5999999999999999,171158.375,1468410.0432739258,97.34884932868773,0.6268894076347351,
24,instruct,correctness_instruct,all,0.6499999999999999,137283.125,1605693.1682739258,98.26162219410843,0.3810660243034363,
24,instruct,correctness_instruct,all,0.7,7278.81103515625,1612971.979309082,91.65655070514161,0.6428003311157227,
24,instruct,correctness_instruct,all,0.7499999999999998,90070.0703125,1703042.049621582,90.32309995341194,0.3922036588191986,
24,instruct,correctness_instruct,all,0.7999999999999998,10219.6904296875,1713261.7400512695,85.18604514972502,0.6348448395729065,
24,instruct,correctness_instruct,all,0.8499999999999999,55823.0859375,1769084.8259887695,82.78744096535961,0.6491646766662598,
24,instruct,correctness_instruct,all,0.8999999999999999,138677.859375,1907762.6853637695,84.31727593758373,0.6499602198600769,
24,instruct,correctness_instruct,all,0.9499999999999997,218088.78125,2125851.4666137695,89.01107342518819,0.6491646766662598,
24,instruct,correctness_instruct,all,0.9999999999999998,237475.4375,2363326.9041137695,94.0066389862279,0.3420843183994293,
24,instruct,correctness_instruct,all,test,709787.9375,2363326.9041137695,84.69012498508532,0.3530604839324951,test
24,instruct_control,correctness_instruct,all,0.02,358.8511962890625,358.8511962890625,0.7148430204961405,0.5278884768486023,
24,instruct_control,correctness_instruct,all,0.04,89738.5234375,90097.37463378906,89.64912898884484,0.6560636162757874,
24,instruct_control,correctness_instruct,all,0.06,55385.6796875,145483.05432128906,96.47417395310946,0.387673944234848,
24,instruct_control,correctness_instruct,all,0.08,6507.81689453125,151990.8712158203,75.57974699941339,0.3280318081378937,
24,instruct_control,correctness_instruct,all,0.1,33482.24609375,185473.1173095703,73.7761007595745,0.6421470642089844,
24,instruct_control,correctness_instruct,all,0.12000000000000001,76369.46875,261842.5860595703,86.81783357412809,0.6075697541236877,
24,instruct_control,correctness_instruct,all,0.13999999999999999,85316.28125,347158.8673095703,98.65270454946585,0.3737574517726898,
24,instruct_control,correctness_instruct,all,0.16,59132.34765625,406291.2149658203,101.01720909145209,0.35984092950820923,
24,instruct_control,correctness_instruct,all,0.18,3902.42236328125,410193.63732910156,90.65052758654178,0.40556657314300537,
24,instruct_control,correctness_instruct,all,0.2,31136.357421875,441329.99475097656,87.77446196320139,0.3479125201702118,
24,instruct_control,correctness_instruct,all,0.25,31606.23828125,472936.23303222656,75.24840621037814,0.6308671236038208,
24,instruct_control,correctness_instruct,all,0.3,100874.984375,573811.2174072266,76.082102546702,0.638027012348175,
24,instruct_control,correctness_instruct,all,0.35,159720.3125,733531.5299072266,83.36532900411713,0.6292760372161865,
24,instruct_control,correctness_instruct,all,0.39999999999999997,103654.3984375,837185.9283447266,83.25237950922102,0.6428003311157227,
24,instruct_control,correctness_instruct,all,0.44999999999999996,173406.21875,1010592.1470947266,89.33016415581424,0.6420047879219055,
24,instruct_control,correctness_instruct,all,0.49999999999999994,167903.671875,1178495.8189697266,93.75463953617555,0.6420047879219055,
24,instruct_control,correctness_instruct,all,0.5499999999999999,211536.859375,1390032.6783447266,100.53031592859814,0.6523468494415283,
24,instruct_control,correctness_instruct,all,0.5999999999999999,144361.375,1534394.0533447266,101.72328648533059,0.3707239329814911,
24,instruct_control,correctness_instruct,all,0.6499999999999999,61832.01171875,1596226.0650634766,97.68227556841543,0.3611774146556854,
24,instruct_control,correctness_instruct,all,0.7,24840.490234375,1621066.5552978516,92.1165220648853,0.3715194761753082,
24,instruct_control,correctness_instruct,all,0.7499999999999998,63529.35546875,1684595.9107666016,89.34478444797675,0.6229116916656494,
24,instruct_control,correctness_instruct,all,0.7999999999999998,155195.234375,1839791.1451416016,91.47728446408122,0.6348448395729065,
24,instruct_control,correctness_instruct,all,0.8499999999999999,277375.21875,2117166.3638916016,99.07652973426934,0.6245027780532837,
24,instruct_control,correctness_instruct,all,0.8999999999999999,202590.984375,2319757.3482666016,102.52617998172906,0.35322195291519165,
24,instruct_control,correctness_instruct,all,0.9499999999999997,172621.875,2492379.2232666016,104.35787896271832,0.3691328465938568,
24,instruct_control,correctness_instruct,all,0.9999999999999998,151476.359375,2643855.5826416016,105.1652976388863,0.36595067381858826,
24,instruct_control,correctness_instruct,all,test,167409.984375,2643855.5826416016,19.97494145984966,0.3530604839324951,test
24,instruct,multitask_dual,all,0.02,4027.56494140625,4027.56494140625,8.02303773188496,0.03784860670566559,
24,instruct,multitask_dual,all,0.04,160273.328125,164300.89306640625,163.4834756879664,0.08151092939078808,
24,instruct,multitask_dual,all,0.06,185891.3984375,350192.29150390625,232.22300497606514,0.0556659996509552,
24,instruct,multitask_dual,all,0.08,171232.7109375,521425.00244140625,259.2864258783721,0.07952285930514336,
24,instruct,multitask_dual,all,0.1,131979.1953125,653404.1977539062,259.9062043571624,0.13817096501588821,
24,instruct,multitask_dual,all,0.12000000000000001,164728.953125,818133.1508789062,271.26430732059225,0.0717131495475769,
24,instruct,multitask_dual,all,0.13999999999999999,134959.63671875,953092.7875976562,270.841940209621,0.1878727599978447,
24,instruct,multitask_dual,all,0.16,112835.328125,1065928.1157226562,265.0243947594869,0.2504970021545887,
24,instruct,multitask_dual,all,0.18,116489.4765625,1182417.5922851562,261.3077552011395,0.26143140345811844,
24,instruct,multitask_dual,all,0.2,131337.353515625,1313754.9458007812,261.2877776055651,0.21769382152706385,
24,instruct,multitask_dual,all,0.25,220915.5234375,1534670.4692382812,244.17986781834227,0.2836117669939995,
24,instruct,multitask_dual,all,0.3,204864.26171875,1739534.7309570312,230.64634459785617,0.2784407325088978,
24,instruct,multitask_dual,all,0.35,183340.859375,1922875.5903320312,218.5334231539983,0.3305489234626293,
24,instruct,multitask_dual,all,0.39999999999999997,176654.16796875,2099529.7583007812,208.78378662497823,0.28520286083221436,
24,instruct,multitask_dual,all,0.44999999999999996,171664.517578125,2271194.2758789062,200.7596814177412,0.22871916741132736,
24,instruct,multitask_dual,all,0.49999999999999994,159130.92578125,2430325.2016601562,193.3432936881588,0.23548129945993423,
24,instruct,multitask_dual,all,0.5499999999999999,164950.71484375,2595275.9165039062,187.69624043566256,0.3679395392537117,
24,instruct,multitask_dual,all,0.5999999999999999,156287.560546875,2751563.4770507812,182.41603533882136,0.3253778740763664,
24,instruct,multitask_dual,all,0.6499999999999999,122170.1484375,2873733.6254882812,175.86032834516132,0.3241845518350601,
24,instruct,multitask_dual,all,0.7,105794.03515625,2979527.6606445312,169.31058419391584,0.31463802605867386,
24,instruct,multitask_dual,all,0.7499999999999998,123985.75,3103513.4106445312,164.59896105248112,0.3663484491407871,
24,instruct,multitask_dual,all,0.7999999999999998,119731.392578125,3223244.8032226562,160.26475751902626,0.37629275023937225,
24,instruct,multitask_dual,all,0.8499999999999999,105998.3828125,3329243.1860351562,155.79779989869232,0.33651552349328995,
24,instruct,multitask_dual,all,0.8999999999999999,91370.923828125,3420614.1098632812,151.1806819527659,0.38782814890146255,
24,instruct,multitask_dual,all,0.9499999999999997,102121.578125,3522735.6879882812,147.49971477570998,0.36237073689699173,
24,instruct,multitask_dual,all,0.9999999999999998,98198.794921875,3620934.4829101562,144.03080679833556,0.3500397577881813,
24,instruct,multitask_dual,all,test,758207.421875,3620934.4829101562,90.46741699976137,0.3092113137245178,test
24,instruct_control,multitask_dual,all,0.02,4054.3831787109375,4054.3831787109375,8.076460515360433,0.06474103778600693,
24,instruct_control,multitask_dual,all,0.04,160411.078125,164465.46130371094,163.64722517782184,0.04373757168650627,
24,instruct_control,multitask_dual,all,0.06,223324.015625,387789.47692871094,257.15482554954303,0.09940357692539692,
24,instruct_control,multitask_dual,all,0.08,208290.90625,596080.3831787109,296.40993693620635,0.10536778904497623,
24,instruct_control,multitask_dual,all,0.1,177213.5390625,773293.9222412109,307.5950366910147,0.08946321625262499,
24,instruct_control,multitask_dual,all,0.12000000000000001,225298.78125,998592.7034912109,331.09837648912827,0.05776892602443695,
24,instruct_control,multitask_dual,all,0.13999999999999999,170296.53125,1168889.234741211,332.16517042944326,0.07654074858874083,
24,instruct_control,multitask_dual,all,0.16,217744.2890625,1386633.523803711,344.76218891191223,0.03976142965257168,
24,instruct_control,multitask_dual,all,0.18,168202.0859375,1554835.609741211,343.6100795008201,0.009940357878804207,
24,instruct_control,multitask_dual,all,0.2,229224.7265625,1784060.336303711,354.8250469975559,0.05268389591947198,
24,instruct_control,multitask_dual,all,0.25,532348.765625,2316409.101928711,368.561511842277,0.06563245505094528,
24,instruct_control,multitask_dual,all,0.3,568322.3125,2884731.414428711,382.4889173201685,0.06523468438535929,
24,instruct_control,multitask_dual,all,0.35,495825.40625,3380556.820678711,384.19784301383237,0.0795544944703579,
24,instruct_control,multitask_dual,all,0.39999999999999997,435287.6875,3815844.508178711,379.459477742513,0.07159904576838017,
24,instruct_control,multitask_dual,all,0.44999999999999996,545673.0,4361517.508178711,385.531468945347,0.0680190920829773,
24,instruct_control,multitask_dual,all,0.49999999999999994,576360.5625,4937878.070678711,392.8303954398338,0.06245027668774128,
24,instruct_control,multitask_dual,all,0.5499999999999999,480590.765625,5418468.836303711,391.875955471448,0.06404136773198843,
24,instruct_control,multitask_dual,all,0.5999999999999999,512892.6875,5931361.523803711,393.22205806176817,0.044550515711307526,
24,instruct_control,multitask_dual,all,0.6499999999999999,519558.125,6450919.648803711,394.7689644944441,0.12609387561678886,
24,instruct_control,multitask_dual,all,0.7,480431.71875,6931351.367553711,393.87154037695825,0.0942720752209425,
24,instruct_control,multitask_dual,all,0.7499999999999998,575028.71875,7506380.086303711,398.11085050669374,0.056881463155150414,
24,instruct_control,multitask_dual,all,0.7999999999999998,526170.96875,8032551.055053711,399.3909633578814,0.04097056481987238,
24,instruct_control,multitask_dual,all,0.8499999999999999,478117.5,8510668.555053711,398.2717279729379,0.09466984774917364,
24,instruct_control,multitask_dual,all,0.8999999999999999,521297.421875,9031965.976928711,399.1852725593879,0.09268098697066307,
24,instruct_control,multitask_dual,all,0.9499999999999997,419931.078125,9451897.055053711,395.7583659947959,0.06841686461120844,
24,instruct_control,multitask_dual,all,0.9999999999999998,476493.765625,9928390.820678711,394.9240581017785,0.06682577356696129,
24,instruct_control,multitask_dual,all,test,3522429.375,9928390.820678711,420.2874806109056,0.07642286270856857,test
24,instruct,multitask_triple_instruct,all,0.02,4551.63525390625,4551.63525390625,9.067002497821216,0.2317397048075994,
24,instruct,multitask_triple_instruct,all,0.04,219148.47265625,223700.10791015625,222.5871720499067,0.24055664365490279,
24,instruct,multitask_triple_instruct,all,0.06,278709.1171875,502409.22509765625,333.16261611250417,0.23459242718915144,
24,instruct,multitask_triple_instruct,all,0.08,302595.90625,805005.1313476562,400.3009106651697,0.27501654842247564,
24,instruct,multitask_triple_instruct,all,0.1,221783.6953125,1026788.8266601562,408.4283320048354,0.21868785843253136,
24,instruct,multitask_triple_instruct,all,0.12000000000000001,207762.13671875,1234550.9633789062,409.3338737993721,0.37649403512477875,
24,instruct,multitask_triple_instruct,all,0.13999999999999999,135943.791015625,1370494.7543945312,389.4557415159225,0.28098077823718387,
24,instruct,multitask_triple_instruct,all,0.16,193429.70703125,1563924.4614257812,388.8424817070565,0.37110666433970135,
24,instruct,multitask_triple_instruct,all,0.18,247409.298828125,1811333.7602539062,400.2947536472721,0.27700462689002353,
24,instruct,multitask_triple_instruct,all,0.2,169776.67578125,1981110.4360351562,394.0155998478831,0.26043737058838207,
24,instruct,multitask_triple_instruct,all,0.25,254221.9921875,2235332.4282226562,355.6614842040821,0.2765844613313675,
24,instruct,multitask_triple_instruct,all,0.3,293217.7890625,2528550.2172851562,335.26255864295365,0.3662158474326134,
24,instruct,multitask_triple_instruct,all,0.35,331225.05078125,2859775.2680664062,325.0113953933863,0.44789180159568787,
24,instruct,multitask_triple_instruct,all,0.39999999999999997,399301.0,3259076.2680664062,324.0927076438351,0.33916732172171277,
24,instruct,multitask_triple_instruct,all,0.44999999999999996,304925.74609375,3564002.0141601562,315.03597756211053,0.3396976838509242,
24,instruct,multitask_triple_instruct,all,0.49999999999999994,199336.77734375,3763338.7915039062,299.39051642831396,0.44550518194834393,
24,instruct,multitask_triple_instruct,all,0.5499999999999999,310363.15234375,4073701.9438476562,294.6193638423126,0.3272341539462407,
24,instruct,multitask_triple_instruct,all,0.5999999999999999,276634.5546875,4350336.498535156,288.407352064118,0.4176610919336478,
24,instruct,multitask_triple_instruct,all,0.6499999999999999,182041.47265625,4532377.971191406,277.36233836309935,0.4444444477558136,
24,instruct,multitask_triple_instruct,all,0.7,224332.56640625,4756710.537597656,270.2983599044014,0.42482100427150726,
24,instruct,multitask_triple_instruct,all,0.7499999999999998,328793.607421875,5085504.145019531,269.7164754717333,0.4317157169183095,
24,instruct,multitask_triple_instruct,all,0.7999999999999998,345971.0859375,5431475.230957031,270.0614176092398,0.38530892382065457,
24,instruct,multitask_triple_instruct,all,0.8499999999999999,250240.705078125,5681715.936035156,265.8859065017154,0.4386104345321655,
24,instruct,multitask_triple_instruct,all,0.8999999999999999,286709.1953125,5968425.131347656,263.7861368048995,0.36568549772103626,
24,instruct,multitask_triple_instruct,all,0.9499999999999997,348487.12890625,6316912.260253906,264.4940861807104,0.3800052950779597,
24,instruct,multitask_triple_instruct,all,0.9999999999999998,147415.283203125,6464327.543457031,257.13315606432104,0.4561124195655187,
24,instruct,multitask_triple_instruct,all,test,1786069.109375,6464327.543457031,213.10930788390408,0.47917909423510235,test
24,instruct_control,multitask_triple_instruct,all,0.02,4686.575134277344,4686.575134277344,9.335807040393115,0.14873838424682617,
24,instruct_control,multitask_triple_instruct,all,0.04,240749.1875,245435.76263427734,244.21468918833565,0.15241880839069685,
24,instruct_control,multitask_triple_instruct,all,0.06,215117.548828125,460553.31146240234,305.4067052137947,0.2763419412076473,
24,instruct_control,multitask_triple_instruct,all,0.08,217076.97265625,677630.2841186523,336.9618518740191,0.26772696028153103,
24,instruct_control,multitask_triple_instruct,all,0.1,239527.1484375,917157.4325561523,364.81998112814335,0.2478462364524603,
24,instruct_control,multitask_triple_instruct,all,0.12000000000000001,341618.1484375,1258775.5809936523,417.365908817524,0.23505977292855582,
24,instruct_control,multitask_triple_instruct,all,0.13999999999999999,223113.4921875,1481889.0731811523,421.11084773547947,0.18356526891390482,
24,instruct_control,multitask_triple_instruct,all,0.16,261241.4560546875,1743130.5292358398,433.39893814913967,0.16235917061567307,
24,instruct_control,multitask_triple_instruct,all,0.18,186472.80078125,1929603.3300170898,426.4316751418983,0.2292909094442924,
24,instruct_control,multitask_triple_instruct,all,0.2,260638.41015625,2190241.74017334,435.60893798196895,0.26043736437956494,
24,instruct_control,multitask_triple_instruct,all,0.25,643723.8125,2833965.55267334,450.9093958111917,0.2808273608485858,
24,instruct_control,multitask_triple_instruct,all,0.3,725311.84375,3559277.39642334,471.9275253809785,0.24874037504196167,
24,instruct_control,multitask_triple_instruct,all,0.35,595384.234375,4154661.63079834,472.1742960334515,0.1543357161184152,
24,instruct_control,multitask_triple_instruct,all,0.39999999999999997,705768.96875,4860430.59954834,483.33637624784603,0.17104215919971466,
24,instruct_control,multitask_triple_instruct,all,0.44999999999999996,627241.4375,5487672.03704834,485.07664077153186,0.14505435774723688,
24,instruct_control,multitask_triple_instruct,all,0.49999999999999994,630035.123046875,6117707.160095215,486.6911026328731,0.16202598810195923,
24,instruct_control,multitask_triple_instruct,all,0.5499999999999999,601892.8125,6719599.972595215,485.9767102477193,0.25722619766990346,
24,instruct_control,multitask_triple_instruct,all,0.5999999999999999,693961.015625,7413560.988220215,491.48508275127386,0.2826836332678795,
24,instruct_control,multitask_triple_instruct,all,0.6499999999999999,642602.90625,8056163.894470215,493.00311452605195,0.27923628439505893,
24,instruct_control,multitask_triple_instruct,all,0.7,758351.46875,8814515.363220215,500.88165491648,0.21638822105402747,
24,instruct_control,multitask_triple_instruct,all,0.7499999999999998,560118.4140625,9374633.777282715,497.1961695721408,0.16043489860991636,
24,instruct_control,multitask_triple_instruct,all,0.7999999999999998,562504.87109375,9937138.648376465,494.0900282605641,0.16070008153716722,
24,instruct_control,multitask_triple_instruct,all,0.8499999999999999,456867.4716796875,10394006.120056152,486.40582713539015,0.19119596031183997,
24,instruct_control,multitask_triple_instruct,all,0.8999999999999999,731264.5,11125270.620056152,491.70293556334093,0.24582338954011598,
24,instruct_control,multitask_triple_instruct,all,0.9499999999999997,644984.625,11770255.245056152,492.82984738333346,0.14929726595679918,
24,instruct_control,multitask_triple_instruct,all,0.9999999999999998,596314.056640625,12366569.301696777,491.9080867818925,0.18801378707091013,
24,instruct_control,multitask_triple_instruct,all,test,3674149.3125,12366569.301696777,438.3903248419043,0.2772143396238486,test
24,base,attribute,suppression,0.02,917.92333984375,917.92333984375,5.128063351082402,0.016759775578975677,
24,base,attribute,suppression,0.04,37258.625,38176.54833984375,106.63840318392108,0.07821229100227356,
24,base,attribute,suppression,0.06,24625.1875,62801.73583984375,116.94922875203677,0.08938547223806381,
24,base,attribute,suppression,0.08,29970.60546875,92772.34130859375,129.57030909021472,0.05027932673692703,
24,base,attribute,suppression,0.1,24305.748046875,117078.08935546875,130.81350765974162,0.13966479897499084,
24,base,attribute,suppression,0.12000000000000001,15728.486328125,132806.57568359375,123.65602950055283,0.15642458200454712,
24,base,attribute,suppression,0.13999999999999999,15934.505859375,148741.08154296875,118.80278078511881,0.2752808928489685,
24,base,attribute,suppression,0.16,14614.396484375,163355.47802734375,114.07505448836854,0.3611111342906952,
24,base,attribute,suppression,0.18,8471.78515625,171827.26318359375,106.65876051123138,0.4748603105545044,
24,base,attribute,suppression,0.2,8724.265625,180551.52880859375,100.86677587072276,0.4301675856113434,
24,base,attribute,suppression,0.25,23670.064453125,204221.59326171875,91.2926210378716,0.49888142943382263,
24,base,attribute,suppression,0.3,18509.53125,222731.12451171875,82.9538638777351,0.2946428656578064,
24,base,attribute,suppression,0.35,9427.640625,232158.76513671875,74.12476536932272,0.563758373260498,
24,base,attribute,suppression,0.39999999999999997,8938.1552734375,241096.92041015625,67.3643253451121,0.5906040072441101,
24,base,attribute,suppression,0.44999999999999996,18582.57421875,259679.49462890625,64.48460258974578,0.4575892984867096,
24,base,attribute,suppression,0.49999999999999994,13284.28125,272963.77587890625,61.01112558759639,0.44071587920188904,
24,base,attribute,suppression,0.5499999999999999,9207.662109375,282171.43798828125,57.32861397567681,0.5535714626312256,
24,base,attribute,suppression,0.5999999999999999,4738.29736328125,286909.7353515625,53.43820736665347,0.5749440789222717,
24,base,attribute,suppression,0.6499999999999999,6214.51513671875,293124.25048828125,50.390966217686305,0.5758928656578064,
24,base,attribute,suppression,0.7,15923.6005859375,309047.85107421875,49.329265933634275,0.6272321939468384,
24,base,attribute,suppression,0.7499999999999998,7998.55078125,317046.40185546875,47.23575712983742,0.5234899520874023,
24,base,attribute,suppression,0.7999999999999998,12432.0693359375,329478.47119140625,46.02297404545415,0.3400447368621826,
24,base,attribute,suppression,0.8499999999999999,9592.5478515625,339071.01904296875,44.573553180356086,0.6316964626312256,
24,base,attribute,suppression,0.8999999999999999,5590.7802734375,344661.79931640625,42.793866316911625,0.6644295454025269,
24,base,attribute,suppression,0.9499999999999997,9471.7451171875,354133.54443359375,41.65296923472051,0.7031250596046448,
24,base,attribute,suppression,0.9999999999999998,7594.39990234375,361727.9443359375,40.42104641143563,0.5212528109550476,
24,base,attribute,suppression,test,76018.28125,361727.9443359375,25.475295325067023,0.6263405084609985,test
24,base,state,suppression,0.02,708.6708984375,708.6708984375,3.9590552985335195,0.033519551157951355,
24,base,state,suppression,0.04,23059.689453125,23768.3603515625,66.3920680211243,0.06703910231590271,
24,base,state,suppression,0.06,28383.015625,52151.3759765625,97.11615638093575,0.07262569665908813,
24,base,state,suppression,0.08,31692.84375,83844.2197265625,117.10086553989176,0.005586592014878988,
24,base,state,suppression,0.1,32740.98046875,116585.2001953125,130.26279351431563,0.07262569665908813,
24,base,state,suppression,0.12000000000000001,34035.00390625,150620.2041015625,140.24227569977887,0.08938547223806381,
24,base,state,suppression,0.13999999999999999,26124.083984375,176744.2880859375,141.16955917407148,0.01123595517128706,
24,base,state,suppression,0.16,29216.513671875,205960.8017578125,143.82737552919866,0.02777777798473835,
24,base,state,suppression,0.18,18993.251953125,224954.0537109375,139.63628411603818,0.13966479897499084,
24,base,state,suppression,0.2,19051.6640625,244005.7177734375,136.31604344884778,0.11173184216022491,
24,base,state,suppression,0.25,53009.640625,297015.3583984375,132.77396441593095,0.1633109599351883,
24,base,state,suppression,0.3,48855.4609375,345870.8193359375,128.8159476111499,0.1428571492433548,
24,base,state,suppression,0.35,44065.484375,389936.3037109375,124.50073553989064,0.14541387557983398,
24,base,state,suppression,0.39999999999999997,44132.20703125,434068.5107421875,121.28206502994901,0.07829977571964264,
24,base,state,suppression,0.44999999999999996,36795.2890625,470863.7998046875,116.92669476153154,0.0848214328289032,
24,base,state,suppression,0.49999999999999994,32566.123046875,503429.9228515625,112.52345168787718,0.06935123354196548,
24,base,state,suppression,0.5499999999999999,35984.01171875,539413.9345703125,109.59242880339546,0.1183035746216774,
24,base,state,suppression,0.5999999999999999,33200.125,572614.0595703125,106.65190157763317,0.17673377692699432,
24,base,state,suppression,0.6499999999999999,30398.328125,603012.3876953125,103.66381084671008,0.15625,
24,base,state,suppression,0.7,30726.041015625,633738.4287109375,101.15537569208898,0.133928582072258,
24,base,state,suppression,0.7499999999999998,31955.361328125,665693.7900390625,99.1796469068925,0.14317673444747925,
24,base,state,suppression,0.7999999999999998,19434.453125,685128.2431640625,95.7016682726725,0.27069351077079773,
24,base,state,suppression,0.8499999999999999,29378.453125,714506.6962890625,93.92752678967562,0.2187500149011612,
24,base,state,suppression,0.8999999999999999,37811.30078125,752317.9970703125,93.40923728213465,0.11185682564973831,
24,base,state,suppression,0.9499999999999997,19413.234375,771731.2314453125,90.7705518049062,0.267857164144516,
24,base,state,suppression,0.9999999999999998,11481.8251953125,783213.056640625,87.5196174590038,0.19686800241470337,
24,base,state,suppression,test,92153.1875,783213.056640625,30.88243548927614,0.34617963433265686,test
24,base,correctness_base,suppression,0.02,154.56068420410156,154.56068420410156,0.8634675095201204,0.3910614550113678,
24,base,correctness_base,suppression,0.04,16315.1376953125,16469.6983795166,46.00474407686202,0.7932960391044617,
24,base,correctness_base,suppression,0.06,12979.8486328125,29449.5470123291,54.84086966914172,0.7877094745635986,
24,base,correctness_base,suppression,0.08,5042.20849609375,34491.75550842285,48.17284288885873,0.8659217357635498,
24,base,correctness_base,suppression,0.1,7059.1533203125,41550.90882873535,46.42559645668754,0.8435754179954529,
24,base,correctness_base,suppression,0.12000000000000001,8428.451171875,49979.36000061035,46.53571694656457,0.8603351712226868,
24,base,correctness_base,suppression,0.13999999999999999,14060.396484375,64039.75648498535,51.14996524359852,0.7359550595283508,
24,base,correctness_base,suppression,0.16,10246.189453125,74285.94593811035,51.87566057130611,0.8055555820465088,
24,base,correctness_base,suppression,0.18,12508.94140625,86794.88734436035,53.87640431058991,0.7932960391044617,
24,base,correctness_base,suppression,0.2,10052.8203125,96847.70765686035,54.104864612771145,0.832402229309082,
24,base,correctness_base,suppression,0.25,32286.74609375,129134.45375061035,57.72662215047401,0.7762863636016846,
24,base,correctness_base,suppression,0.3,29599.60546875,158734.05921936035,59.118830249296224,0.8236607313156128,
24,base,correctness_base,suppression,0.35,45283.2890625,204017.34828186035,65.13963865959781,0.8120805621147156,
24,base,correctness_base,suppression,0.39999999999999997,30061.546875,234078.89515686035,65.40343536095567,0.8120805621147156,
24,base,correctness_base,suppression,0.44999999999999996,11722.7353515625,245801.63050842285,61.038398437651566,0.2031250149011612,
24,base,correctness_base,suppression,0.49999999999999994,52513.23828125,298314.86878967285,66.67744049836229,0.25503355264663696,
24,base,correctness_base,suppression,0.5499999999999999,42261.55859375,340576.42738342285,69.19472315794857,0.2165178656578064,
24,base,correctness_base,suppression,0.5999999999999999,26713.212890625,367289.64027404785,68.4093202223967,0.20581655204296112,
24,base,correctness_base,suppression,0.6499999999999999,49537.48828125,416827.12855529785,71.6567179912838,0.2098214328289032,
24,base,correctness_base,suppression,0.7,27799.630859375,444626.75941467285,70.96995361766525,0.2232142984867096,
24,base,correctness_base,suppression,0.7499999999999998,14053.873046875,458680.63246154785,68.33740054552263,0.23489932715892792,
24,base,correctness_base,suppression,0.7999999999999998,41683.5390625,500364.17152404785,69.89302577511494,0.1812080591917038,
24,base,correctness_base,suppression,0.8499999999999999,50897.140625,551261.3121490479,72.46763667004704,0.1540178656578064,
24,base,correctness_base,suppression,0.8999999999999999,35164.34765625,586425.6598052979,72.81172830957262,0.1991051435470581,
24,base,correctness_base,suppression,0.9499999999999997,41051.95703125,627477.6168365479,73.80353056181461,0.2343750149011612,
24,base,correctness_base,suppression,0.9999999999999998,30675.072265625,658152.6891021729,73.5448306070145,0.1991051435470581,
24,base,correctness_base,suppression,test,242038.0625,658152.6891021729,81.11195123994638,0.20475871860980988,test
24,base,multitask_dual,suppression,0.02,1619.0800170898438,1619.0800170898438,9.045139760278456,0.011173183796927333,
24,base,multitask_dual,suppression,0.04,59058.072265625,60677.152282714844,169.48925218635432,0.06145251356065273,
24,base,multitask_dual,suppression,0.06,75032.0078125,135709.16009521484,252.7172441251673,0.1089385449886322,
24,base,multitask_dual,suppression,0.08,68776.271484375,204485.43157958984,285.5941781837847,0.12569831684231758,
24,base,multitask_dual,suppression,0.1,57856.244140625,262341.67572021484,293.1191907488434,0.16480445861816406,
24,base,multitask_dual,suppression,0.12000000000000001,55768.94921875,318110.62493896484,296.19238821132666,0.21787709183990955,
24,base,multitask_dual,suppression,0.13999999999999999,45538.2490234375,363648.87396240234,290.45437217444277,0.13202247023582458,
24,base,multitask_dual,suppression,0.16,37124.8720703125,400773.74603271484,279.86993438038746,0.17777778394520283,
24,base,multitask_dual,suppression,0.18,31861.39892578125,432635.1449584961,268.5506796762856,0.29608937352895737,
24,base,multitask_dual,suppression,0.2,21824.9140625,454460.0590209961,253.8883011290481,0.2877094894647598,
24,base,multitask_dual,suppression,0.25,50388.9765625,504849.0355834961,225.68128546423608,0.304250568151474,
24,base,multitask_dual,suppression,0.3,58090.1796875,562939.2152709961,209.66078781042685,0.3035714402794838,
24,base,multitask_dual,suppression,0.35,47087.4072265625,610026.6224975586,194.77222940535077,0.3724832162261009,
24,base,multitask_dual,suppression,0.39999999999999997,46599.70361328125,656626.3261108398,183.46642249534503,0.30984338745474815,
24,base,multitask_dual,suppression,0.44999999999999996,65989.373046875,722615.6991577148,179.44268665451077,0.3046875,
24,base,multitask_dual,suppression,0.49999999999999994,46155.787109375,768771.4862670898,171.83090886613542,0.33557048439979553,
24,base,multitask_dual,suppression,0.5499999999999999,52050.5703125,820822.0565795898,166.76596029654405,0.2209821566939354,
24,base,multitask_dual,suppression,0.5999999999999999,36695.14453125,857517.2011108398,159.71637197072823,0.42170023918151855,
24,base,multitask_dual,suppression,0.6499999999999999,40036.0947265625,897553.2958374023,154.29831456719998,0.4207589328289032,
24,base,multitask_dual,suppression,0.7,52030.36328125,949583.6591186523,151.56961837488464,0.4665178805589676,
24,base,multitask_dual,suppression,0.7499999999999998,41625.736328125,991209.3954467773,147.677204327589,0.31655479967594147,
24,base,multitask_dual,suppression,0.7999999999999998,39482.3720703125,1030691.7675170898,143.97147192584018,0.4429530203342438,
24,base,multitask_dual,suppression,0.8499999999999999,42789.3984375,1073481.1659545898,141.11754514980805,0.4084821566939354,
24,base,multitask_dual,suppression,0.8999999999999999,36271.57666015625,1109752.742614746,137.7890169623474,0.3702460825443268,
24,base,multitask_dual,suppression,0.9499999999999997,24138.20458984375,1133890.9472045898,133.367554364219,0.4654017984867096,
24,base,multitask_dual,suppression,0.9999999999999998,36556.515625,1170447.4628295898,130.79086633474017,0.3702460825443268,
24,base,multitask_dual,suppression,test,210045.0390625,1170447.4628295898,70.39042864024799,0.4643096625804901,test
24,base,multitask_triple_base,suppression,0.02,1636.1563339233398,1636.1563339233398,9.14053817834268,0.28491620036462945,
24,base,multitask_triple_base,suppression,0.04,54625.22151184082,56261.37784576416,157.15468672001163,0.271880816668272,
24,base,multitask_triple_base,suppression,0.06,71725.50805664062,127986.88590240479,238.33684525587483,0.3333333233992259,
24,base,multitask_triple_base,suppression,0.08,70835.43115234375,198822.31705474854,277.68480035579404,0.11918062654634316,
24,base,multitask_triple_base,suppression,0.1,62497.763671875,261320.08072662354,291.9777438286296,0.14152700205643973,
24,base,multitask_triple_base,suppression,0.12000000000000001,52609.16064453125,313929.2413711548,292.2991074219318,0.14338919272025427,
24,base,multitask_triple_base,suppression,0.13999999999999999,52964.07177734375,366893.31314849854,293.04577727515857,0.3501872668663661,
24,base,multitask_triple_base,suppression,0.16,35743.833740234375,402637.1468887329,281.17119196140567,0.39814816042780876,
24,base,multitask_triple_base,suppression,0.18,30664.013549804688,433301.1604385376,268.96409710647896,0.45996273308992386,
24,base,multitask_triple_base,suppression,0.2,31669.25439453125,464970.41483306885,259.76000828663064,0.5046554903189341,
24,base,multitask_triple_base,suppression,0.25,62625.02001953125,527595.4348526001,235.84954620143054,0.4444444477558136,
24,base,multitask_triple_base,suppression,0.3,70960.2412109375,598555.6760635376,222.9257638970345,0.4955357263485591,
24,base,multitask_triple_base,suppression,0.35,91200.806640625,689756.4827041626,220.22876203836609,0.4675615280866623,
24,base,multitask_triple_base,suppression,0.39999999999999997,67564.91015625,757321.3928604126,211.60139504342348,0.48993288973967236,
24,base,multitask_triple_base,suppression,0.44999999999999996,59766.44775390625,817087.8406143188,202.902369161738,0.4813988382617633,
24,base,multitask_triple_base,suppression,0.49999999999999994,69523.6767578125,886611.5173721313,198.16976248818312,0.44668158888816833,
24,base,multitask_triple_base,suppression,0.5499999999999999,47553.1025390625,934164.6199111938,189.7937057926034,0.5178571691115698,
24,base,multitask_triple_base,suppression,0.5999999999999999,60627.42724609375,994792.0471572876,185.2844192880029,0.5011185655991236,
24,base,multitask_triple_base,suppression,0.6499999999999999,59854.2197265625,1054646.26688385,181.30415452705003,0.3794642984867096,
24,base,multitask_triple_base,suppression,0.7,109850.7470703125,1164497.0139541626,185.87342601024145,0.5186012089252472,
24,base,multitask_triple_base,suppression,0.7499999999999998,94624.3330078125,1259121.346961975,187.5925725509498,0.5316927681366602,
24,base,multitask_triple_base,suppression,0.7999999999999998,50554.26953125,1309675.616493225,182.94113933415633,0.5055928428967794,
24,base,multitask_triple_base,suppression,0.8499999999999999,54442.4677734375,1364118.0842666626,179.3240547215279,0.5565476516882578,
24,base,multitask_triple_base,suppression,0.8999999999999999,74678.6181640625,1438796.702430725,178.64374254168428,0.514541377623876,
24,base,multitask_triple_base,suppression,0.9499999999999997,73460.4375,1512257.139930725,177.87075275590743,0.531994084517161,
24,base,multitask_triple_base,suppression,0.9999999999999998,68746.6787109375,1581003.8186416626,176.6682108215066,0.513049970070521,
24,base,multitask_triple_base,suppression,test,200143.88671875,1581003.8186416626,67.07234809609585,0.48123325904210407,test
24,instruct,attribute,suppression,0.02,673.8513793945312,673.8513793945312,3.764532845779504,0.08938547223806381,
24,instruct,attribute,suppression,0.04,33083.6796875,33757.53106689453,94.29477951646517,0.12849161028862,
24,instruct,attribute,suppression,0.06,24070.6484375,57828.17950439453,107.68748511060434,0.08938547223806381,
24,instruct,attribute,suppression,0.08,24309.43359375,82137.61309814453,114.71733672925214,0.08938547223806381,
24,instruct,attribute,suppression,0.1,24272.126953125,106409.74005126953,118.89356430309445,0.20670390129089355,
24,instruct,attribute,suppression,0.12000000000000001,23583.83984375,129993.57989501953,121.03685278865878,0.1508379876613617,
24,instruct,attribute,suppression,0.13999999999999999,22430.833984375,152424.41387939453,121.74473952028318,0.28651684522628784,
24,instruct,attribute,suppression,0.16,7761.54443359375,160185.95831298828,111.86170273253371,0.5,
24,instruct,attribute,suppression,0.18,7021.2548828125,167207.21319580078,103.79094549708304,0.39664801955223083,
24,instruct,attribute,suppression,0.2,7819.49951171875,175026.71270751953,97.78028642878186,0.5251396298408508,
24,instruct,attribute,suppression,0.25,21923.673828125,196950.38653564453,88.04219335522778,0.19015659391880035,
24,instruct,attribute,suppression,0.3,19593.9296875,216544.31622314453,80.64965222463483,0.4441964626312256,
24,instruct,attribute,suppression,0.35,13543.921875,230088.23809814453,73.463677553686,0.5123042464256287,
24,instruct,attribute,suppression,0.39999999999999997,13854.2890625,243942.52716064453,68.15940965650867,0.6107382774353027,
24,instruct,attribute,suppression,0.44999999999999996,6059.75244140625,250002.27960205078,62.08151964292296,0.629464328289032,
24,instruct,attribute,suppression,0.49999999999999994,10455.28515625,260457.56475830078,58.215816888310414,0.673378050327301,
24,instruct,attribute,suppression,0.5499999999999999,13050.1669921875,273507.7317504883,55.56841360229343,0.4107142984867096,
24,instruct,attribute,suppression,0.5999999999999999,8085.67236328125,281593.40411376953,52.44801715659705,0.5100671052932739,
24,instruct,attribute,suppression,0.6499999999999999,14915.138671875,296508.54278564453,50.97275963308312,0.6004464626312256,
24,instruct,attribute,suppression,0.7,6855.287109375,303363.82989501953,48.42199998324334,0.515625,
24,instruct,attribute,suppression,0.7499999999999998,15624.5810546875,318988.41094970703,47.52509102349628,0.6107382774353027,
24,instruct,attribute,suppression,0.7999999999999998,8573.0830078125,327561.49395751953,45.755202396636335,0.3624161183834076,
24,instruct,attribute,suppression,0.8499999999999999,12864.6708984375,340426.16485595703,44.751697759426456,0.4955357313156128,
24,instruct,attribute,suppression,0.8999999999999999,5534.3984375,345960.56329345703,42.95512332920996,0.5413870215415955,
24,instruct,attribute,suppression,0.9499999999999997,6507.47509765625,352468.0383911133,41.457073440497915,0.566964328289032,
24,instruct,attribute,suppression,0.9999999999999998,16453.578125,368921.6165161133,41.22489848207769,0.3445190191268921,
24,instruct,attribute,suppression,test,32797.984375,368921.6165161133,10.991281627010723,0.6105898022651672,test
24,instruct,state,suppression,0.02,850.262939453125,850.262939453125,4.750072287447626,0.005586592014878988,
24,instruct,state,suppression,0.04,19594.31640625,20444.579345703125,57.10776353548359,0.03910614550113678,
24,instruct,state,suppression,0.06,29334.501953125,49779.081298828125,92.69847541681214,0.07262569665908813,
24,instruct,state,suppression,0.08,29493.75390625,79272.83520507812,110.71625028642197,0.044692736119031906,
24,instruct,state,suppression,0.1,32616.009765625,111888.84497070312,125.01546924100907,0.044692736119031906,
24,instruct,state,suppression,0.12000000000000001,34839.76953125,146728.61450195312,136.61882169641817,0.033519551157951355,
24,instruct,state,suppression,0.13999999999999999,23297.291015625,170025.90551757812,135.80343891180362,0.13483145833015442,
24,instruct,state,suppression,0.16,22694.0859375,192719.99145507812,134.58099961946797,0.04444444552063942,
24,instruct,state,suppression,0.18,18248.48046875,210968.47192382812,130.95497946854633,0.06703910231590271,
24,instruct,state,suppression,0.2,15347.9384765625,226316.41040039062,126.43374882703387,0.02793296054005623,
24,instruct,state,suppression,0.25,41074.17578125,267390.5861816406,119.53088340708119,0.10290827602148056,
24,instruct,state,suppression,0.3,46654.8125,314045.3986816406,116.96290453692389,0.0915178582072258,
24,instruct,state,suppression,0.35,49801.55078125,363846.9494628906,116.17080123336227,0.17449665069580078,
24,instruct,state,suppression,0.39999999999999997,36936.72265625,400783.6721191406,111.98202629760844,0.20357942581176758,
24,instruct,state,suppression,0.44999999999999996,42424.46875,443208.1408691406,110.05913604895471,0.1473214328289032,
24,instruct,state,suppression,0.49999999999999994,24106.337890625,467314.4787597656,104.45115752341654,0.14317673444747925,
24,instruct,state,suppression,0.5499999999999999,34190.65234375,501505.1311035156,101.89051830628111,0.1227678656578064,
24,instruct,state,suppression,0.5999999999999999,34614.68359375,536119.8146972656,99.85468703618284,0.1633109599351883,
24,instruct,state,suppression,0.6499999999999999,35298.0234375,571417.8381347656,98.2323943845222,0.098214291036129,
24,instruct,state,suppression,0.7,26292.80078125,597710.6389160156,95.40473087246858,0.1718750149011612,
24,instruct,state,suppression,0.7499999999999998,21214.146484375,618924.7854003906,92.21167839695927,0.20357942581176758,
24,instruct,state,suppression,0.7999999999999998,20832.720703125,639757.5061035156,89.36408801557698,0.2572706937789917,
24,instruct,state,suppression,0.8499999999999999,30228.23828125,669985.7443847656,88.07489738198575,0.1629464328289032,
24,instruct,state,suppression,0.8999999999999999,26645.890625,696631.6350097656,86.49511236773847,0.14988814294338226,
24,instruct,state,suppression,0.9499999999999997,19261.9296875,715893.5646972656,84.20295985618273,0.2008928656578064,
24,instruct,state,suppression,0.9999999999999998,16027.2626953125,731920.8273925781,81.78800172003331,0.20805369317531586,
24,instruct,state,suppression,test,85277.5,731920.8273925781,28.578250670241285,0.27982574701309204,test
24,instruct,correctness_instruct,suppression,0.02,429.4722595214844,429.4722595214844,2.399286366041812,0.3854748606681824,
24,instruct,correctness_instruct,suppression,0.04,3852.864013671875,4282.336273193359,11.96183316534458,0.6480446457862854,
24,instruct,correctness_instruct,suppression,0.06,9282.6787109375,13565.01498413086,25.260735538418732,0.6703910231590271,
24,instruct,correctness_instruct,suppression,0.08,23918.275390625,37483.29037475586,52.350964210552874,0.6201117038726807,
24,instruct,correctness_instruct,suppression,0.1,36317.890625,73801.18099975586,82.45942011145907,0.6089385151863098,
24,instruct,correctness_instruct,suppression,0.12000000000000001,29939.412109375,103740.59310913086,96.59273101408833,0.41899439692497253,
24,instruct,correctness_instruct,suppression,0.13999999999999999,21124.609375,124865.20248413086,99.732589843555,0.3314606845378876,
24,instruct,correctness_instruct,suppression,0.16,1493.16357421875,126358.36605834961,88.23908244298157,0.42777779698371887,
24,instruct,correctness_instruct,suppression,0.18,5962.39501953125,132320.76107788086,82.13579210296763,0.597765326499939,
24,instruct,correctness_instruct,suppression,0.2,24108.501953125,156429.26303100586,87.3906497379921,0.5810055732727051,
24,instruct,correctness_instruct,suppression,0.25,53271.796875,209701.05990600586,93.7420920455994,0.34899330139160156,
24,instruct,correctness_instruct,suppression,0.3,25008.03125,234709.09115600586,87.41493152923869,0.3794642984867096,
24,instruct,correctness_instruct,suppression,0.35,20184.818359375,254893.90951538086,81.38375144169248,0.6353467702865601,
24,instruct,correctness_instruct,suppression,0.39999999999999997,5646.02490234375,260539.9344177246,72.79685231006555,0.4049217104911804,
24,instruct,correctness_instruct,suppression,0.44999999999999996,13630.955078125,274170.8894958496,68.0831610369629,0.3906250298023224,
24,instruct,correctness_instruct,suppression,0.49999999999999994,21568.83984375,295739.7293395996,66.10186172096549,0.6308724880218506,
24,instruct,correctness_instruct,suppression,0.5499999999999999,51247.91796875,346987.6473083496,70.49728714107063,0.6160714626312256,
24,instruct,correctness_instruct,suppression,0.5999999999999999,56129.15625,403116.8035583496,75.08228786707946,0.6554809808731079,
24,instruct,correctness_instruct,suppression,0.6499999999999999,24883.548828125,428000.3523864746,73.57750599733103,0.6361607313156128,
24,instruct,correctness_instruct,suppression,0.7,66123.3125,494123.6648864746,78.87049718858334,0.6428571939468384,
24,instruct,correctness_instruct,suppression,0.7499999999999998,79810.1875,573933.8523864746,85.50861924709098,0.5973154306411743,
24,instruct,correctness_instruct,suppression,0.7999999999999998,70085.4921875,644019.3445739746,89.95939999636467,0.33557048439979553,
24,instruct,correctness_instruct,suppression,0.8499999999999999,85696.3515625,729715.6961364746,95.92686948027799,0.6361607313156128,
24,instruct,correctness_instruct,suppression,0.8999999999999999,67656.890625,797372.5867614746,99.00330106300902,0.3691275119781494,
24,instruct,correctness_instruct,suppression,0.9499999999999997,29748.41796875,827121.0047302246,97.28546280054394,0.6205357313156128,
24,instruct,correctness_instruct,suppression,0.9999999999999998,60436.6640625,887557.6687927246,99.17953612612857,0.6129754185676575,
24,instruct,correctness_instruct,suppression,test,299948.21875,887557.6687927246,100.51884006367293,0.6132708191871643,test
24,instruct,multitask_dual,suppression,0.02,1385.7828369140625,1385.7828369140625,7.74180355817912,0.04748603096231818,
24,instruct,multitask_dual,suppression,0.04,54052.005859375,55437.78869628906,154.8541583695225,0.08659217692911625,
24,instruct,multitask_dual,suppression,0.06,61697.12890625,117134.91760253906,218.1283381797748,0.07262569665908813,
24,instruct,multitask_dual,suppression,0.08,67619.603515625,184754.52111816406,258.0370406678269,0.08659217786043882,
24,instruct,multitask_dual,suppression,0.1,50694.51953125,235449.04064941406,263.071553798228,0.0865921787917614,
24,instruct,multitask_dual,suppression,0.12000000000000001,40929.982421875,276379.02307128906,257.3361481110699,0.20391060411930084,
24,instruct,multitask_dual,suppression,0.13999999999999999,32616.353515625,308995.37658691406,246.80141899913264,0.28089888393878937,
24,instruct,multitask_dual,suppression,0.16,35807.361328125,344802.73791503906,240.78403485687085,0.2166666705161333,
24,instruct,multitask_dual,suppression,0.18,35051.65625,379854.39416503906,235.78795416824275,0.20949719101190567,
24,instruct,multitask_dual,suppression,0.2,27784.697265625,407639.09143066406,227.7313359947844,0.26815642416477203,
24,instruct,multitask_dual,suppression,0.25,72817.08203125,480456.17346191406,214.77701093514264,0.2069351226091385,
24,instruct,multitask_dual,suppression,0.3,57361.005859375,537817.1793212891,200.30434984033113,0.2455357313156128,
24,instruct,multitask_dual,suppression,0.35,72188.693359375,610005.8726806641,194.76560430417115,0.3914988860487938,
24,instruct,multitask_dual,suppression,0.39999999999999997,50308.41796875,660314.2906494141,184.4968680216301,0.3322147727012634,
24,instruct,multitask_dual,suppression,0.44999999999999996,37554.90478515625,697869.1954345703,173.29754046053398,0.3950892984867096,
24,instruct,multitask_dual,suppression,0.49999999999999994,49461.2587890625,747330.4542236328,167.03854587028002,0.3959731459617615,
24,instruct,multitask_dual,suppression,0.5499999999999999,43939.298828125,791269.7530517578,160.76183524009707,0.396205373108387,
24,instruct,multitask_dual,suppression,0.5999999999999999,41399.1611328125,832668.9141845703,155.0882686132558,0.4530201256275177,
24,instruct,multitask_dual,suppression,0.6499999999999999,41186.810546875,873855.7247314453,150.22446703308327,0.3850446492433548,
24,instruct,multitask_dual,suppression,0.7,26148.7333984375,900004.4581298828,143.65593904706827,0.4352678880095482,
24,instruct,multitask_dual,suppression,0.7499999999999998,44144.595703125,944149.0538330078,140.6658304280405,0.41051454842090607,
24,instruct,multitask_dual,suppression,0.7999999999999998,28499.9345703125,972648.9884033203,135.86380617451044,0.4519015848636627,
24,instruct,multitask_dual,suppression,0.8499999999999999,31584.11962890625,1004233.1080322266,132.01434310927127,0.3962053880095482,
24,instruct,multitask_dual,suppression,0.8999999999999999,44838.65234375,1049071.7603759766,130.25475048124864,0.42953018844127655,
24,instruct,multitask_dual,suppression,0.9499999999999997,26871.8955078125,1075943.655883789,126.55182967346379,0.4330357387661934,
24,instruct,multitask_dual,suppression,0.9999999999999998,27319.15625,1103262.812133789,123.2833626252977,0.3836688995361328,
24,instruct,multitask_dual,suppression,test,138426.68359375,1103262.812133789,46.3896392740449,0.4643096625804901,test
24,instruct,multitask_triple_instruct,suppression,0.02,1563.7731018066406,1563.7731018066406,8.736162579925367,0.19925511752565703,
24,instruct,multitask_triple_instruct,suppression,0.04,77615.91015625,79179.68325805664,221.17229960351017,0.18063313886523247,
24,instruct,multitask_triple_instruct,suppression,0.06,92242.5859375,171422.26919555664,319.22210278502166,0.16387336204449335,
24,instruct,multitask_triple_instruct,suppression,0.08,64055.17041015625,235477.4396057129,328.87910559457106,0.2700186111032963,
24,instruct,multitask_triple_instruct,suppression,0.1,92944.86328125,328422.3028869629,366.9522937284502,0.3109869472682476,
24,instruct,multitask_triple_instruct,suppression,0.12000000000000001,70580.53125,399002.8341369629,371.5110187494999,0.2216014824807644,
24,instruct,multitask_triple_instruct,suppression,0.13999999999999999,58923.6220703125,457926.4562072754,365.7559554371209,0.25655431548754376,
24,instruct,multitask_triple_instruct,suppression,0.16,36007.57824707031,493934.0344543457,344.92600171392854,0.32407407214244205,
24,instruct,multitask_triple_instruct,suppression,0.18,62781.9248046875,556715.9592590332,345.5716693103868,0.36685286710659665,
24,instruct,multitask_triple_instruct,suppression,0.2,57628.1923828125,614344.1516418457,343.20902326360095,0.3631284832954407,
24,instruct,multitask_triple_instruct,suppression,0.25,137491.470703125,751835.6223449707,336.0910247407111,0.28337062398592633,
24,instruct,multitask_triple_instruct,suppression,0.3,77295.8681640625,829131.4905090332,308.8013000033643,0.3415178805589676,
24,instruct,multitask_triple_instruct,suppression,0.35,76811.2626953125,905942.7532043457,289.2537526195229,0.35495899120966595,
24,instruct,multitask_triple_instruct,suppression,0.39999999999999997,42772.615234375,948715.3684387207,265.07833708821477,0.4683072467645009,
24,instruct,multitask_triple_instruct,suppression,0.44999999999999996,83595.4267578125,1032310.7951965332,256.347354158563,0.4754464328289032,
24,instruct,multitask_triple_instruct,suppression,0.49999999999999994,106846.583984375,1139157.3791809082,254.61720589649266,0.47054437299569446,
24,instruct,multitask_triple_instruct,suppression,0.5499999999999999,102451.0751953125,1241608.4543762207,252.2568984917149,0.4732143034537633,
24,instruct,multitask_triple_instruct,suppression,0.5999999999999999,136891.89453125,1378500.3489074707,256.7517878389776,0.4630872408548991,
24,instruct,multitask_triple_instruct,suppression,0.6499999999999999,77046.455078125,1455546.8039855957,250.22293346838504,0.4032738208770752,
24,instruct,multitask_triple_instruct,suppression,0.7,41055.4306640625,1496602.2346496582,238.88303825214018,0.5200893183549246,
24,instruct,multitask_triple_instruct,suppression,0.7499999999999998,127715.474609375,1624317.7092590332,242.00204249985595,0.3378076106309891,
24,instruct,multitask_triple_instruct,suppression,0.7999999999999998,122700.2333984375,1747017.9426574707,244.0310019077344,0.3549589862426122,
24,instruct,multitask_triple_instruct,suppression,0.8499999999999999,78910.6484375,1825928.5910949707,240.03267925528732,0.3444940547148387,
24,instruct,multitask_triple_instruct,suppression,0.8999999999999999,47776.05078125,1873704.6418762207,232.6427417278645,0.47800150016943616,
24,instruct,multitask_triple_instruct,suppression,0.9499999999999997,45504.3125,1919208.9543762207,225.73617435617746,0.5059523930152258,
24,instruct,multitask_triple_instruct,suppression,0.9999999999999998,97812.630859375,2017021.5852355957,225.3907235708566,0.46607010066509247,
24,instruct,multitask_triple_instruct,suppression,test,402323.99609375,2017021.5852355957,134.82707643892425,0.4909517665704091,test
24,base,attribute,enhancement,0.02,655.3153686523438,655.3153686523438,3.660979713141585,0.08938547223806381,
24,base,attribute,enhancement,0.04,25856.818359375,26512.133728027344,73.84995467417087,0.1666666716337204,
24,base,attribute,enhancement,0.06,48290.67578125,74802.80950927734,139.03867938527387,0.03910614550113678,
24,base,attribute,enhancement,0.08,12025.30859375,86828.11810302734,120.93052660588766,0.25,
24,base,attribute,enhancement,0.1,22187.91015625,109016.02825927734,121.53403373386548,0.21229049563407898,
24,base,attribute,enhancement,0.12000000000000001,13071.81640625,122087.84466552734,113.359187247472,0.3222222328186035,
24,base,attribute,enhancement,0.13999999999999999,15143.9140625,137231.75872802734,109.26095440129565,0.2625698149204254,
24,base,attribute,enhancement,0.16,15797.70703125,153029.46575927734,106.56648033375859,0.21111111342906952,
24,base,attribute,enhancement,0.18,23134.494140625,176163.95989990234,109.07985133120889,0.3240223228931427,
24,base,attribute,enhancement,0.2,16087.1005859375,192251.06048583984,107.10365486676315,0.3444444537162781,
24,base,attribute,enhancement,0.25,21369.154296875,213620.21478271484,95.19617414559485,0.532293975353241,
24,base,attribute,enhancement,0.3,18141.3203125,231761.53509521484,86.06072599153912,0.46770602464675903,
24,base,attribute,enhancement,0.35,19681.408203125,251442.94329833984,80.05187624907349,0.5691964626312256,
24,base,attribute,enhancement,0.39999999999999997,10361.4765625,261804.41986083984,72.92602224535929,0.5300668478012085,
24,base,attribute,enhancement,0.44999999999999996,10894.4697265625,272698.88958740234,67.51643713478641,0.365256130695343,
24,base,attribute,enhancement,0.49999999999999994,5618.69384765625,278317.5834350586,62.01372179925548,0.5345211625099182,
24,base,attribute,enhancement,0.5499999999999999,19768.90234375,298086.4857788086,60.37806072084436,0.5077950954437256,
24,base,attribute,enhancement,0.5999999999999999,8101.87353515625,306188.35931396484,56.84893414667004,0.5723831057548523,
24,base,attribute,enhancement,0.6499999999999999,12861.2587890625,319049.61810302734,54.67859778972191,0.5567929148674011,
24,base,attribute,enhancement,0.7,5535.5732421875,324585.19134521484,51.66086126774071,0.6026785969734192,
24,base,attribute,enhancement,0.7499999999999998,10833.0908203125,335418.28216552734,49.824462591433054,0.5055679678916931,
24,base,attribute,enhancement,0.7999999999999998,3951.78857421875,339370.0707397461,47.25944447009415,0.7082405686378479,
24,base,attribute,enhancement,0.8499999999999999,14978.3681640625,354348.4389038086,46.441472988703616,0.5211581587791443,
24,base,attribute,enhancement,0.8999999999999999,11233.921875,365582.3607788086,45.25094204466006,0.47661471366882324,
24,base,attribute,enhancement,0.9499999999999997,3252.110595703125,368834.4713745117,43.2498207521707,0.6191536784172058,
24,base,attribute,enhancement,0.9999999999999998,5754.27490234375,374588.74627685547,41.73225782941795,0.609375,
24,base,attribute,enhancement,test,23548.66015625,374588.74627685547,7.86791184639158,0.7053124308586121,test
24,base,state,enhancement,0.02,833.9214477539062,833.9214477539062,4.658779037731319,0.011173184029757977,
24,base,state,enhancement,0.04,24302.703125,25136.624572753906,70.01845284889667,0.07222222536802292,
24,base,state,enhancement,0.06,29444.75390625,54581.378479003906,101.45237635502585,0.03910614550113678,
24,base,state,enhancement,0.08,40461.01171875,95042.3901977539,132.37101698851518,0.04444444552063942,
24,base,state,enhancement,0.1,35680.33203125,130722.7222290039,145.7332466321114,0.03910614550113678,
24,base,state,enhancement,0.12000000000000001,32739.1171875,163461.8394165039,151.7751526615635,0.07222222536802292,
24,base,state,enhancement,0.13999999999999999,29799.16015625,193260.9995727539,153.87022258977223,0.07262569665908813,
24,base,state,enhancement,0.16,24311.083984375,217572.0835571289,151.51259300635718,0.06111111119389534,
24,base,state,enhancement,0.18,22891.6015625,240463.6851196289,148.89392267469282,0.07821229100227356,
24,base,state,enhancement,0.2,16696.857421875,257160.5425415039,143.26492620696595,0.07777778059244156,
24,base,state,enhancement,0.25,59674.55859375,316835.1011352539,141.1921128053716,0.11804009228944778,
24,base,state,enhancement,0.3,43464.6640625,360299.7651977539,133.7912236159502,0.12917594611644745,
24,base,state,enhancement,0.35,40567.54296875,400867.3081665039,127.6241032048723,0.0915178582072258,
24,base,state,enhancement,0.39999999999999997,45578.4375,446445.7456665039,124.35814642521,0.09576837718486786,
24,base,state,enhancement,0.44999999999999996,38779.9453125,485225.6909790039,120.13510546645306,0.10690423846244812,
24,base,state,enhancement,0.49999999999999994,36426.99609375,521652.6870727539,116.23277341193268,0.10913140326738358,
24,base,state,enhancement,0.5499999999999999,35865.0703125,557517.7573852539,112.9264244248033,0.16481070220470428,
24,base,state,enhancement,0.5999999999999999,43746.42578125,601264.1831665039,111.63464225148606,0.1269487738609314,
24,base,state,enhancement,0.6499999999999999,28360.3984375,629624.5816040039,107.90481261422518,0.0935412049293518,
24,base,state,enhancement,0.7,27478.123046875,657102.7046508789,104.584228020194,0.1741071492433548,
24,base,state,enhancement,0.7499999999999998,25964.6015625,683067.3062133789,101.46573176075147,0.12249443680047989,
24,base,state,enhancement,0.7999999999999998,25229.66015625,708296.9663696289,98.6348651120497,0.17149220407009125,
24,base,state,enhancement,0.8499999999999999,25809.603515625,734106.5698852539,96.21318084996774,0.1870824098587036,
24,base,state,enhancement,0.8999999999999999,21230.154296875,755336.7241821289,93.49383886398427,0.27394211292266846,
24,base,state,enhancement,0.9499999999999997,22467.568359375,777804.2925415039,91.20594424736208,0.22717149555683136,
24,base,state,enhancement,0.9999999999999998,22851.16015625,800655.4526977539,89.19958251980324,0.1517857164144516,
24,base,state,enhancement,test,140857.96875,800655.4526977539,47.06246867691279,0.2883394658565521,test
24,base,correctness_base,enhancement,0.02,433.4661560058594,433.4661560058594,2.421598636904242,0.39664801955223083,
24,base,correctness_base,enhancement,0.04,1171.7197265625,1605.1858825683594,4.471269867878438,0.3888888955116272,
24,base,correctness_base,enhancement,0.06,2409.361328125,4014.5472106933594,7.46198366299881,0.6089385151863098,
24,base,correctness_base,enhancement,0.08,7588.861328125,11603.40853881836,16.160736126487965,0.5555555820465088,
24,base,correctness_base,enhancement,0.1,5192.41552734375,16795.82406616211,18.724441545331224,0.6201117038726807,
24,base,correctness_base,enhancement,0.12000000000000001,6772.31689453125,23568.14096069336,21.8831392392696,0.5833333730697632,
24,base,correctness_base,enhancement,0.13999999999999999,6817.775390625,30385.91635131836,24.192608559966846,0.5363128185272217,
24,base,correctness_base,enhancement,0.16,5631.833984375,36017.75033569336,25.081998841012087,0.6055555939674377,
24,base,correctness_base,enhancement,0.18,4543.3271484375,40561.07748413086,25.115218256427777,0.6089385151863098,
24,base,correctness_base,enhancement,0.2,1183.255126953125,41744.332611083984,23.255895605060715,0.5555555820465088,
24,base,correctness_base,enhancement,0.25,80062.5625,121806.89511108398,54.281147553958995,0.40979957580566406,
24,base,correctness_base,enhancement,0.3,73493.5625,195300.45761108398,72.52152157856814,0.37861916422843933,
24,base,correctness_base,enhancement,0.35,97623.0625,292923.520111084,93.25804524389811,0.4107142984867096,
24,base,correctness_base,enhancement,0.39999999999999997,93286.4765625,386209.996673584,107.57938626005125,0.35412028431892395,
24,base,correctness_base,enhancement,0.44999999999999996,68372.8359375,454582.832611084,112.54836162690864,0.46325168013572693,
24,base,correctness_base,enhancement,0.49999999999999994,73541.8125,528124.645111084,117.67483179836987,0.4498886466026306,
24,base,correctness_base,enhancement,0.5499999999999999,42930.76953125,571055.414642334,115.66850610539477,0.416481077671051,
24,base,correctness_base,enhancement,0.5999999999999999,17106.685546875,588162.100189209,109.20202380044726,0.4075723886489868,
24,base,correctness_base,enhancement,0.6499999999999999,54447.7890625,642609.889251709,110.13022952042999,0.4276169538497925,
24,base,correctness_base,enhancement,0.7,79941.53125,722551.420501709,115.0010218847221,0.4017857313156128,
24,base,correctness_base,enhancement,0.7499999999999998,87314.8671875,809866.287689209,120.30099341788606,0.4320712685585022,
24,base,correctness_base,enhancement,0.7999999999999998,92403.5546875,902269.842376709,125.64682389314984,0.37861916422843933,
24,base,correctness_base,enhancement,0.8499999999999999,90675.4921875,992945.334564209,130.1370032194245,0.3986636996269226,
24,base,correctness_base,enhancement,0.8999999999999999,98356.609375,1091301.943939209,135.0788394528047,0.5812917947769165,
24,base,correctness_base,enhancement,0.9499999999999997,58734.71875,1150036.662689209,134.85420528719618,0.5790646076202393,
24,base,correctness_base,enhancement,0.9999999999999998,44973.5703125,1195010.233001709,133.13393861427238,0.4285714626312256,
24,base,correctness_base,enhancement,test,489033.1875,1195010.233001709,163.39231122619447,0.4229869842529297,test
24,base,multitask_dual,enhancement,0.02,1710.80615234375,1710.80615234375,9.557576270076815,0.011173183796927333,
24,base,multitask_dual,enhancement,0.04,69022.990234375,70733.79638671875,197.03007350060932,0.10277777910232544,
24,base,multitask_dual,enhancement,0.06,70252.974609375,140986.77099609375,262.05719516002557,0.05586592108011246,
24,base,multitask_dual,enhancement,0.08,71885.703125,212872.47412109375,296.4797689708827,0.08888889197260141,
24,base,multitask_dual,enhancement,0.1,62327.4921875,275199.96630859375,306.80040837078457,0.12011172622442245,
24,base,multitask_dual,enhancement,0.12000000000000001,49623.001953125,324822.96826171875,301.5997848298224,0.1444444451481104,
24,base,multitask_dual,enhancement,0.13999999999999999,48469.419921875,373292.38818359375,297.2073154327976,0.12290502339601517,
24,base,multitask_dual,enhancement,0.16,36188.7666015625,409481.15478515625,285.1540075105545,0.2222222238779068,
24,base,multitask_dual,enhancement,0.18,35292.927734375,444774.08251953125,275.4019086808243,0.23463686928153038,
24,base,multitask_dual,enhancement,0.2,36520.12255859375,481294.205078125,268.13047636664345,0.23055556789040565,
24,base,multitask_dual,enhancement,0.25,99000.005859375,580294.2109375,258.5981332163547,0.3017817586660385,
24,base,multitask_dual,enhancement,0.3,86702.375,666996.5859375,247.6779004595247,0.32850778847932816,
24,base,multitask_dual,enhancement,0.35,80166.015625,747162.6015625,237.87411702085322,0.2120535857975483,
24,base,multitask_dual,enhancement,0.39999999999999997,55684.7841796875,802847.3857421875,223.63436928751742,0.2706013508141041,
24,base,multitask_dual,enhancement,0.44999999999999996,54843.37890625,857690.7646484375,212.35225665967752,0.3173719495534897,
24,base,multitask_dual,enhancement,0.49999999999999994,57609.021484375,915299.7861328125,203.94380261426303,0.28173719346523285,
24,base,multitask_dual,enhancement,0.5499999999999999,56078.154296875,971377.9404296875,196.75469727155914,0.2594654820859432,
24,base,multitask_dual,enhancement,0.5999999999999999,41220.0478515625,1012597.98828125,188.00556782050688,0.3942093700170517,
24,base,multitask_dual,enhancement,0.6499999999999999,48701.080078125,1061299.068359375,181.8850159998929,0.34187084436416626,
24,base,multitask_dual,enhancement,0.7,44928.080078125,1106227.1484375,176.06671151321024,0.3560267984867096,
24,base,multitask_dual,enhancement,0.7499999999999998,47048.337890625,1153275.486328125,171.3124608330548,0.32071270793676376,
24,base,multitask_dual,enhancement,0.7999999999999998,40756.392578125,1194031.87890625,166.27654628968807,0.3908685967326164,
24,base,multitask_dual,enhancement,0.8499999999999999,34330.40625,1228362.28515625,160.99112518430536,0.43541204184293747,
24,base,multitask_dual,enhancement,0.8999999999999999,35362.8369140625,1263725.1220703125,156.42098305115886,0.3997773081064224,
24,base,multitask_dual,enhancement,0.9499999999999997,46473.66796875,1310198.7900390625,153.63494254679438,0.3853006884455681,
24,base,multitask_dual,enhancement,0.9999999999999998,33019.240234375,1343218.0302734375,149.64550248144357,0.3727678582072258,
24,base,multitask_dual,enhancement,test,219454.5859375,1343218.0302734375,73.32261474690945,0.4401938021183014,test
24,base,multitask_triple_base,enhancement,0.02,1726.5184478759766,1726.5184478759766,9.64535445740769,0.22532588243484497,
24,base,multitask_triple_base,enhancement,0.04,70480.275390625,72206.79383850098,201.13313046936204,0.23148148010174432,
24,base,multitask_triple_base,enhancement,0.06,79631.880859375,151838.67469787598,282.22801988452784,0.2309124656021595,
24,base,multitask_triple_base,enhancement,0.08,89569.86328125,241408.53797912598,336.2235905001755,0.25370371403793496,
24,base,multitask_triple_base,enhancement,0.1,81017.046875,322425.584854126,359.44881254640575,0.32216013222932816,
24,base,multitask_triple_base,enhancement,0.12000000000000001,68811.9248046875,391237.5096588135,363.26602568134956,0.30740742447475594,
24,base,multitask_triple_base,enhancement,0.13999999999999999,59997.3837890625,451234.893447876,359.2634501973535,0.28491618980964023,
24,base,multitask_triple_base,enhancement,0.16,38353.38818359375,489588.2816314697,340.93891478514604,0.33703705792625743,
24,base,multitask_triple_base,enhancement,0.18,27010.562255859375,516598.8438873291,319.8754451314731,0.31284915655851364,
24,base,multitask_triple_base,enhancement,0.2,92722.0693359375,609320.9132232666,339.45454775669447,0.2925925975044568,
24,base,multitask_triple_base,enhancement,0.25,161840.806640625,771161.7198638916,343.6549553760658,0.3652561455965042,
24,base,multitask_triple_base,enhancement,0.3,165652.0546875,936813.7745513916,347.8699497034503,0.40757239361604053,
24,base,multitask_triple_base,enhancement,0.35,144539.11328125,1081352.8878326416,344.2702603733338,0.395833358168602,
24,base,multitask_triple_base,enhancement,0.39999999999999997,136089.013671875,1217441.9015045166,339.1203068257706,0.40534521639347076,
24,base,multitask_triple_base,enhancement,0.44999999999999996,124869.3173828125,1342311.218887329,332.3375139607153,0.40163326760133106,
24,base,multitask_triple_base,enhancement,0.49999999999999994,117785.359375,1460096.578262329,325.33346217966334,0.34446919212738675,
24,base,multitask_triple_base,enhancement,0.5499999999999999,109705.734375,1569802.312637329,317.96684477158783,0.40682999789714813,
24,base,multitask_triple_base,enhancement,0.5999999999999999,72562.94873046875,1642365.2613677979,304.932280239101,0.4127691239118576,
24,base,multitask_triple_base,enhancement,0.6499999999999999,106431.349609375,1748796.6109771729,299.708073860698,0.4424647589524587,
24,base,multitask_triple_base,enhancement,0.7,80151.345703125,1828947.9566802979,291.094693089336,0.4389881218473117,
24,base,multitask_triple_base,enhancement,0.7499999999999998,68533.09204101562,1897481.0487213135,281.8599299942533,0.39569415152072906,
24,base,multitask_triple_base,enhancement,0.7999999999999998,110332.9736328125,2007814.022354126,279.60089435372873,0.4699332018693288,
24,base,multitask_triple_base,enhancement,0.8499999999999999,75145.400390625,2082959.422744751,272.9959924960355,0.40237565090258914,
24,base,multitask_triple_base,enhancement,0.8999999999999999,67102.41015625,2150061.832901001,266.1296983415028,0.4365256329377492,
24,base,multitask_triple_base,enhancement,0.9499999999999997,111953.81103515625,2262015.643936157,265.2457368593055,0.40905718008677167,
24,base,multitask_triple_base,enhancement,0.9999999999999998,140670.33984375,2402685.983779907,267.67891976157614,0.4516369154055913,
24,base,multitask_triple_base,enhancement,test,818620.53125,2402685.983779907,273.51170439358503,0.44425882895787555,test
24,instruct,attribute,enhancement,0.02,604.7852783203125,604.7852783203125,3.37868870570007,0.05586592108011246,
24,instruct,attribute,enhancement,0.04,34950.953125,35555.73840332031,99.041054048246,0.09444444626569748,
24,instruct,attribute,enhancement,0.06,34814.5,70370.23840332031,130.79969963442437,0.03910614550113678,
24,instruct,attribute,enhancement,0.08,37773.5625,108143.80090332031,150.61810710768845,0.21111111342906952,
24,instruct,attribute,enhancement,0.1,17861.095703125,126004.89660644531,140.47368629481082,0.09497206658124924,
24,instruct,attribute,enhancement,0.12000000000000001,24837.900390625,150842.7969970703,140.05830733247012,0.04444444552063942,
24,instruct,attribute,enhancement,0.13999999999999999,24389.046875,175231.8438720703,139.5157992612025,0.22346368432044983,
24,instruct,attribute,enhancement,0.16,10017.4677734375,185249.3116455078,129.00369891748454,0.25,
24,instruct,attribute,enhancement,0.18,11721.9140625,196971.2257080078,121.96360724954044,0.46927371621131897,
24,instruct,attribute,enhancement,0.2,7111.68017578125,204082.90588378906,113.69521219152594,0.49444445967674255,
24,instruct,attribute,enhancement,0.25,14893.607421875,218976.51330566406,97.58311644637436,0.5367483496665955,
24,instruct,attribute,enhancement,0.3,12024.4619140625,231000.97521972656,85.77830494605517,0.37861916422843933,
24,instruct,attribute,enhancement,0.35,10818.234375,241819.20959472656,76.98796867071842,0.3660714328289032,
24,instruct,attribute,enhancement,0.39999999999999997,24967.287109375,266786.49670410156,74.3137873827581,0.4922049045562744,
24,instruct,attribute,enhancement,0.44999999999999996,16256.3681640625,283042.86486816406,70.07746097255857,0.49888643622398376,
24,instruct,attribute,enhancement,0.49999999999999994,11574.7060546875,294617.57092285156,65.64562631970846,0.32962140440940857,
24,instruct,attribute,enhancement,0.5499999999999999,10568.751953125,305186.32287597656,61.81614804050568,0.5278396606445312,
24,instruct,attribute,enhancement,0.5999999999999999,8704.083984375,313890.40686035156,58.27894668777415,0.48552340269088745,
24,instruct,attribute,enhancement,0.6499999999999999,5508.86181640625,319399.2686767578,54.73852076722499,0.5389755368232727,
24,instruct,attribute,enhancement,0.7,7146.9453125,326546.2139892578,51.9729769201429,0.5290178656578064,
24,instruct,attribute,enhancement,0.7499999999999998,5944.85693359375,332491.07092285156,49.38964214540279,0.6013363003730774,
24,instruct,attribute,enhancement,0.7999999999999998,8801.1728515625,341292.24377441406,47.52711931129565,0.5367483496665955,
24,instruct,attribute,enhancement,0.8499999999999999,10553.94140625,351846.18518066406,46.11352361476593,0.6035634875297546,
24,instruct,attribute,enhancement,0.8999999999999999,7442.7392578125,359288.92443847656,44.47195499919254,0.6191536784172058,
24,instruct,attribute,enhancement,0.9499999999999997,8118.9873046875,367407.91174316406,43.08254124568059,0.525612473487854,
24,instruct,attribute,enhancement,0.9999999999999998,5390.00537109375,372797.9171142578,41.53274477654387,0.5223214626312256,
24,instruct,attribute,enhancement,test,62670.515625,372797.9171142578,20.939029610758435,0.5222185254096985,test
24,instruct,state,enhancement,0.02,820.8792724609375,820.8792724609375,4.585917723245461,0.011173184029757977,
24,instruct,state,enhancement,0.04,22633.541015625,23454.420288085938,65.33264704202212,0.09444444626569748,
24,instruct,state,enhancement,0.06,24815.97265625,48270.39294433594,89.72191997088464,0.03910614550113678,
24,instruct,state,enhancement,0.08,36359.46484375,84629.85778808594,117.86888271321162,0.02777777798473835,
24,instruct,state,enhancement,0.1,28681.462890625,113311.32067871094,126.32254256266548,0.12290502339601517,
24,instruct,state,enhancement,0.12000000000000001,26823.779296875,140135.09997558594,130.11615596618935,0.07222222536802292,
24,instruct,state,enhancement,0.13999999999999999,25962.6796875,166097.77966308594,132.24345514576905,0.044692736119031906,
24,instruct,state,enhancement,0.16,22548.1171875,188645.89685058594,131.369008948876,0.10000000149011612,
24,instruct,state,enhancement,0.18,21248.908203125,209894.80505371094,129.9658235626693,0.08379887789487839,
24,instruct,state,enhancement,0.2,23760.37890625,233655.18395996094,130.1700189191983,0.02222222276031971,
24,instruct,state,enhancement,0.25,51859.93359375,285515.11755371094,127.23490087063767,0.12249443680047989,
24,instruct,state,enhancement,0.3,64668.43359375,350183.55114746094,130.03473863626473,0.1269487738609314,
24,instruct,state,enhancement,0.35,41190.56640625,391374.11755371094,124.60175662327633,0.0915178582072258,
24,instruct,state,enhancement,0.39999999999999997,33522.0078125,424896.12536621094,118.35546667582477,0.13363029062747955,
24,instruct,state,enhancement,0.44999999999999996,39945.7265625,464841.85192871094,115.08835155452115,0.15812918543815613,
24,instruct,state,enhancement,0.49999999999999994,37834.8828125,502676.73474121094,112.00462004037676,0.09576837718486786,
24,instruct,state,enhancement,0.5499999999999999,29374.513671875,532051.2484130859,107.76812809663478,0.1870824098587036,
24,instruct,state,enhancement,0.5999999999999999,43858.4453125,575909.6937255859,106.9271618502759,0.09799554944038391,
24,instruct,state,enhancement,0.6499999999999999,35345.91796875,611255.6116943359,104.75674579165997,0.11358574777841568,
24,instruct,state,enhancement,0.7,41305.67578125,652561.2874755859,103.86141771058188,0.1093750074505806,
24,instruct,state,enhancement,0.7499999999999998,34250.703125,686811.9906005859,102.02198315516725,0.16258352994918823,
24,instruct,state,enhancement,0.7999999999999998,42413.3515625,729225.3421630859,101.54927477553069,0.1737193763256073,
24,instruct,state,enhancement,0.8499999999999999,31503.07421875,760728.4163818359,99.70228261885137,0.16258352994918823,
24,instruct,state,enhancement,0.8999999999999999,20162.6171875,780891.0335693359,96.65689238387621,0.23608018457889557,
24,instruct,state,enhancement,0.9499999999999997,32874.3671875,813765.4007568359,95.42277213377533,0.28953230381011963,
24,instruct,state,enhancement,0.9999999999999998,29416.830078125,843182.2308349609,93.93741430870777,0.1763392984867096,
24,instruct,state,enhancement,test,213513.046875,843182.2308349609,71.33746972101571,0.20147009193897247,test
24,instruct,correctness_instruct,enhancement,0.02,138.24278259277344,138.24278259277344,0.7723060480043209,0.7709497213363647,
24,instruct,correctness_instruct,enhancement,0.04,9133.6171875,9271.859970092773,25.826907994687392,0.3222222328186035,
24,instruct,correctness_instruct,enhancement,0.06,22491.474609375,31763.334579467773,59.039655352170584,0.748603343963623,
24,instruct,correctness_instruct,enhancement,0.08,9404.685546875,41168.02012634277,57.33707538487852,0.7666667103767395,
24,instruct,correctness_instruct,enhancement,0.1,5737.927734375,46905.94786071777,52.29202660057723,0.22346368432044983,
24,instruct,correctness_instruct,enhancement,0.12000000000000001,25524.021484375,72429.96934509277,67.25159642069896,0.7888889312744141,
24,instruct,correctness_instruct,enhancement,0.13999999999999999,6513.42529296875,78943.39463806152,62.85302120864771,0.7709497213363647,
24,instruct,correctness_instruct,enhancement,0.16,13418.0888671875,92361.48350524902,64.31858182816784,0.25,
24,instruct,correctness_instruct,enhancement,0.18,24452.63671875,116814.12022399902,72.33072459690342,0.7765362858772278,
24,instruct,correctness_instruct,enhancement,0.2,10781.423828125,127595.54405212402,71.08386855271533,0.7944444417953491,
24,instruct,correctness_instruct,enhancement,0.25,4565.94873046875,132161.49278259277,58.895495892421025,0.7616926431655884,
24,instruct,correctness_instruct,enhancement,0.3,67821.2578125,199982.75059509277,74.26021188083654,0.23608018457889557,
24,instruct,correctness_instruct,enhancement,0.35,50196.8046875,250179.55528259277,79.64965147487831,0.7968750596046448,
24,instruct,correctness_instruct,enhancement,0.39999999999999997,51637.0625,301816.6177825928,84.07148127648824,0.7661470174789429,
24,instruct,correctness_instruct,enhancement,0.44999999999999996,38934.65625,340751.2740325928,84.36525724996108,0.804008960723877,
24,instruct,correctness_instruct,enhancement,0.49999999999999994,61838.1328125,402589.4068450928,89.70352202430766,0.7683742046356201,
24,instruct,correctness_instruct,enhancement,0.5499999999999999,46177.625,448767.0318450928,90.898730371702,0.7483296394348145,
24,instruct,correctness_instruct,enhancement,0.5999999999999999,5381.46240234375,454148.4942474365,84.32018088515346,0.7416481375694275,
24,instruct,correctness_instruct,enhancement,0.6499999999999999,54380.57421875,508529.0684661865,87.15151130525905,0.23385301232337952,
24,instruct,correctness_instruct,enhancement,0.7,70586.0390625,579115.1075286865,92.17175036267491,0.7455357313156128,
24,instruct,correctness_instruct,enhancement,0.7499999999999998,38447.6328125,617562.7403411865,91.73540409108534,0.7683742046356201,
24,instruct,correctness_instruct,enhancement,0.7999999999999998,23299.595703125,640862.3360443115,89.24416321463745,0.781737208366394,
24,instruct,correctness_instruct,enhancement,0.8499999999999999,61816.8984375,702679.2344818115,92.09426402120728,0.7706013321876526,
24,instruct,correctness_instruct,enhancement,0.8999999999999999,43493.5703125,746172.8047943115,92.35955004261808,0.7750557065010071,
24,instruct,correctness_instruct,enhancement,0.9499999999999997,45132.625,791305.4297943115,92.78909824042114,0.7572383284568787,
24,instruct,correctness_instruct,enhancement,0.9999999999999998,59447.640625,850753.0704193115,94.78086791658997,0.7767857313156128,
24,instruct,correctness_instruct,enhancement,test,304987.03125,850753.0704193115,101.90011067490812,0.7691279649734497,test
24,instruct,multitask_dual,enhancement,0.02,1500.1416015625,1500.1416015625,8.38067933833799,0.050279328133910894,
24,instruct,multitask_dual,enhancement,0.04,47670.4375,49170.5791015625,136.96540139711,0.10000000335276127,
24,instruct,multitask_dual,enhancement,0.06,69388.50390625,118559.0830078125,220.37004276545073,0.05586592014878988,
24,instruct,multitask_dual,enhancement,0.08,63424.0625,181983.1455078125,253.45841992731545,0.0722222225740552,
24,instruct,multitask_dual,enhancement,0.1,65629.64453125,247612.7900390625,276.0454738451087,0.061452511698007584,
24,instruct,multitask_dual,enhancement,0.12000000000000001,47390.916015625,295003.7060546875,273.9124475902391,0.23333333525806665,
24,instruct,multitask_dual,enhancement,0.13999999999999999,41141.435546875,336145.1416015625,267.63148216684914,0.13687150180339813,
24,instruct,multitask_dual,enhancement,0.16,36684.7587890625,372829.900390625,259.6308498541957,0.2694444451481104,
24,instruct,multitask_dual,enhancement,0.18,38630.7490234375,411460.6494140625,254.77439592202012,0.24581005424261093,
24,instruct,multitask_dual,enhancement,0.2,29677.416015625,441138.0654296875,245.7593679274025,0.26944444701075554,
24,instruct,multitask_dual,enhancement,0.25,84106.099609375,525244.1650390625,234.06602720100824,0.2750556878745556,
24,instruct,multitask_dual,enhancement,0.3,77246.98046875,602491.1455078125,223.72489621530357,0.27060134522616863,
24,instruct,multitask_dual,enhancement,0.35,68604.60546875,671095.7509765625,213.65671791676615,0.2600446566939354,
24,instruct,multitask_dual,enhancement,0.39999999999999997,48735.232421875,719830.9833984375,200.51002323076253,0.2717149332165718,
24,instruct,multitask_dual,enhancement,0.44999999999999996,50306.564453125,770137.5478515625,190.67530276097116,0.3307349756360054,
24,instruct,multitask_dual,enhancement,0.49999999999999994,47867.9931640625,818005.541015625,182.26504924590574,0.29398664087057114,
24,instruct,multitask_dual,enhancement,0.5499999999999999,41664.404296875,859669.9453125,174.12800188626696,0.3017817512154579,
24,instruct,multitask_dual,enhancement,0.5999999999999999,40991.75244140625,900661.6977539062,167.22274373447945,0.40868597477674484,
24,instruct,multitask_dual,enhancement,0.6499999999999999,38666.685546875,939328.3833007812,160.98172807211333,0.35412028431892395,
24,instruct,multitask_dual,enhancement,0.7,51974.8740234375,991303.2573242188,157.77546670765855,0.333705373108387,
24,instruct,multitask_dual,enhancement,0.7499999999999998,44512.695068359375,1035815.9523925781,153.86452055742396,0.36636971682310104,
24,instruct,multitask_dual,enhancement,0.7999999999999998,41064.6875,1076880.6398925781,149.9624898889539,0.3641425371170044,
24,instruct,multitask_dual,enhancement,0.8499999999999999,30168.91064453125,1107049.5505371094,145.09168421194093,0.35857462137937546,
24,instruct,multitask_dual,enhancement,0.8999999999999999,37922.4130859375,1144971.9636230469,141.72199079379217,0.38864144682884216,
24,instruct,multitask_dual,enhancement,0.9499999999999997,26925.6455078125,1171897.6091308594,137.41763709320583,0.3608018085360527,
24,instruct,multitask_dual,enhancement,0.9999999999999998,32287.5322265625,1204185.1413574219,134.15609863607642,0.4453125298023224,
24,instruct,multitask_dual,enhancement,test,183851.48828125,1204185.1413574219,61.42715946583695,0.2520882114768028,test
24,instruct,multitask_triple_instruct,enhancement,0.02,1649.1026229858398,1649.1026229858398,9.21286381556335,0.2551210400027533,
24,instruct,multitask_triple_instruct,enhancement,0.04,55315.79833984375,56964.90096282959,158.67660435328577,0.29814814652005833,
24,instruct,multitask_triple_instruct,enhancement,0.06,69883.39990234375,126848.30086517334,235.7775109018092,0.1489757845799128,
24,instruct,multitask_triple_instruct,enhancement,0.08,80394.19140625,207242.49227142334,288.6385686231523,0.34074075644214946,
24,instruct,multitask_triple_instruct,enhancement,0.1,63866.5966796875,271109.08895111084,302.2397870135015,0.34264430900414783,
24,instruct,multitask_triple_instruct,enhancement,0.12000000000000001,54655.4814453125,325764.57039642334,302.4740672204488,0.19814815248052278,
24,instruct,multitask_triple_instruct,enhancement,0.13999999999999999,72535.232421875,398299.80281829834,317.11767740310376,0.3836126575867335,
24,instruct,multitask_triple_instruct,enhancement,0.16,64266.0712890625,462565.87410736084,322.1210822474658,0.33888889104127884,
24,instruct,multitask_triple_instruct,enhancement,0.18,60991.5908203125,523557.46492767334,324.18418880970484,0.39478583820164204,
24,instruct,multitask_triple_instruct,enhancement,0.2,46750.408203125,570307.8731307983,317.72026358261746,0.455555555721124,
24,instruct,multitask_triple_instruct,enhancement,0.25,96765.240234375,667073.1133651733,297.26965836237673,0.46176689863204956,
24,instruct,multitask_triple_instruct,enhancement,0.3,85448.9453125,752522.0586776733,279.43633816475057,0.4870081792275111,
24,instruct,multitask_triple_instruct,enhancement,0.35,97481.40283203125,850003.4615097046,270.61555603620013,0.2782738208770752,
24,instruct,multitask_triple_instruct,enhancement,0.39999999999999997,124283.6552734375,974287.1167831421,271.38916902037386,0.3815887322028478,
24,instruct,multitask_triple_instruct,enhancement,0.44999999999999996,61298.18896484375,1035585.3057479858,256.39646094280414,0.2828507920106252,
24,instruct,multitask_triple_instruct,enhancement,0.49999999999999994,97041.44140625,1132626.7471542358,252.36781353704006,0.25983667622009915,
24,instruct,multitask_triple_instruct,enhancement,0.5499999999999999,123220.19140625,1255846.9385604858,254.37450649392056,0.5025983899831772,
24,instruct,multitask_triple_instruct,enhancement,0.5999999999999999,107219.01318359375,1363065.9517440796,253.07574298998878,0.49146251380443573,
24,instruct,multitask_triple_instruct,enhancement,0.6499999999999999,89419.767578125,1452485.7193222046,248.92643004665032,0.5122494647900263,
24,instruct,multitask_triple_instruct,enhancement,0.7,109470.8720703125,1561956.591392517,248.60044427702007,0.5126488208770752,
24,instruct,multitask_triple_instruct,enhancement,0.7499999999999998,91262.71435546875,1653219.3057479858,245.57624862566635,0.51373424132665,
24,instruct,multitask_triple_instruct,enhancement,0.7999999999999998,77124.119140625,1730343.4248886108,240.96134589731386,0.48997773975133896,
24,instruct,multitask_triple_instruct,enhancement,0.8499999999999999,42952.8994140625,1773296.3243026733,232.41105167793884,0.4446919063727061,
24,instruct,multitask_triple_instruct,enhancement,0.8999999999999999,35561.638671875,1808857.9629745483,223.89626970844762,0.3377876877784729,
24,instruct,multitask_triple_instruct,enhancement,0.9499999999999997,90466.81298828125,1899324.7759628296,222.716319883071,0.5642167975505193,
24,instruct,multitask_triple_instruct,enhancement,0.9999999999999998,66354.88623046875,1965679.6621932983,218.99283224078636,0.5364583532015482,
24,instruct,multitask_triple_instruct,enhancement,test,600166.53515625,1965679.6621932983,200.52339965126964,0.5692170659701029,test
28,base,attribute,all,0.02,3006.9775390625,3006.9775390625,5.989995097734064,0.0,
28,base,attribute,all,0.04,242787.015625,245793.9931640625,244.5711374766791,0.07157057523727417,
28,base,attribute,all,0.06,270069.59375,515863.5869140625,342.084606706938,0.15109343826770782,
28,base,attribute,all,0.08,201242.46875,717106.0556640625,356.5917730800908,0.2584492862224579,
28,base,attribute,all,0.1,144286.625,861392.6806640625,342.63829779795645,0.07355864346027374,
28,base,attribute,all,0.12000000000000001,79525.8203125,940918.5009765625,311.9756302972687,0.21115538477897644,
28,base,attribute,all,0.13999999999999999,121068.5859375,1061987.0869140625,301.78661179711924,0.47514909505844116,
28,base,attribute,all,0.16,105830.28125,1167817.3681640625,290.3573764704283,0.30218687653541565,
28,base,attribute,all,0.18,47024.72265625,1214842.0908203125,268.47339023653313,0.44135186076164246,
28,base,attribute,all,0.2,39214.875,1254056.9658203125,249.41467100642652,0.4174950122833252,
28,base,attribute,all,0.25,155139.375,1409196.3408203125,224.2158060175517,0.3922036588191986,
28,base,attribute,all,0.3,131382.109375,1540578.4501953125,204.26656724944476,0.2832140028476715,
28,base,attribute,all,0.35,68321.484375,1608899.9345703125,182.85031646440646,0.4112967252731323,
28,base,attribute,all,0.39999999999999997,114289.046875,1723188.9814453125,171.3592861421353,0.40970563888549805,
28,base,attribute,all,0.44999999999999996,95277.3515625,1818466.3330078125,160.74130053989327,0.4025457501411438,
28,base,attribute,all,0.49999999999999994,81598.984375,1900065.3173828125,151.15873646641307,0.45346060395240784,
28,base,attribute,all,0.5499999999999999,108273.3046875,2008338.6220703125,145.24760411299,0.46857598423957825,
28,base,attribute,all,0.5999999999999999,88520.5859375,2096859.2080078125,139.01214585042513,0.38424819707870483,
28,base,attribute,all,0.6499999999999999,79516.25,2176375.4580078125,133.18496163073328,0.4677804112434387,
28,base,attribute,all,0.7,72925.4609375,2249300.9189453125,127.81571308928926,0.5051710605621338,
28,base,attribute,all,0.7499999999999998,88682.234375,2337983.1533203125,123.99804578734089,0.49323785305023193,
28,base,attribute,all,0.7999999999999998,77041.40625,2415024.5595703125,120.07878677258913,0.49562451243400574,
28,base,attribute,all,0.8499999999999999,66719.5703125,2481744.1298828125,116.13758855738746,0.49960222840309143,
28,base,attribute,all,0.8999999999999999,106763.6171875,2588507.7470703125,114.40412565501248,0.5863166451454163,
28,base,attribute,all,0.9499999999999997,50976.890625,2639484.6376953125,110.51729840033968,0.5648369193077087,
28,base,attribute,all,0.9999999999999998,97718.7265625,2737203.3642578125,108.87841544382707,0.4717581570148468,
28,base,attribute,all,test,626451.875,2737203.3642578125,74.7466740245794,0.6278486847877502,test
28,base_control,attribute,all,0.02,2498.001953125,2498.001953125,4.976099508217131,0.10756972432136536,
28,base_control,attribute,all,0.04,205100.828125,207598.830078125,206.5660000777363,0.047713715583086014,
28,base_control,attribute,all,0.06,330188.5625,537787.392578125,356.62293937541443,0.07753478735685349,
28,base_control,attribute,all,0.08,301563.78125,839351.173828125,417.3799969309423,0.180914506316185,
28,base_control,attribute,all,0.1,263622.0625,1102973.236328125,438.73239312972356,0.15506957471370697,
28,base_control,attribute,all,0.12000000000000001,240372.125,1343345.361328125,445.4062869125083,0.09163346886634827,
28,base_control,attribute,all,0.13999999999999999,222113.140625,1565458.501953125,444.8589093359264,0.13121271133422852,
28,base_control,attribute,all,0.16,219164.296875,1784622.798828125,443.7152657454314,0.08747514337301254,
28,base_control,attribute,all,0.18,172153.75,1956776.548828125,432.43680637085635,0.069582499563694,
28,base_control,attribute,all,0.2,279196.84375,2235973.392578125,444.70433424385936,0.09343936294317245,
28,base_control,attribute,all,0.25,624539.125,2860512.517578125,455.1332565756762,0.17501989006996155,
28,base_control,attribute,all,0.3,593592.75,3454105.267578125,457.98266608036664,0.10739856958389282,
28,base_control,attribute,all,0.35,448471.78125,3902577.048828125,443.52506521515227,0.02704852819442749,
28,base_control,attribute,all,0.39999999999999997,437452.9375,4340029.986328125,431.58611638107845,0.09466984868049622,
28,base_control,attribute,all,0.44999999999999996,537705.875,4877735.861328125,431.1620137300561,0.07080350071191788,
28,base_control,attribute,all,0.49999999999999994,525299.6875,5403035.548828125,429.83576362992244,0.04375497251749039,
28,base_control,attribute,all,0.5499999999999999,649204.25,6052239.798828125,437.71170889044083,0.10501193255186081,
28,base_control,attribute,all,0.5999999999999999,522789.25,6575029.048828125,435.89426205437053,0.05171041935682297,
28,base_control,attribute,all,0.6499999999999999,670992.0,7246021.048828125,443.42580312270513,0.08671440184116364,
28,base_control,attribute,all,0.7,598781.75,7844802.798828125,445.7780883525472,0.19649960100650787,
28,base_control,attribute,all,0.7499999999999998,431587.84375,8276390.642578125,438.9493843849443,0.10580747574567795,
28,base_control,attribute,all,0.7999999999999998,601167.0,8877557.642578125,441.40600848141037,0.08194112777709961,
28,base_control,attribute,all,0.8499999999999999,487428.21875,9364985.861328125,438.2510113401715,0.07637231051921844,
28,base_control,attribute,all,0.8999999999999999,730642.0,10095627.861328125,446.19587471617274,0.10819411277770996,
28,base_control,attribute,all,0.9499999999999997,420205.28125,10515833.142578125,440.30620703337627,0.09069212526082993,
28,base_control,attribute,all,0.9999999999999998,737634.0,11253467.142578125,447.6319468010392,0.16388225555419922,
28,base_control,attribute,all,test,4317707.0,11253467.142578125,515.1780217157857,0.0946187824010849,test
28,base,state,all,0.02,2624.45654296875,2624.45654296875,5.228001081611056,0.0219123512506485,
28,base,state,all,0.04,146804.390625,149428.84716796875,148.6854200676306,0.05765407159924507,
28,base,state,all,0.06,203791.0625,353219.90966796875,234.23070932889175,0.03976143151521683,
28,base,state,all,0.08,205744.65625,558964.5659179688,277.9535384972495,0.06759443134069443,
28,base,state,all,0.1,249901.046875,808865.6127929688,321.74447605130024,0.025844929739832878,
28,base,state,all,0.12000000000000001,190197.671875,999063.2846679688,331.2544047307589,0.05378486216068268,
28,base,state,all,0.13999999999999999,253605.203125,1252668.4877929688,355.9728581395194,0.0834989994764328,
28,base,state,all,0.16,155320.53125,1407989.0190429688,350.071859533309,0.04572564363479614,
28,base,state,all,0.18,175591.203125,1583580.2221679688,349.96248003712014,0.04572564363479614,
28,base,state,all,0.2,191099.65625,1774679.8784179688,352.95940302664457,0.07554671913385391,
28,base,state,all,0.25,465751.125,2240431.0034179688,356.4727133521032,0.10978519916534424,
28,base,state,all,0.3,450092.46875,2690523.4721679688,356.7387260896273,0.08989657461643219,
28,base,state,all,0.35,357969.875,3048493.3471679688,346.4590688905522,0.06205250695347786,
28,base,state,all,0.39999999999999997,327475.15625,3375968.5034179688,335.71683605986163,0.10023866593837738,
28,base,state,all,0.44999999999999996,374643.71875,3750612.2221679688,331.53117848209746,0.09705648571252823,
28,base,state,all,0.49999999999999994,317904.3125,4068516.5346679688,323.66877761877237,0.16070008277893066,
28,base,state,all,0.5499999999999999,270443.84375,4338960.378417969,313.8034554435502,0.1360381841659546,
28,base,state,all,0.5999999999999999,254136.421875,4593096.800292969,304.5012463731748,0.12410501390695572,
28,base,state,all,0.6499999999999999,228852.5625,4821949.362792969,295.082881267546,0.14160700142383575,
28,base,state,all,0.7,251121.921875,5073071.284667969,288.27544520218026,0.12410501390695572,
28,base,state,all,0.7499999999999998,278769.65625,5351840.940917969,283.8420016397756,0.10978519916534424,
28,base,state,all,0.7999999999999998,302607.875,5654448.815917969,281.1480119290955,0.18536196649074554,
28,base,state,all,0.8499999999999999,301349.71875,5955798.534667969,278.71208454621035,0.13365155458450317,
28,base,state,all,0.8999999999999999,251066.1875,6206864.722167969,274.3244374687514,0.1296738237142563,
28,base,state,all,0.9499999999999997,241743.265625,6448607.987792969,270.0082899046589,0.09307875484228134,
28,base,state,all,0.9999999999999998,279074.0625,6727682.050292969,267.6086734404522,0.1026252955198288,
28,base,state,all,test,1375476.125,6727682.050292969,164.11837787853477,0.10535735636949539,test
28,base_control,state,all,0.02,3740.6484375,3740.6484375,7.451490911354582,0.009960159659385681,
28,base_control,state,all,0.04,174772.96875,178513.6171875,177.62548973880598,0.02982107177376747,
28,base_control,state,all,0.06,246496.734375,425010.3515625,281.8371031581565,0.025844929739832878,
28,base_control,state,all,0.08,259789.140625,684799.4921875,340.52684842739933,0.03180914372205734,
28,base_control,state,all,0.1,273694.8125,958494.3046875,381.2626510292363,0.0278329998254776,
28,base_control,state,all,0.12000000000000001,245037.0,1203531.3046875,399.0488410767573,0.023904383182525635,
28,base_control,state,all,0.13999999999999999,229461.6875,1432992.9921875,407.2159682260585,0.03976143151521683,
28,base_control,state,all,0.16,262163.5,1695156.4921875,421.47103236884635,0.03180914372205734,
28,base_control,state,all,0.18,210294.734375,1905451.2265625,421.0941937154696,0.037773359566926956,
28,base_control,state,all,0.2,287836.5,2193287.7265625,436.21474275308276,0.009940357878804207,
28,base_control,state,all,0.25,536518.0625,2729805.7890625,434.33664106006364,0.0397772453725338,
28,base_control,state,all,0.3,693455.25,3423261.0390625,453.89300438378416,0.03102625347673893,
28,base_control,state,all,0.35,716009.375,4139270.4140625,470.4250953588476,0.05091487616300583,
28,base_control,state,all,0.39999999999999997,629736.75,4769007.1640625,474.2449447158413,0.03420843183994293,
28,base_control,state,all,0.44999999999999996,498644.28125,5267651.4453125,465.6281662965173,0.020684167742729187,
28,base_control,state,all,0.49999999999999994,582150.0,5849801.4453125,465.3779988315434,0.040572792291641235,
28,base_control,state,all,0.5499999999999999,565766.125,6415567.5703125,463.98839736114127,0.02307080291211605,
28,base_control,state,all,0.5999999999999999,604716.3125,7020283.8828125,465.4126148775192,0.07319013774394989,
28,base_control,state,all,0.6499999999999999,639853.375,7660137.2578125,468.7679614351937,0.041368335485458374,
28,base_control,state,all,0.7,740173.6875,8400310.9453125,477.3446383289294,0.048528242856264114,
28,base_control,state,all,0.7499999999999998,705088.0625,9105399.0078125,482.9169455217449,0.021479712799191475,
28,base_control,state,all,0.7999999999999998,637738.1875,9743137.1953125,484.4439735139469,0.0461416058242321,
28,base_control,state,all,0.8499999999999999,529547.0625,10272684.2578125,480.7283568633301,0.03182179853320122,
28,base_control,state,all,0.8999999999999999,696232.3125,10968916.5703125,484.7925647623309,0.03818615525960922,
28,base_control,state,all,0.9499999999999997,591531.0625,11560447.6328125,484.0450375921157,0.022275257855653763,
28,base_control,state,all,0.9999999999999998,527232.4375,12087680.0703125,480.81464082388624,0.0397772453725338,
28,base_control,state,all,test,3873547.5,12087680.0703125,462.18201885216564,0.04832359030842781,test
28,base,correctness_base,all,0.02,892.4193115234375,892.4193115234375,1.7777277121980826,0.3346613645553589,
28,base,correctness_base,all,0.04,107415.453125,108307.87243652344,107.76902730002332,0.6719681620597839,
28,base,correctness_base,all,0.06,220816.59375,329124.46618652344,218.25229853217735,0.34990057349205017,
28,base,correctness_base,all,0.08,7302.74169921875,336427.2078857422,167.29348974925023,0.40755465626716614,
28,base,correctness_base,all,0.1,42624.9921875,379052.2000732422,150.77653145315918,0.6759443283081055,
28,base,correctness_base,all,0.12000000000000001,157842.421875,536894.6219482422,178.0154582056506,0.6653386354446411,
28,base,correctness_base,all,0.13999999999999999,186514.953125,723409.5750732422,205.57248510180227,0.3558647930622101,
28,base,correctness_base,all,0.16,10753.119140625,734162.6942138672,182.53672158475067,0.6461232304573059,
28,base,correctness_base,all,0.18,127689.75,861852.4442138672,190.46462855555075,0.6898608207702637,
28,base,correctness_base,all,0.2,180780.359375,1042632.8035888672,207.36531495403085,0.345924437046051,
28,base,correctness_base,all,0.25,19733.69921875,1062366.5028076172,169.03206090813322,0.6443914175033569,
28,base,correctness_base,all,0.3,300718.1875,1363084.6903076172,180.73252324418155,0.6420047879219055,
28,base,correctness_base,all,0.35,501958.25,1865042.9403076172,211.96078421498092,0.6674622297286987,
28,base,correctness_base,all,0.39999999999999997,438319.6875,2303362.627807617,229.05356282891978,0.36754176020622253,
28,base,correctness_base,all,0.44999999999999996,45344.34375,2348706.971557617,207.6113295816863,0.4423229992389679,
28,base,correctness_base,all,0.49999999999999994,134016.359375,2482723.330932617,197.51180039241186,0.6714399456977844,
28,base,correctness_base,all,0.5499999999999999,491727.46875,2974450.799682617,215.11902796576388,0.6658711433410645,
28,base,correctness_base,all,0.5999999999999999,342775.1875,3317225.987182617,219.91686470317006,0.31583133339881897,
28,base,correctness_base,all,0.6499999999999999,111242.3125,3428468.299682617,209.80774124488204,0.6515513062477112,
28,base,correctness_base,all,0.7,484816.15625,3913284.455932617,222.37097715266606,0.6404137015342712,
28,base,correctness_base,all,0.7499999999999998,374745.40625,4288029.862182617,227.42136633161587,0.34287986159324646,
28,base,correctness_base,all,0.7999999999999998,98553.0546875,4386582.916870117,218.10774248558658,0.6634844541549683,
28,base,correctness_base,all,0.8499999999999999,400379.09375,4786962.010620117,224.0143203060563,0.6793953776359558,
28,base,correctness_base,all,0.8999999999999999,495807.5,5282769.510620117,233.48225539733568,0.3396976888179779,
28,base,correctness_base,all,0.9499999999999997,227401.390625,5510170.901245117,230.71519077356768,0.6754176616668701,
28,base,correctness_base,all,0.9999999999999998,447969.96875,5958140.869995117,236.99844351611443,0.6706444025039673,
28,base,correctness_base,all,test,522441.28125,5958140.869995117,62.33638960147954,0.6663882732391357,test
28,base_control,correctness_base,all,0.02,408.2965393066406,408.2965393066406,0.8133397197343438,0.6713147759437561,
28,base_control,correctness_base,all,0.04,230224.5625,230632.85903930664,229.4854318799071,0.6699801087379456,
28,base_control,correctness_base,all,0.06,92422.9140625,323055.77310180664,214.2279662478824,0.3538767099380493,
28,base_control,correctness_base,all,0.08,36453.6640625,359509.43716430664,178.77147546708434,0.6759443283081055,
28,base_control,correctness_base,all,0.1,154342.109375,513851.54653930664,204.39600101006627,0.6540755033493042,
28,base_control,correctness_base,all,0.12000000000000001,106860.375,620711.9215393066,205.8063400329266,0.34860557317733765,
28,base_control,correctness_base,all,0.13999999999999999,61912.28125,682624.2027893066,193.9824389853102,0.7017892599105835,
28,base_control,correctness_base,all,0.16,187564.25,870188.4527893066,216.35714887849494,0.697813093662262,
28,base_control,correctness_base,all,0.18,77171.765625,947360.2184143066,209.3613742352059,0.32206758856773376,
28,base_control,correctness_base,all,0.2,116744.0625,1064104.2809143066,211.63569628367276,0.6679919958114624,
28,base_control,correctness_base,all,0.25,491100.53125,1555204.8121643066,247.44706637459134,0.33810660243034363,
28,base_control,correctness_base,all,0.3,122631.7109375,1677836.5231018066,222.46572833489878,0.6515513062477112,
28,base_control,correctness_base,all,0.35,407424.3125,2085260.8356018066,236.9883890898746,0.6459825038909912,
28,base_control,correctness_base,all,0.39999999999999997,548769.4375,2634030.2731018066,261.9361846759951,0.34924423694610596,
28,base_control,correctness_base,all,0.44999999999999996,222890.203125,2856920.4762268066,252.5342947252547,0.6412092447280884,
28,base_control,correctness_base,all,0.49999999999999994,448932.4375,3305852.9137268066,262.99545853037444,0.6809864640235901,
28,base_control,correctness_base,all,0.5499999999999999,220248.6875,3526101.6012268066,255.01566509197994,0.32219570875167847,
28,base_control,correctness_base,all,0.5999999999999999,143976.90625,3670078.5074768066,243.3093680374441,0.6547334790229797,
28,base_control,correctness_base,all,0.6499999999999999,529742.375,4199820.882476807,257.01125282888484,0.6642799973487854,
28,base_control,correctness_base,all,0.7,194008.078125,4393828.960601807,249.67774523251543,0.33015114068984985,
28,base_control,correctness_base,all,0.7499999999999998,213269.640625,4607098.601226807,244.34360123186457,0.6404137015342712,
28,base_control,correctness_base,all,0.7999999999999998,395521.0,5002619.601226807,248.73804699815068,0.6467780470848083,
28,base_control,correctness_base,all,0.8499999999999999,622771.75,5625391.351226807,263.25009833061006,0.33253777027130127,
28,base_control,correctness_base,all,0.8999999999999999,525172.125,6150563.476226807,271.83609459147914,0.6889418959617615,
28,base_control,correctness_base,all,0.9499999999999997,181015.9375,6331579.413726807,265.10821143603425,0.3349244296550751,
28,base_control,correctness_base,all,0.9999999999999998,302213.78125,6633793.194976807,263.87403321307903,0.6579156517982483,
28,base_control,correctness_base,all,test,4034988.0,6633793.194976807,481.44469633695263,0.6663882732391357,test
28,base,multitask_dual,all,0.02,5803.09521484375,5803.09521484375,11.559950627178784,0.017928287386894226,
28,base,multitask_dual,all,0.04,395832.296875,401635.39208984375,399.63720605954603,0.07753478735685349,
28,base,multitask_dual,all,0.06,473253.359375,874888.7514648438,580.1649545522837,0.09244532696902752,
28,base,multitask_dual,all,0.08,463954.171875,1338842.9233398438,665.759782864169,0.14413518086075783,
28,base,multitask_dual,all,0.1,446022.703125,1784865.6264648438,709.97041625491,0.11530814692378044,
28,base,multitask_dual,all,0.12000000000000001,336838.9375,2121704.5639648438,703.4829456116856,0.08964143693447113,
28,base,multitask_dual,all,0.13999999999999999,333812.6640625,2455517.2280273438,697.7883569273497,0.21073558367788792,
28,base,multitask_dual,all,0.16,305231.3671875,2760748.5952148438,686.4118834447647,0.14811132848262787,
28,base,multitask_dual,all,0.18,219178.875,2979927.4702148438,658.5475072297997,0.32902582362294197,
28,base,multitask_dual,all,0.2,201147.3359375,3181074.8061523438,632.6719980414367,0.20278329402208328,
28,base,multitask_dual,all,0.25,476794.0625,3657868.8686523438,581.9998199924174,0.2012728676199913,
28,base,multitask_dual,all,0.3,427790.984375,4085659.8530273438,541.7210094175741,0.262529831379652,
28,base,multitask_dual,all,0.35,372380.0625,4458039.915527344,506.653019153011,0.2334924414753914,
28,base,multitask_dual,all,0.39999999999999997,308176.71875,4766216.634277344,473.9674457316372,0.311455849558115,
28,base,multitask_dual,all,0.44999999999999996,424594.09375,5190810.728027344,458.83591691216685,0.29156722500920296,
28,base,multitask_dual,all,0.49999999999999994,415653.609375,5606464.337402344,446.0194381386113,0.22076372057199478,
28,base,multitask_dual,all,0.5499999999999999,341447.6953125,5947912.032714844,430.1664882270083,0.30708034709095955,
28,base,multitask_dual,all,0.5999999999999999,419195.1875,6367107.220214844,422.1099986883349,0.32219569757580757,
28,base,multitask_dual,all,0.6499999999999999,341451.6171875,6708558.837402344,410.5353917999109,0.34964199736714363,
28,base,multitask_dual,all,0.7,491822.859375,7200381.696777344,409.15909175913987,0.27088306099176407,
28,base,multitask_dual,all,0.7499999999999998,355261.7265625,7555643.423339844,400.7235971010259,0.28480509109795094,
28,base,multitask_dual,all,0.7999999999999998,334415.53125,7890058.954589844,392.30603393943136,0.40175019949674606,
28,base,multitask_dual,all,0.8499999999999999,291943.3359375,8182002.290527344,382.89121112486987,0.3524264022707939,
28,base,multitask_dual,all,0.8999999999999999,268060.6875,8450062.978027344,373.4669397165802,0.2923627719283104,
28,base,multitask_dual,all,0.9499999999999997,238823.1328125,8688886.110839844,363.81049746011155,0.26690532453358173,
28,base,multitask_dual,all,0.9999999999999998,251780.1953125,8940666.306152344,355.63509571011707,0.4164677634835243,
28,base,multitask_dual,all,test,1559870.5625,8940666.306152344,186.11986188998927,0.3743586763739586,test
28,base_control,multitask_dual,all,0.02,5831.6044921875,5831.6044921875,11.616742016309761,0.04880478233098984,
28,base_control,multitask_dual,all,0.04,398836.28125,404667.8857421875,402.6546126787935,0.08250496722757816,
28,base_control,multitask_dual,all,0.06,476816.65625,881484.5419921875,584.5388209497264,0.035785287618637085,
28,base_control,multitask_dual,all,0.08,489983.390625,1371467.9326171875,681.9830594814458,0.06361828930675983,
28,base_control,multitask_dual,all,0.1,505616.1875,1877084.1201171875,746.6523946369083,0.055666002444922924,
28,base_control,multitask_dual,all,0.12000000000000001,514086.890625,2391171.0107421875,792.82858446359,0.05179283022880554,
28,base_control,multitask_dual,all,0.13999999999999999,399290.46875,2790461.4794921875,792.970014064276,0.08846917748451233,
28,base_control,multitask_dual,all,0.16,518305.4375,3308766.9169921875,822.6670604157601,0.08250496722757816,
28,base_control,multitask_dual,all,0.18,585343.21875,3894110.1357421875,860.5768255783839,0.09840954001992941,
28,base_control,multitask_dual,all,0.2,532166.484375,4426276.6201171875,880.3255012166244,0.10636182874441147,
28,base_control,multitask_dual,all,0.25,859178.15625,5285454.7763671875,840.9633693503878,0.08711217157542706,
28,base_control,multitask_dual,all,0.3,1311559.125,6597013.9013671875,874.7035138381315,0.04733492434024811,
28,base_control,multitask_dual,all,0.35,1419617.125,8016631.0263671875,911.0843307611306,0.06443914026021957,
28,base_control,multitask_dual,all,0.39999999999999997,1323085.875,9339716.901367188,928.7705749171826,0.10859188437461853,
28,base_control,multitask_dual,all,0.44999999999999996,1138593.1875,10478310.088867188,926.2185175344459,0.04494828823953867,
28,base_control,multitask_dual,all,0.49999999999999994,1326862.09375,11805172.182617188,939.154509356976,0.06324582174420357,
28,base_control,multitask_dual,all,0.5499999999999999,1342972.5,13148144.682617188,950.9036437851441,0.04176610894501209,
28,base_control,multitask_dual,all,0.5999999999999999,1013829.65625,14161974.338867188,938.873928591036,0.05489260144531727,
28,base_control,multitask_dual,all,0.6499999999999999,960560.84375,15122535.182617188,925.4351130663476,0.02545743715018034,
28,base_control,multitask_dual,all,0.7,1218020.125,16340555.307617188,928.5461590872364,0.05449482798576355,
28,base_control,multitask_dual,all,0.7499999999999998,1183914.125,17524469.432617188,929.4335419049158,0.028241844847798347,
28,base_control,multitask_dual,all,0.7999999999999998,1230472.1875,18754941.620117188,932.5249413343868,0.06364359566941857,
28,base_control,multitask_dual,all,0.8499999999999999,1095151.4375,19850093.057617188,928.9200738273755,0.06245027855038643,
28,base_control,multitask_dual,all,0.8999999999999999,1344573.875,21194666.932617188,936.739456051321,0.06563245598226786,
28,base_control,multitask_dual,all,0.9499999999999997,1018166.21875,22212833.151367188,930.0688000404969,0.05648369062691927,
28,base_control,multitask_dual,all,0.9999999999999998,1558704.6875,23771537.838867188,945.5663420392676,0.05847255140542984,
28,base_control,multitask_dual,all,test,8089962.0,23771537.838867188,965.2740723064073,0.1063715573400259,test
28,base,multitask_triple_base,all,0.02,6073.87548828125,6073.87548828125,12.099353562313247,0.12616202235221863,
28,base,multitask_triple_base,all,0.04,460881.328125,466955.20361328125,464.63204339629976,0.2644135070343812,
28,base,multitask_triple_base,all,0.06,716458.375,1183413.5786132812,784.7570149955446,0.2564612291753292,
28,base,multitask_triple_base,all,0.08,633341.21875,1816754.7973632812,903.4086511005873,0.19350562244653702,
28,base,multitask_triple_base,all,0.1,389699.46875,2206454.2661132812,877.666772519205,0.32471835364898044,
28,base,multitask_triple_base,all,0.12000000000000001,485315.8359375,2691770.1020507812,892.4967181865985,0.34262948234875995,
28,base,multitask_triple_base,all,0.13999999999999999,390186.5703125,3081956.6723632812,875.8046809784829,0.21073557808995247,
28,base,multitask_triple_base,all,0.16,302929.0234375,3384885.6958007812,841.5926642965642,0.4168323203921318,
28,base,multitask_triple_base,all,0.18,388722.30078125,3773607.9965820312,833.9465185816643,0.32074220354358357,
28,base,multitask_triple_base,all,0.2,524438.015625,4298046.012207031,854.8221981318678,0.24850893020629883,
28,base,multitask_triple_base,all,0.25,810754.890625,5108800.902832031,812.8561500130519,0.2484752039114634,
28,base,multitask_triple_base,all,0.3,835979.203125,5944780.105957031,788.2232969977501,0.3810660317540169,
28,base,multitask_triple_base,all,0.35,957184.4765625,6901964.582519531,784.4032938424289,0.39114293704430264,
28,base,multitask_triple_base,all,0.39999999999999997,763123.875,7665088.457519531,762.2403000715524,0.30575444052616757,
28,base,multitask_triple_base,all,0.44999999999999996,599783.9296875,8264872.387207031,730.5641639889535,0.368337315817674,
28,base,multitask_triple_base,all,0.49999999999999994,824663.68359375,9089536.070800781,723.1134503421465,0.28586581846078235,
28,base,multitask_triple_base,all,0.5499999999999999,750342.2890625,9839878.359863281,711.6423200884705,0.4675152599811554,
28,base,multitask_triple_base,all,0.5999999999999999,857828.1640625,10697706.523925781,709.2088652828018,0.21930521974960962,
28,base,multitask_triple_base,all,0.6499999999999999,977917.015625,11675623.539550781,714.49871730927,0.44550517201423645,
28,base,multitask_triple_base,all,0.7,475826.87109375,12151450.410644531,690.5017848985414,0.4298594668507576,
28,base,multitask_triple_base,all,0.7499999999999998,628727.46875,12780177.879394531,677.813730012969,0.3959161912401517,
28,base,multitask_triple_base,all,0.7999999999999998,804999.484375,13585177.363769531,675.4762014602989,0.4919119526942571,
28,base,multitask_triple_base,all,0.8499999999999999,513121.390625,14098298.754394531,659.7547266785779,0.39273402094841003,
28,base,multitask_triple_base,all,0.8999999999999999,401058.32421875,14499357.078613281,640.827237629863,0.4783876786629359,
28,base,multitask_triple_base,all,0.9499999999999997,792562.1953125,15291919.273925781,640.2846909486154,0.4584990789492925,
28,base,multitask_triple_base,all,0.9999999999999998,719205.921875,16011125.195800781,636.8784882975649,0.33837178349494934,
28,base,multitask_triple_base,all,test,1944805.375,16011125.195800781,232.0493228731655,0.38575349003076553,test
28,base_control,multitask_triple_base,all,0.02,5645.462860107422,5645.462860107422,11.245941952405223,0.21447543799877167,
28,base_control,multitask_triple_base,all,0.04,479657.5234375,485302.9862976074,482.8885435797089,0.18223988513151804,
28,base_control,multitask_triple_base,all,0.06,547865.828125,1033168.8144226074,685.1252085030553,0.24850893517335257,
28,base_control,multitask_triple_base,all,0.08,727265.625,1760434.4394226074,875.4025059286959,0.15374419217308363,
28,base_control,multitask_triple_base,all,0.1,554046.5180664062,2314480.9574890137,920.6368168214055,0.2405566486219565,
28,base_control,multitask_triple_base,all,0.12000000000000001,645072.3359375,2959553.2934265137,981.284248483592,0.2403718481461207,
28,base_control,multitask_triple_base,all,0.13999999999999999,674466.4375,3634019.7309265137,1032.6853455318312,0.28098077823718387,
28,base_control,multitask_triple_base,all,0.16,479308.306640625,4113328.0375671387,1022.7071202305168,0.12591119560723504,
28,base_control,multitask_triple_base,all,0.18,531446.3125,4644774.350067139,1026.469469628097,0.3041749397913615,
28,base_control,multitask_triple_base,all,0.2,806290.875,5451065.225067139,1084.141850649789,0.24519547571738562,
28,base_control,multitask_triple_base,all,0.25,1413639.34375,6864704.568817139,1092.2362082445725,0.1299390078832706,
28,base_control,multitask_triple_base,all,0.3,1383750.4375,8248455.006317139,1093.6694519115804,0.2866613616545995,
28,base_control,multitask_triple_base,all,0.35,1728150.15625,9976605.162567139,1133.8339768800022,0.24741447965304056,
28,base_control,multitask_triple_base,all,0.39999999999999997,1808077.84375,11784683.006317139,1171.9056291087052,0.15062317810952663,
28,base_control,multitask_triple_base,all,0.44999999999999996,1305732.11328125,13090415.119598389,1157.1126243788906,0.24449748607973257,
28,base_control,multitask_triple_base,all,0.49999999999999994,1410078.75,14500493.869598389,1153.5794645662997,0.2789710896710555,
28,base_control,multitask_triple_base,all,0.5499999999999999,1702456.8125,16202950.682098389,1171.8341420480501,0.1405462765445312,
28,base_control,multitask_triple_base,all,0.5999999999999999,1291038.53125,17493989.21334839,1159.7712286759738,0.2773799995581309,
28,base_control,multitask_triple_base,all,0.6499999999999999,1576992.125,19070981.33834839,1167.0632971267603,0.25298328200976056,
28,base_control,multitask_triple_base,all,0.7,1679153.65625,20750134.99459839,1179.1189336628247,0.28613100200891495,
28,base_control,multitask_triple_base,all,0.7499999999999998,1483663.875,22233798.86959839,1179.199091466369,0.15725271279613176,
28,base_control,multitask_triple_base,all,0.7999999999999998,1352825.3671875,23586624.23678589,1172.7637349237216,0.24794484302401543,
28,base_control,multitask_triple_base,all,0.8499999999999999,1999216.09375,25585840.33053589,1197.3344719236225,0.26995492602388066,
28,base_control,multitask_triple_base,all,0.8999999999999999,1486246.875,27072087.20553589,1196.5034564455002,0.14478918040792146,
28,base_control,multitask_triple_base,all,0.9499999999999997,1422064.15625,28494151.36178589,1193.0725353509144,0.2932908932367961,
28,base_control,multitask_triple_base,all,0.9999999999999998,1366705.96875,29860857.33053589,1187.7827100451825,0.27340227365493774,
28,base_control,multitask_triple_base,all,test,10993230.75,29860857.33053589,1311.6848526428828,0.1778626305361589,test
28,instruct,attribute,all,0.02,3105.78515625,3105.78515625,6.186823020418327,0.05976095795631409,
28,instruct,attribute,all,0.04,208052.21875,211158.00390625,210.10746657338308,0.10139164328575134,
28,instruct,attribute,all,0.06,200879.0625,412037.06640625,273.2341289166114,0.13717693090438843,
28,instruct,attribute,all,0.08,188171.46875,600208.53515625,298.4627226038041,0.10337971895933151,
28,instruct,attribute,all,0.1,133847.859375,734056.39453125,291.98742821449883,0.21669979393482208,
28,instruct,attribute,all,0.12000000000000001,107851.3203125,841907.71484375,279.14712030628317,0.324701189994812,
28,instruct,attribute,all,0.13999999999999999,63448.01171875,905355.7265625,257.27642130221653,0.3399602174758911,
28,instruct,attribute,all,0.16,77744.8671875,983100.59375,244.4307791521631,0.3141152858734131,
28,instruct,attribute,all,0.18,39163.3203125,1022263.9140625,225.91467714088398,0.3339959979057312,
28,instruct,attribute,all,0.2,38555.0078125,1060818.921875,210.9822835869133,0.4234592318534851,
28,instruct,attribute,all,0.25,103932.1953125,1164751.1171875,185.32237345863166,0.5091487765312195,
28,instruct,attribute,all,0.3,182702.71875,1347453.8359375,178.66001537224875,0.37629276514053345,
28,instruct,attribute,all,0.35,72107.328125,1419561.1640625,161.33210183685645,0.5131264925003052,
28,instruct,attribute,all,0.39999999999999997,72483.5625,1492044.7265625,148.37358060486278,0.5115354061126709,
28,instruct,attribute,all,0.44999999999999996,40768.73046875,1532813.45703125,135.4913336012773,0.5735878944396973,
28,instruct,attribute,all,0.49999999999999994,44705.88671875,1577519.34375,125.49875447494034,0.5855211019515991,
28,instruct,attribute,all,0.5499999999999999,75146.2578125,1652665.6015625,119.52452459409128,0.5998408794403076,
28,instruct,attribute,all,0.5999999999999999,39226.95703125,1691892.55859375,112.16471483649894,0.6038185954093933,
28,instruct,attribute,all,0.6499999999999999,72733.3984375,1764625.95703125,107.98763582591334,0.47494032979011536,
28,instruct,attribute,all,0.7,105674.5703125,1870300.52734375,106.27915259368963,0.5107398629188538,
28,instruct,attribute,all,0.7499999999999998,174022.703125,2044323.23046875,108.42340124469636,0.41845664381980896,
28,instruct,attribute,all,0.7999999999999998,43391.85546875,2087715.0859375,103.80444938034506,0.6101829409599304,
28,instruct,attribute,all,0.8499999999999999,89575.296875,2177290.3828125,101.89013911799803,0.5083532333374023,
28,instruct,attribute,all,0.8999999999999999,90299.2578125,2267589.640625,100.22052685516663,0.49562451243400574,
28,instruct,attribute,all,0.9499999999999997,30105.3671875,2297695.0078125,96.20629769344303,0.5497215390205383,
28,instruct,attribute,all,0.9999999999999998,22346.279296875,2320041.287109375,92.28485628915573,0.656324565410614,
28,instruct,attribute,all,test,545643.9375,2320041.287109375,65.1048726285646,0.6222407817840576,test
28,instruct_control,attribute,all,0.02,1938.6053466796875,1938.6053466796875,3.8617636388041583,0.03187251091003418,
28,instruct_control,attribute,all,0.04,268549.71875,270488.3240966797,269.1426110414723,0.0834989994764328,
28,instruct_control,attribute,all,0.06,316213.0,586701.3240966797,389.05923348586185,0.17892643809318542,
28,instruct_control,attribute,all,0.08,248456.15625,835157.4803466797,415.2946197646344,0.180914506316185,
28,instruct_control,attribute,all,0.1,208542.359375,1043699.8397216797,415.15506751061247,0.15506957471370697,
28,instruct_control,attribute,all,0.12000000000000001,272709.71875,1316409.5584716797,436.47531779564974,0.09561753273010254,
28,instruct_control,attribute,all,0.13999999999999999,168321.3125,1484730.8709716797,421.91840607322524,0.13121271133422852,
28,instruct_control,attribute,all,0.16,264162.59375,1748893.4647216797,434.8317913281153,0.08747514337301254,
28,instruct_control,attribute,all,0.18,194540.25,1943433.7147216797,429.48811375064747,0.009940357878804207,
28,instruct_control,attribute,all,0.2,270268.84375,2213702.5584716797,440.27497185196495,0.05964214354753494,
28,instruct_control,attribute,all,0.25,656814.4375,2870516.9959716797,456.7250590249291,0.17501989006996155,
28,instruct_control,attribute,all,0.3,525975.4375,3396492.4334716797,450.3437328920286,0.1614956259727478,
28,instruct_control,attribute,all,0.35,452949.4375,3849441.8709716797,437.4862905979861,0.04534606263041496,
28,instruct_control,attribute,all,0.39999999999999997,644981.25,4494423.12097168,446.93945117061253,0.055688146501779556,
28,instruct_control,attribute,all,0.44999999999999996,477443.09375,4971866.21472168,439.48256118816226,0.05171041935682297,
28,instruct_control,attribute,all,0.49999999999999994,403682.25,5375548.46472168,427.6490425395131,0.01193317398428917,
28,instruct_control,attribute,all,0.5499999999999999,498786.53125,5874334.99597168,424.8452300550864,0.10023866593837738,
28,instruct_control,attribute,all,0.5999999999999999,521034.1875,6395369.18347168,423.98363719647836,0.03420843183994293,
28,instruct_control,attribute,all,0.6499999999999999,685947.1875,7081316.37097168,433.3465743205238,0.09148766845464706,
28,instruct_control,attribute,all,0.7,674450.625,7755766.99597168,440.71866098259346,0.19649960100650787,
28,instruct_control,attribute,all,0.7499999999999998,558890.625,8314657.62097168,440.97892447476426,0.04534606263041496,
28,instruct_control,attribute,all,0.7999999999999998,340718.53125,8655376.15222168,430.35879834037786,0.04534606263041496,
28,instruct_control,attribute,all,0.8499999999999999,459056.34375,9114432.49597168,426.5259252174496,0.10580747574567795,
28,instruct_control,attribute,all,0.8999999999999999,443655.90625,9558088.40222168,422.4382746495925,0.08830548822879791,
28,instruct_control,attribute,all,0.9499999999999997,419272.5625,9977360.96472168,417.75995330241926,0.09705648571252823,
28,instruct_control,attribute,all,0.9999999999999998,619853.25,10597214.21472168,421.52801172321716,0.027844073250889778,
28,instruct_control,attribute,all,test,4947022.0,10597214.21472168,590.2663166686552,0.10523804277181625,test
28,instruct,state,all,0.02,2625.580322265625,2625.580322265625,5.2302396857880975,0.009960159659385681,
28,instruct,state,all,0.04,164322.765625,166948.34594726562,166.11775716145834,0.047713715583086014,
28,instruct,state,all,0.06,215906.5625,382854.9084472656,253.88256528333264,0.07753478735685349,
28,instruct,state,all,0.08,207730.328125,590585.2365722656,293.677392626686,0.037773359566926956,
28,instruct,state,all,0.1,237531.515625,828116.7521972656,329.4020494022536,0.033797215670347214,
28,instruct,state,all,0.12000000000000001,163708.125,991824.8771972656,328.85440225373526,0.043824702501297,
28,instruct,state,all,0.13999999999999999,142918.34375,1134743.2209472656,322.4618417014111,0.15705764293670654,
28,instruct,state,all,0.16,206548.40625,1341291.6271972656,333.48871884566523,0.03180914372205734,
28,instruct,state,all,0.18,187258.34375,1528549.9709472656,337.8010985518819,0.037773359566926956,
28,instruct,state,all,0.2,186478.28125,1715028.2521972656,341.0955155523599,0.08747514337301254,
28,instruct,state,all,0.25,383869.28125,2098897.5334472656,333.9534659422857,0.05887032672762871,
28,instruct,state,all,0.3,300185.125,2399082.6584472656,318.09634824280903,0.06443914026021957,
28,instruct,state,all,0.35,316496.9375,2715579.5959472656,308.62366131915735,0.13285601139068604,
28,instruct,state,all,0.39999999999999997,268152.25,2983731.8459472656,296.7115996367607,0.10182975232601166,
28,instruct,state,all,0.44999999999999996,234288.953125,3218020.7990722656,284.45335446585926,0.0755767673254013,
28,instruct,state,all,0.49999999999999994,285827.875,3503848.6740722656,278.74691122293285,0.03898170217871666,
28,instruct,state,all,0.5499999999999999,330788.3125,3834636.9865722656,277.3296439265398,0.08035004138946533,
28,instruct,state,all,0.5999999999999999,266815.8125,4101452.7990722656,271.9075045791743,0.08432776480913162,
28,instruct,state,all,0.6499999999999999,201764.015625,4303216.814697266,263.3386460251677,0.17501989006996155,
28,instruct,state,all,0.7,184466.34375,4487683.158447266,255.01097615906727,0.12330946326255798,
28,instruct,state,all,0.7499999999999998,166434.453125,4654117.611572266,246.83731697545826,0.17501989006996155,
28,instruct,state,all,0.7999999999999998,154968.65625,4809086.267822266,239.11526789092412,0.10421638935804367,
28,instruct,state,all,0.8499999999999999,181856.625,4990942.892822266,233.55996503450163,0.24025456607341766,
28,instruct,state,all,0.8999999999999999,162861.375,5153804.267822266,227.78238609662625,0.18297533690929413,
28,instruct,state,all,0.9499999999999997,150231.78125,5304036.049072266,222.08416233606604,0.24980111420154572,
28,instruct,state,all,0.9999999999999998,160641.53125,5464677.580322266,217.36983215283476,0.20047733187675476,
28,instruct,state,all,test,1459699.625,5464677.580322266,174.16771566638826,0.21906693279743195,test
28,instruct_control,state,all,0.02,2813.2265625,2813.2265625,5.604036977091633,0.02589641511440277,
28,instruct_control,state,all,0.04,131080.046875,133893.2734375,133.2271377487562,0.061630215495824814,
28,instruct_control,state,all,0.06,211283.34375,345176.6171875,228.89696099966844,0.035785287618637085,
28,instruct_control,state,all,0.08,217226.40625,562403.0234375,279.66336322103433,0.0139164999127388,
28,instruct_control,state,all,0.1,251394.1875,813797.2109375,323.7061300467383,0.025844929739832878,
28,instruct_control,state,all,0.12000000000000001,193595.203125,1007392.4140625,334.01605240799074,0.04780876636505127,
28,instruct_control,state,all,0.13999999999999999,240880.4375,1248272.8515625,354.7237429845126,0.035785287618637085,
28,instruct_control,state,all,0.16,274347.84375,1522620.6953125,378.57302220599206,0.019880715757608414,
28,instruct_control,state,all,0.18,206464.125,1729084.8203125,382.11819233425416,0.01590457186102867,
28,instruct_control,state,all,0.2,223226.359375,1952311.1796875,388.28782412241446,0.04572564363479614,
28,instruct_control,state,all,0.25,492053.5625,2444364.7421875,388.92040448488467,0.024661893025040627,
28,instruct_control,state,all,0.3,501796.0,2946160.7421875,390.6338825493901,0.037390612065792084,
28,instruct_control,state,all,0.35,585308.75,3531469.4921875,401.3489592212183,0.0397772453725338,
28,instruct_control,state,all,0.39999999999999997,591898.6875,4123368.1796875,410.04059066104816,0.04295942559838295,
28,instruct_control,state,all,0.44999999999999996,579348.75,4702716.9296875,415.69141073875187,0.048528242856264114,
28,instruct_control,state,all,0.49999999999999994,597109.8125,5299826.7421875,421.6250391557279,0.05091487616300583,
28,instruct_control,state,all,0.5499999999999999,679151.25,5978977.9921875,432.4132488744847,0.04534606263041496,
28,instruct_control,state,all,0.5999999999999999,695792.5,6674770.4921875,442.506662171009,0.027844073250889778,
28,instruct_control,state,all,0.6499999999999999,574758.6875,7249529.1796875,443.6404858752524,0.03500397875905037,
28,instruct_control,state,all,0.7,567121.1875,7816650.3671875,444.17833658299236,0.03818615525960922,
28,instruct_control,state,all,0.7499999999999998,508575.21875,8325225.5859375,441.53941055091485,0.04295942559838295,
28,instruct_control,state,all,0.7999999999999998,606173.75,8931399.3359375,444.0831014288733,0.060461416840553284,
28,instruct_control,state,all,0.8499999999999999,471155.78125,9402555.1171875,440.00913085252,0.041368335485458374,
28,instruct_control,state,all,0.8999999999999999,519736.96875,9922292.0859375,438.53496357895784,0.03341288864612579,
28,instruct_control,state,all,0.9499999999999997,572531.875,10494823.9609375,439.4265360690659,0.03341288864612579,
28,instruct_control,state,all,0.9999999999999998,576630.1875,11071454.1484375,440.39197090045747,0.02704852819442749,
28,instruct_control,state,all,test,4438060.0,11071454.1484375,529.5382412599928,0.013482877984642982,test
28,instruct,correctness_instruct,all,0.02,482.76214599609375,482.76214599609375,0.9616775816655254,0.6474103927612305,
28,instruct,correctness_instruct,all,0.04,169072.328125,169555.0902709961,168.71153260795631,0.6222663521766663,
28,instruct,correctness_instruct,all,0.06,204525.375,374080.4652709961,248.06396901259689,0.6222663521766663,
28,instruct,correctness_instruct,all,0.08,217283.65625,591364.1215209961,294.06470488363806,0.6481112837791443,
28,instruct,correctness_instruct,all,0.1,229059.0625,820423.1840209961,326.3417597537773,0.3896619975566864,
28,instruct,correctness_instruct,all,0.12000000000000001,142288.828125,962712.0121459961,319.2015955391234,0.3625498116016388,
28,instruct,correctness_instruct,all,0.13999999999999999,139134.203125,1101846.215270996,313.1134456581404,0.34990057349205017,
28,instruct,correctness_instruct,all,0.16,6543.32568359375,1108389.5409545898,275.5816859658354,0.5964214205741882,
28,instruct,correctness_instruct,all,0.18,139137.453125,1247526.9940795898,275.6965732772574,0.6341947913169861,
28,instruct,correctness_instruct,all,0.2,107135.796875,1354662.7909545898,269.4237849949463,0.3737574517726898,
28,instruct,correctness_instruct,all,0.25,105925.765625,1460588.5565795898,232.39276954329193,0.3548130393028259,
28,instruct,correctness_instruct,all,0.3,119841.171875,1580429.7284545898,209.5504810997865,0.6062052249908447,
28,instruct,correctness_instruct,all,0.35,466501.34375,2046931.0722045898,232.6322391413331,0.35560858249664307,
28,instruct,correctness_instruct,all,0.39999999999999997,282582.46875,2329513.54095459,231.65409118482398,0.37867939472198486,
28,instruct,correctness_instruct,all,0.44999999999999996,52652.98828125,2382166.52923584,210.56894981312118,0.40334129333496094,
28,instruct,correctness_instruct,all,0.49999999999999994,29033.875,2411200.40423584,191.82183009036117,0.6340492963790894,
28,instruct,correctness_instruct,all,0.5499999999999999,226570.625,2637771.02923584,190.76958336847036,0.6364359259605408,
28,instruct,correctness_instruct,all,0.5999999999999999,341239.25,2979010.27923584,197.49471487906655,0.6268894076347351,
28,instruct,correctness_instruct,all,0.6499999999999999,427740.53125,3406750.81048584,208.4787228741105,0.6189339756965637,
28,instruct,correctness_instruct,all,0.7,226469.75,3633220.56048584,206.45644735116716,0.6483691334724426,
28,instruct,correctness_instruct,all,0.7499999999999998,421092.1875,4054312.74798584,215.02586836307822,0.607796311378479,
28,instruct,correctness_instruct,all,0.7999999999999998,549659.6875,4603972.43548584,228.91668831970165,0.6356403827667236,
28,instruct,correctness_instruct,all,0.8499999999999999,506492.28125,5110464.71673584,239.15319934184285,0.35083532333374023,
28,instruct,correctness_instruct,all,0.8999999999999999,318216.53125,5428681.24798584,239.9311079283055,0.6499602198600769,
28,instruct,correctness_instruct,all,0.9499999999999997,403928.0625,5832609.31048584,244.2159406475669,0.6491646766662598,
28,instruct,correctness_instruct,all,0.9999999999999998,507865.15625,6340474.46673584,252.20662158853779,0.3420843183994293,
28,instruct,correctness_instruct,all,test,445219.875,6340474.46673584,53.12252416179454,0.39267390966415405,test
28,instruct_control,correctness_instruct,all,0.02,598.933349609375,598.933349609375,1.193094321931026,0.4023904502391815,
28,instruct_control,correctness_instruct,all,0.04,111200.6328125,111799.56616210938,111.2433494150342,0.34393635392189026,
28,instruct_control,correctness_instruct,all,0.06,37277.8984375,149077.46459960938,98.85773514562956,0.387673944234848,
28,instruct_control,correctness_instruct,all,0.08,10781.8740234375,159859.33862304688,79.49246077724857,0.3320079445838928,
28,instruct_control,correctness_instruct,all,0.1,45586.76953125,205446.10815429688,81.72080674395262,0.6421470642089844,
28,instruct_control,correctness_instruct,all,0.12000000000000001,156691.34375,362137.4519042969,120.07209943776422,0.6075697541236877,
28,instruct_control,correctness_instruct,all,0.13999999999999999,207648.828125,569786.2800292969,161.9171014576007,0.6262425184249878,
28,instruct_control,correctness_instruct,all,0.16,204779.640625,774565.9206542969,192.58227763657305,0.35984092950820923,
28,instruct_control,correctness_instruct,all,0.18,117393.7890625,891959.7097167969,197.11816789321477,0.35984092950820923,
28,instruct_control,correctness_instruct,all,0.2,83506.2421875,975465.9519042969,194.00675256648705,0.3479125201702118,
28,instruct_control,correctness_instruct,all,0.25,113822.921875,1089288.8737792969,173.31565215263277,0.6308671236038208,
28,instruct_control,correctness_instruct,all,0.3,303069.09375,1392357.9675292969,184.61389121311282,0.638027012348175,
28,instruct_control,correctness_instruct,all,0.35,498374.90625,1890732.8737792969,214.88042661430808,0.6292760372161865,
28,instruct_control,correctness_instruct,all,0.39999999999999997,553994.3125,2444727.186279297,243.1112953738362,0.6428003311157227,
28,instruct_control,correctness_instruct,all,0.44999999999999996,522161.875,2966889.061279297,262.2548449818171,0.3579952120780945,
28,instruct_control,correctness_instruct,all,0.49999999999999994,247967.265625,3214856.326904297,255.75627103455028,0.3579952120780945,
28,instruct_control,correctness_instruct,all,0.5499999999999999,88721.078125,3303577.405029297,238.92221053224105,0.6523468494415283,
28,instruct_control,correctness_instruct,all,0.5999999999999999,154426.59375,3458003.998779297,229.2498010328359,0.6292760372161865,
28,instruct_control,correctness_instruct,all,0.6499999999999999,348463.0,3806466.998779297,232.93966090075864,0.638822615146637,
28,instruct_control,correctness_instruct,all,0.7,81142.265625,3887609.264404297,220.91199365861445,0.6284804940223694,
28,instruct_control,correctness_instruct,all,0.7499999999999998,122193.15625,4009802.420654297,212.6652039593899,0.6229116916656494,
28,instruct_control,correctness_instruct,all,0.7999999999999998,365026.1875,4374828.608154297,217.52329992811738,0.6348448395729065,
28,instruct_control,correctness_instruct,all,0.8499999999999999,58145.84765625,4432974.455810547,207.44884907157785,0.3754972219467163,
28,instruct_control,correctness_instruct,all,0.8999999999999999,38404.625,4471379.080810547,197.6212799792516,0.6467780470848083,
28,instruct_control,correctness_instruct,all,0.9499999999999997,259652.65625,4731031.737060547,198.09202097979932,0.6308671236038208,
28,instruct_control,correctness_instruct,all,0.9999999999999998,480275.34375,5211307.080810547,207.29145110622702,0.6340492963790894,
28,instruct_control,correctness_instruct,all,test,4283811.0,5211307.080810547,511.13363560434317,0.6469395160675049,test
28,instruct,multitask_dual,all,0.02,6181.354736328125,6181.354736328125,12.313455650056026,0.008964143693447113,
28,instruct,multitask_dual,all,0.04,345920.953125,352102.3078613281,350.35055508589863,0.07753478735685349,
28,instruct,multitask_dual,all,0.06,375309.34375,727411.6516113281,482.36846923828125,0.05367792956531048,
28,instruct,multitask_dual,all,0.08,468788.96875,1196200.6203613281,594.8287520444197,0.09443339332938194,
28,instruct,multitask_dual,all,0.1,321208.4140625,1517409.0344238281,603.5835459124216,0.1212723576463759,
28,instruct,multitask_dual,all,0.12000000000000001,259065.53125,1776474.5656738281,589.0167658069722,0.13047809153795242,
28,instruct,multitask_dual,all,0.13999999999999999,247318.2265625,2023792.7922363281,575.1045161228554,0.2634194754064083,
28,instruct,multitask_dual,all,0.16,192182.8046875,2215975.596923828,550.9635994340697,0.24453278444707394,
28,instruct,multitask_dual,all,0.18,254261.765625,2470237.362548828,545.9088094030559,0.215705756098032,
28,instruct,multitask_dual,all,0.2,237776.2890625,2708013.651611328,538.5866451096516,0.28727632015943527,
28,instruct,multitask_dual,all,0.25,391168.28125,3099181.932861328,493.10770610363215,0.2140015885233879,
28,instruct,multitask_dual,all,0.3,479775.5,3578957.432861328,474.5369176427112,0.2804295979440212,
28,instruct,multitask_dual,all,0.35,406264.65625,3985222.089111328,452.917614400651,0.21718376502394676,
28,instruct,multitask_dual,all,0.39999999999999997,438239.640625,4423461.729736328,439.882829130502,0.2947494015097618,
28,instruct,multitask_dual,all,0.44999999999999996,405379.7890625,4828841.518798828,426.84005293015366,0.31980904936790466,
28,instruct,multitask_dual,all,0.49999999999999994,379870.33203125,5208711.850830078,414.3764400023928,0.26093874499201775,
28,instruct,multitask_dual,all,0.5499999999999999,432940.75,5641652.600830078,408.01711150864816,0.28520286828279495,
28,instruct,multitask_dual,all,0.5999999999999999,338390.484375,5980043.085205078,396.44942224907703,0.29793158918619156,
28,instruct,multitask_dual,all,0.6499999999999999,306756.96875,6286800.053955078,384.7255402946624,0.3317422494292259,
28,instruct,multitask_dual,all,0.7,310449.34765625,6597249.401611328,374.8863167184526,0.33373109996318817,
28,instruct,multitask_dual,all,0.7499999999999998,310618.140625,6907867.542236328,366.36794177864374,0.34049323201179504,
28,instruct,multitask_dual,all,0.7999999999999998,303237.5078125,7211105.050048828,358.54738713448825,0.33412887156009674,
28,instruct,multitask_dual,all,0.8499999999999999,291153.46875,7502258.518798828,351.081403846639,0.39140811562538147,
28,instruct,multitask_dual,all,0.8999999999999999,240996.96875,7743255.487548828,342.22821035750144,0.3484486863017082,
28,instruct,multitask_dual,all,0.9499999999999997,224172.55078125,7967428.038330078,333.60248035548625,0.26451868563890457,
28,instruct,multitask_dual,all,0.9999999999999998,185715.12890625,8153143.167236328,324.3095929688277,0.366746224462986,
28,instruct,multitask_dual,all,test,1108709.53125,8153143.167236328,132.28845379429663,0.37233027815818787,test
28,instruct_control,multitask_dual,all,0.02,5092.898193359375,5092.898193359375,10.14521552462027,0.050796814262866974,
28,instruct_control,multitask_dual,all,0.04,435855.0625,440947.9606933594,438.7541897446362,0.05964214354753494,
28,instruct_control,multitask_dual,all,0.06,400460.4375,841408.3981933594,557.9631287754372,0.019880715757608414,
28,instruct_control,multitask_dual,all,0.08,480555.84375,1321964.2419433594,657.366604646126,0.06461232388392091,
28,instruct_control,multitask_dual,all,0.1,484519.375,1806483.6169433594,718.5694578135876,0.07952285930514336,
28,instruct_control,multitask_dual,all,0.12000000000000001,568769.125,2375252.7419433594,787.5506438804242,0.06772908568382263,
28,instruct_control,multitask_dual,all,0.13999999999999999,484028.078125,2859280.8200683594,812.5265189168398,0.06262425146996975,
28,instruct_control,multitask_dual,all,0.16,493644.828125,3352925.6481933594,833.6463570843757,0.09045725129544735,
28,instruct_control,multitask_dual,all,0.18,438242.25,3791167.8981933594,837.8271598217369,0.10934393294155598,
28,instruct_control,multitask_dual,all,0.2,439859.515625,4231027.413818359,841.4931212844788,0.06660039629787207,
28,instruct_control,multitask_dual,all,0.25,1031655.75,5262683.163818359,837.3402010848623,0.06881463900208473,
28,instruct_control,multitask_dual,all,0.3,1143778.625,6406461.788818359,849.4380520841103,0.062848050147295,
28,instruct_control,multitask_dual,all,0.35,1223564.25,7630026.038818359,867.1469529285555,0.040970563888549805,
28,instruct_control,multitask_dual,all,0.39999999999999997,1098760.625,8728786.66381836,868.0177668872673,0.0922832116484642,
28,instruct_control,multitask_dual,all,0.44999999999999996,1197089.625,9925876.28881836,877.3867487685282,0.048528240993618965,
28,instruct_control,multitask_dual,all,0.49999999999999994,1156059.5,11081935.78881836,881.6178034063929,0.064041368663311,
28,instruct_control,multitask_dual,all,0.5499999999999999,1265805.75,12347741.53881836,893.0166730902118,0.1070007961243391,
28,instruct_control,multitask_dual,all,0.5999999999999999,1001528.15625,13349269.69506836,884.9953391055661,0.030230707488954067,
28,instruct_control,multitask_dual,all,0.6499999999999999,987625.125,14336894.82006836,877.3572498664928,0.04534606263041496,
28,instruct_control,multitask_dual,all,0.7,1126111.5,15463006.32006836,878.6797545214433,0.0560859190300107,
28,instruct_control,multitask_dual,all,0.7499999999999998,1200745.8125,16663752.13256836,883.7842552409631,0.05926809646189213,
28,instruct_control,multitask_dual,all,0.7999999999999998,1287417.0,17951169.13256836,892.5601199566606,0.05966586992144585,
28,instruct_control,multitask_dual,all,0.8499999999999999,1100922.0625,19052091.19506836,891.5761708581758,0.05529037490487099,
28,instruct_control,multitask_dual,all,0.8999999999999999,1249326.46875,20301417.66381836,897.2605703093061,0.04773269686847925,
28,instruct_control,multitask_dual,all,0.9499999999999997,1183106.3125,21484523.97631836,899.5739218824418,0.08392999321222305,
28,instruct_control,multitask_dual,all,0.9999999999999998,1089031.46875,22573555.44506836,897.9138999629419,0.044152744114398956,
28,instruct_control,multitask_dual,all,test,7646658.5,22573555.44506836,912.3802052261067,0.06610189750790596,test
28,instruct,multitask_triple_instruct,all,0.02,5499.174987792969,5499.174987792969,10.954531848193165,0.22509961326917013,
28,instruct,multitask_triple_instruct,all,0.04,514696.453125,520195.62811279297,517.607590161983,0.2571239036818345,
28,instruct,multitask_triple_instruct,all,0.06,614663.109375,1134858.737487793,752.5588444879264,0.2723657873769601,
28,instruct,multitask_triple_instruct,all,0.08,631191.9375,1766050.674987793,878.1952635444022,0.2895957405368487,
28,instruct,multitask_triple_instruct,all,0.1,478325.8359375,2244376.510925293,892.7511976632032,0.18754140784343085,
28,instruct,multitask_triple_instruct,all,0.12000000000000001,410615.078125,2654991.589050293,880.3022510113703,0.20385126769542694,
28,instruct,multitask_triple_instruct,all,0.13999999999999999,330071.0031738281,2985062.592224121,848.2701313509864,0.2995361040035884,
28,instruct,multitask_triple_instruct,all,0.16,433360.859375,3418423.451599121,849.9312410738739,0.3896620000402133,
28,instruct,multitask_triple_instruct,all,0.18,327098.1171875,3745521.568786621,827.7395732125129,0.33598408351341885,
28,instruct,multitask_triple_instruct,all,0.2,183538.51904296875,3929060.08782959,781.4359760997593,0.3465871165196101,
28,instruct,multitask_triple_instruct,all,0.25,720738.5234375,4649798.61126709,739.8247591514861,0.4089101006587346,
28,instruct,multitask_triple_instruct,all,0.3,1002185.515625,5651984.12689209,749.4012366603142,0.4059930940469106,
28,instruct,multitask_triple_instruct,all,0.35,909362.4609375,6561346.58782959,745.692304560699,0.27075046052535373,
28,instruct,multitask_triple_instruct,all,0.39999999999999997,644957.3671875,7206303.95501709,716.6173384066318,0.32378678768873215,
28,instruct,multitask_triple_instruct,all,0.44999999999999996,446305.59375,7652609.54876709,676.4438741949165,0.42190400262673694,
28,instruct,multitask_triple_instruct,all,0.49999999999999994,592455.625,8245065.17376709,655.9319947308743,0.3752320408821106,
28,instruct,multitask_triple_instruct,all,0.5499999999999999,747237.9140625,8992303.08782959,650.3437540919642,0.43463270366191864,
28,instruct,multitask_triple_instruct,all,0.5999999999999999,870900.75,9863203.83782959,653.8851655946427,0.4150092750787735,
28,instruct,multitask_triple_instruct,all,0.6499999999999999,703798.26953125,10567002.10736084,646.6557803904803,0.35693448781967163,
28,instruct,multitask_triple_instruct,all,0.7,801666.41796875,11368668.52532959,646.0204867217633,0.43648899098237354,
28,instruct,multitask_triple_instruct,all,0.7499999999999998,651330.921875,12019999.44720459,637.4966559111424,0.408379723628362,
28,instruct,multitask_triple_instruct,all,0.7999999999999998,606224.21484375,12626223.66204834,627.7955281448061,0.47679658730824787,
28,instruct,multitask_triple_instruct,all,0.8499999999999999,681625.13671875,13307848.79876709,622.7642284976878,0.317157248655955,
28,instruct,multitask_triple_instruct,all,0.8999999999999999,344634.58203125,13652483.38079834,603.3980102889747,0.3439405957857768,
28,instruct,multitask_triple_instruct,all,0.9499999999999997,309067.03125,13961550.41204834,584.5811000313336,0.3651551256577174,
28,instruct,multitask_triple_instruct,all,0.9999999999999998,356638.48046875,14318188.89251709,569.5381421048962,0.46884114543596905,
28,instruct,multitask_triple_instruct,all,test,4343672.78125,14318188.89251709,518.2761939207732,0.46661099791526794,test
28,instruct_control,multitask_triple_instruct,all,0.02,6268.3096923828125,6268.3096923828125,12.486672693989666,0.24236389001210532,
28,instruct_control,multitask_triple_instruct,all,0.04,432217.12890625,438485.4385986328,436.30391900361474,0.2637508250772953,
28,instruct_control,multitask_triple_instruct,all,0.06,742367.078125,1180852.5167236328,783.0586980925947,0.20609674726923308,
28,instruct_control,multitask_triple_instruct,all,0.08,630204.4375,1811056.9542236328,900.5753128909164,0.18025181939204535,
28,instruct_control,multitask_triple_instruct,all,0.1,514305.984375,2325362.938598633,924.9653693709756,0.17362491289774576,
28,instruct_control,multitask_triple_instruct,all,0.12000000000000001,441514.4609375,2766877.399536133,917.3996682812111,0.23705180486043295,
28,instruct_control,multitask_triple_instruct,all,0.13999999999999999,581239.6796875,3348117.079223633,951.4399202113193,0.27302848423520726,
28,instruct_control,multitask_triple_instruct,all,0.16,607513.546875,3955630.626098633,983.4984152408337,0.2425447180867195,
28,instruct_control,multitask_triple_instruct,all,0.18,754765.125,4710395.751098633,1040.9714367068802,0.13783962031205496,
28,instruct_control,multitask_triple_instruct,all,0.2,733464.265625,5443860.016723633,1082.7088338750264,0.17362491165598234,
28,instruct_control,multitask_triple_instruct,all,0.25,1539579.5625,6983439.579223633,1111.128015787372,0.16176080207029978,
28,instruct_control,multitask_triple_instruct,all,0.3,1207493.3515625,8190932.930786133,1086.0425524776097,0.179527980585893,
28,instruct_control,multitask_triple_instruct,all,0.35,1054118.96875,9245051.899536133,1050.6934764787059,0.2744630003968875,
28,instruct_control,multitask_triple_instruct,all,0.39999999999999997,1445749.953125,10690801.852661133,1063.1266758811787,0.24184566860397658,
28,instruct_control,multitask_triple_instruct,all,0.44999999999999996,1650548.21875,12341350.071411133,1090.899856042706,0.25961283842722577,
28,instruct_control,multitask_triple_instruct,all,0.49999999999999994,1940802.5625,14282152.633911133,1136.2094378608697,0.14797135504583517,
28,instruct_control,multitask_triple_instruct,all,0.5499999999999999,1456019.3125,15738171.946411133,1138.2202897527397,0.1601697187870741,
28,instruct_control,multitask_triple_instruct,all,0.5999999999999999,1515629.640625,17253801.587036133,1143.847890946442,0.25855210175116855,
28,instruct_control,multitask_triple_instruct,all,0.6499999999999999,1536027.46875,18789829.055786133,1149.8579680427229,0.2537788438300292,
28,instruct_control,multitask_triple_instruct,all,0.7,1151975.9296875,19941804.985473633,1133.1858725692484,0.26915936917066574,
28,instruct_control,multitask_triple_instruct,all,0.7499999999999998,1662994.09375,21604799.079223633,1145.8392510858464,0.2505966567744811,
28,instruct_control,multitask_triple_instruct,all,0.7999999999999998,1452817.0,23057616.079223633,1146.4606244641823,0.2760540886471669,
28,instruct_control,multitask_triple_instruct,all,0.8499999999999999,1580389.125,24638005.204223633,1152.9788574207325,0.16494298726320267,
28,instruct_control,multitask_triple_instruct,all,0.8999999999999999,1234245.140625,25872250.344848633,1143.4743368182017,0.26067356392741203,
28,instruct_control,multitask_triple_instruct,all,0.9499999999999997,1462768.109375,27335018.454223633,1144.5387285610532,0.23335984473427138,
28,instruct_control,multitask_triple_instruct,all,0.9999999999999998,1615531.96875,28950550.422973633,1151.5732069599694,0.2391938380897045,
28,instruct_control,multitask_triple_instruct,all,test,9937131.5,28950550.422973633,1185.6737262856461,0.15988545243938765,test
28,base,attribute,suppression,0.02,1009.3240966796875,1009.3240966796875,5.638682104355796,0.0,
28,base,attribute,suppression,0.04,70244.8984375,71254.22253417969,199.0341411569265,0.21229049563407898,
28,base,attribute,suppression,0.06,92435.6015625,163689.8240966797,304.82276368096774,0.08379887789487839,
28,base,attribute,suppression,0.08,66024.59375,229714.4178466797,320.83019252329564,0.18994413316249847,
28,base,attribute,suppression,0.1,45939.78515625,275654.2030029297,307.9935229083013,0.12849161028862,
28,base,attribute,suppression,0.12000000000000001,44103.1640625,319757.3670654297,297.72566765868686,0.1731843501329422,
28,base,attribute,suppression,0.13999999999999999,38912.26171875,358669.6287841797,286.47733928448855,0.1741573065519333,
28,base,attribute,suppression,0.16,31702.9375,390372.5662841797,272.6065407012428,0.3333333432674408,
28,base,attribute,suppression,0.18,35641.44921875,426014.0155029297,264.44072967283034,0.31843575835227966,
28,base,attribute,suppression,0.2,15798.5830078125,441812.5985107422,246.8226807322582,0.3854748606681824,
28,base,attribute,suppression,0.25,31353.703125,473166.3016357422,211.51823944378282,0.39373600482940674,
28,base,attribute,suppression,0.3,17524.83203125,490691.1336669922,182.75274996908462,0.6049107313156128,
28,base,attribute,suppression,0.35,22716.59375,513407.7274169922,163.9232846158979,0.5861297845840454,
28,base,attribute,suppression,0.39999999999999997,19896.009765625,533303.7371826172,149.00914701945158,0.5055928230285645,
28,base,attribute,suppression,0.44999999999999996,42408.28515625,575712.0223388672,142.9630052989489,0.4352678656578064,
28,base,attribute,suppression,0.49999999999999994,38535.57421875,614247.5965576172,137.29271268610128,0.5190156698226929,
28,base,attribute,suppression,0.5499999999999999,36364.5234375,650612.1199951172,132.18450223387183,0.328125,
28,base,attribute,suppression,0.5999999999999999,25290.49609375,675902.6160888672,125.88985213053961,0.5950782895088196,
28,base,attribute,suppression,0.6499999999999999,43522.21484375,719424.8309326172,123.67626455778188,0.5491071939468384,
28,base,attribute,suppression,0.7,36728.7734375,756153.6043701172,120.694908917816,0.598214328289032,
28,base,attribute,suppression,0.7499999999999998,12805.2060546875,768958.8104248047,114.56478105256328,0.5749440789222717,
28,base,attribute,suppression,0.7999999999999998,19137.630859375,788096.4412841797,110.08471033442935,0.6308724880218506,
28,base,attribute,suppression,0.8499999999999999,26130.75,814227.1912841797,107.03657043304584,0.5245535969734192,
28,base,attribute,suppression,0.8999999999999999,26549.548828125,840776.7401123047,104.39244352027622,0.6196867823600769,
28,base,attribute,suppression,0.9499999999999997,18825.99609375,859602.7362060547,101.1059440374094,0.6272321939468384,
28,base,attribute,suppression,0.9999999999999998,8748.47265625,868351.2088623047,97.03332314921272,0.6107382774353027,
28,base,attribute,suppression,test,102588.4453125,868351.2088623047,34.37950580177614,0.6025469303131104,test
28,base,state,suppression,0.02,1035.1690673828125,1035.1690673828125,5.783067415546438,0.0,
28,base,state,suppression,0.04,53311.13671875,54346.30578613281,151.80532342495198,0.02793296054005623,
28,base,state,suppression,0.06,70018.2734375,124364.57922363281,231.59139520229573,0.07262569665908813,
28,base,state,suppression,0.08,95791.046875,220155.6260986328,307.4799247187609,0.016759775578975677,
28,base,state,suppression,0.1,80585.2578125,300740.8839111328,336.02333397891937,0.07821229100227356,
28,base,state,suppression,0.12000000000000001,72230.6875,372971.5714111328,347.27334395822425,0.05586592108011246,
28,base,state,suppression,0.13999999999999999,67941.5703125,440913.1417236328,352.167046105138,0.10674157738685608,
28,base,state,suppression,0.16,45488.33984375,486401.4815673828,339.66583908336787,0.06111111119389534,
28,base,state,suppression,0.18,48258.65625,534660.1378173828,331.88090491457655,0.08938547223806381,
28,base,state,suppression,0.2,42375.0234375,577035.1612548828,322.3660118742362,0.13966479897499084,
28,base,state,suppression,0.25,188694.390625,765729.5518798828,342.3019901117044,0.09619686752557755,
28,base,state,suppression,0.3,139622.828125,905352.3800048828,337.18896834446286,0.0602678582072258,
28,base,state,suppression,0.35,125042.9453125,1030395.3253173828,328.98956747042877,0.17673377692699432,
28,base,state,suppression,0.39999999999999997,90455.578125,1120850.9034423828,313.17432339826286,0.12527963519096375,
28,base,state,suppression,0.44999999999999996,125069.5703125,1245920.4737548828,309.3917242996977,0.125,
28,base,state,suppression,0.49999999999999994,95044.046875,1340964.5206298828,299.7238535158433,0.11185682564973831,
28,base,state,suppression,0.5499999999999999,90726.4375,1431690.9581298828,290.8758549634057,0.0736607164144516,
28,base,state,suppression,0.5999999999999999,89944.6953125,1521635.6534423828,283.4113714737163,0.14988814294338226,
28,base,state,suppression,0.6499999999999999,71306.8359375,1592942.4893798828,273.84261464326676,0.1071428656578064,
28,base,state,suppression,0.7,55496.2421875,1648438.7315673828,263.1187121416413,0.2745535969734192,
28,base,state,suppression,0.7499999999999998,60064.0625,1708502.7940673828,254.54451639859695,0.17225950956344604,
28,base,state,suppression,0.7999999999999998,55952.671875,1764455.4659423828,246.46675037608364,0.281879186630249,
28,base,state,suppression,0.8499999999999999,54195.52734375,1818650.9932861328,239.0759817649708,0.1919642984867096,
28,base,state,suppression,0.8999999999999999,66915.3203125,1885566.3135986328,234.11550951063234,0.12975391745567322,
28,base,state,suppression,0.9499999999999997,42216.9765625,1927783.2901611328,226.74468244661642,0.3370535969734192,
28,base,state,suppression,0.9999999999999998,47321.1796875,1975104.4698486328,220.70672363936,0.27293065190315247,
28,base,state,suppression,test,270492.4375,1975104.4698486328,90.64759969839142,0.22955764830112457,test
28,base,correctness_base,suppression,0.02,170.65185546875,170.65185546875,0.9533623210544693,0.3743016719818115,
28,base,correctness_base,suppression,0.04,38232.203125,38402.85498046875,107.27054463818087,0.7932960391044617,
28,base,correctness_base,suppression,0.06,37974.62890625,76377.48388671875,142.22995137191575,0.7877094745635986,
28,base,correctness_base,suppression,0.08,19685.412109375,96062.89599609375,134.16605586046614,0.8659217357635498,
28,base,correctness_base,suppression,0.1,2808.94580078125,98871.841796875,110.4713316166201,0.8435754179954529,
28,base,correctness_base,suppression,0.12000000000000001,3448.8427734375,102320.6845703125,95.27065602449953,0.8603351712226868,
28,base,correctness_base,suppression,0.13999999999999999,19888.046875,122208.7314453125,97.61080786366813,0.7359550595283508,
28,base,correctness_base,suppression,0.16,20995.8046875,143204.5361328125,100.00316769051152,0.8055555820465088,
28,base,correctness_base,suppression,0.18,26601.677734375,169806.2138671875,105.40422958857076,0.7932960391044617,
28,base,correctness_base,suppression,0.2,20810.59765625,190616.8115234375,106.48983883990921,0.832402229309082,
28,base,correctness_base,suppression,0.25,65341.671875,255958.4833984375,114.42042172482678,0.7762863636016846,
28,base,correctness_base,suppression,0.3,38823.06640625,294781.5498046875,109.78828670565642,0.8236607313156128,
28,base,correctness_base,suppression,0.35,77568.859375,372350.4091796875,118.88582668572398,0.1879194676876068,
28,base,correctness_base,suppression,0.39999999999999997,10686.98046875,383037.3896484375,107.02357911384115,0.46979865431785583,
28,base,correctness_base,suppression,0.44999999999999996,94860.2890625,477897.6787109375,118.67337440053079,0.8125000596046448,
28,base,correctness_base,suppression,0.49999999999999994,136605.90625,614503.5849609375,137.34992958447418,0.744966447353363,
28,base,correctness_base,suppression,0.5499999999999999,97972.7421875,712476.3271484375,144.75341876238065,0.7834821939468384,
28,base,correctness_base,suppression,0.5999999999999999,146056.609375,858532.9365234375,159.90555718447337,0.7941834330558777,
28,base,correctness_base,suppression,0.6499999999999999,155251.96875,1013784.9052734375,174.2796811541065,0.7901785969734192,
28,base,correctness_base,suppression,0.7,115092.1953125,1128877.1005859375,180.1878851693436,0.7767857313156128,
28,base,correctness_base,suppression,0.7499999999999998,101301.1171875,1230178.2177734375,183.28042577077437,0.8210290670394897,
28,base,correctness_base,suppression,0.7999999999999998,93946.1875,1324124.4052734375,184.95940847512747,0.1812080591917038,
28,base,correctness_base,suppression,0.8499999999999999,117282.0703125,1441406.4755859375,189.484221846449,0.1540178656578064,
28,base,correctness_base,suppression,0.8999999999999999,6213.62158203125,1447620.0971679688,179.73927205959384,0.6152125597000122,
28,base,correctness_base,suppression,0.9499999999999997,62695.09375,1510315.1909179688,177.64234190989987,0.7656250596046448,
28,base,correctness_base,suppression,0.9999999999999998,42262.69140625,1552577.8823242188,173.4917736422191,0.8008948564529419,
28,base,correctness_base,suppression,test,316568.59375,1552577.8823242188,106.08867082774799,0.7952412962913513,test
28,base,multitask_dual,suppression,0.02,2008.5081176757812,2008.5081176757812,11.220715741205481,0.016759776044636965,
28,base,multitask_dual,suppression,0.04,140688.375,142696.88311767578,398.59464558009995,0.053072623908519745,
28,base,multitask_dual,suppression,0.06,152189.5859375,294886.4690551758,549.1368138830089,0.14804469048976898,
28,base,multitask_dual,suppression,0.08,123421.41015625,418307.8792114258,584.2288815802036,0.11452513560652733,
28,base,multitask_dual,suppression,0.1,144193.640625,562501.5198364258,628.4933182529898,0.11173184216022491,
28,base,multitask_dual,suppression,0.12000000000000001,122260.55859375,684762.0784301758,637.5810786128266,0.17039105668663979,
28,base,multitask_dual,suppression,0.13999999999999999,117454.7578125,802216.8362426758,640.7482717593257,0.078651687130332,
28,base,multitask_dual,suppression,0.16,74811.8984375,877028.7346801758,612.4502337152065,0.26944445446133614,
28,base,multitask_dual,suppression,0.18,94626.4453125,971655.1799926758,603.1379143343736,0.17318434547632933,
28,base,multitask_dual,suppression,0.2,63514.78515625,1035169.9651489258,578.3072430999586,0.24860334396362305,
28,base,multitask_dual,suppression,0.25,175437.6015625,1210607.5667114258,541.1745939702395,0.2897091805934906,
28,base,multitask_dual,suppression,0.3,163954.28125,1374561.8479614258,511.9410979372163,0.2868303656578064,
28,base,multitask_dual,suppression,0.35,144361.44140625,1518923.2893676758,484.96912176490287,0.3187919370830059,
28,base,multitask_dual,suppression,0.39999999999999997,188063.52734375,1706986.8167114258,476.94518488723827,0.31767337024211884,
28,base,multitask_dual,suppression,0.44999999999999996,138999.53515625,1845986.3518676758,458.4023719562145,0.3649553582072258,
28,base,multitask_dual,suppression,0.49999999999999994,132954.228515625,1978940.5803833008,442.3202012479438,0.31991051882505417,
28,base,multitask_dual,suppression,0.5499999999999999,105059.318359375,2083999.8987426758,423.40509929757735,0.3437500074505806,
28,base,multitask_dual,suppression,0.5999999999999999,111908.29296875,2195908.191711426,408.997614399595,0.34675613790750504,
28,base,multitask_dual,suppression,0.6499999999999999,97229.365234375,2293137.556945801,394.2130921343993,0.2901785746216774,
28,base,multitask_dual,suppression,0.7,94984.1552734375,2388121.7122192383,381.1846308410596,0.3861607313156128,
28,base,multitask_dual,suppression,0.7499999999999998,102585.3671875,2490707.0794067383,371.08269955404324,0.3657718077301979,
28,base,multitask_dual,suppression,0.7999999999999998,88468.25,2579175.3294067383,360.27033515948295,0.41051455587148666,
28,base,multitask_dual,suppression,0.8499999999999999,80168.466796875,2659343.7962036133,349.59166507211955,0.3794642984867096,
28,base,multitask_dual,suppression,0.8999999999999999,63764.30615234375,2723108.102355957,338.10629530121145,0.45413871109485626,
28,base,multitask_dual,suppression,0.9499999999999997,53286.181640625,2776394.283996582,326.5577845208871,0.485491082072258,
28,base,multitask_dual,suppression,0.9999999999999998,74493.8203125,2850888.104309082,318.5705781996963,0.4049216955900192,
28,base,multitask_dual,suppression,test,276868.93359375,2850888.104309082,92.78449517216823,0.44353219866752625,test
28,base,multitask_triple_base,suppression,0.02,1818.6814575195312,1818.6814575195312,10.160231606254365,0.29050279160340625,
28,base,multitask_triple_base,suppression,0.04,144627.671875,146446.35333251953,409.0680260684903,0.11918062965075175,
28,base,multitask_triple_base,suppression,0.06,225255.16796875,371701.52130126953,692.1816039129786,0.1154562346637249,
28,base,multitask_triple_base,suppression,0.08,189869.6015625,561571.1228637695,784.3172107035888,0.39851022449632484,
28,base,multitask_triple_base,suppression,0.1,152235.203125,713806.3259887695,797.5489675852174,0.38547485570112866,
28,base,multitask_triple_base,suppression,0.12000000000000001,164538.609375,878344.9353637695,817.8258243610517,0.4040968244274457,
28,base,multitask_triple_base,suppression,0.13999999999999999,190414.2421875,1068759.1775512695,853.64151561603,0.35955055927236873,
28,base,multitask_triple_base,suppression,0.16,160632.1484375,1229391.3259887695,858.5134958022134,0.39444445197780925,
28,base,multitask_triple_base,suppression,0.18,135878.4609375,1365269.7869262695,847.467279283842,0.40037242074807483,
28,base,multitask_triple_base,suppression,0.2,128534.66015625,1493804.4470825195,834.5276240684467,0.3966480369369189,
28,base,multitask_triple_base,suppression,0.25,349452.90234375,1843257.3494262695,823.9862983577423,0.43027592202027637,
28,base,multitask_triple_base,suppression,0.3,223206.4921875,2066463.8416137695,769.6327156848304,0.4397321591774623,
28,base,multitask_triple_base,suppression,0.35,257389.2265625,2323853.0681762695,741.9709668506607,0.5123042638103167,
28,base,multitask_triple_base,suppression,0.39999999999999997,239298.0546875,2563151.1228637695,716.1640466230147,0.45413870612780255,
28,base,multitask_triple_base,suppression,0.44999999999999996,234398.5078125,2797549.6306762695,694.6981948538042,0.47321432332197827,
28,base,multitask_triple_base,suppression,0.49999999999999994,235848.4453125,3033398.0759887695,678.0058283390186,0.4899328847726186,
28,base,multitask_triple_base,suppression,0.5499999999999999,199291.00390625,3232689.0798950195,656.7836407750954,0.23735119899113974,
28,base,multitask_triple_base,suppression,0.5999999999999999,160955.08984375,3393644.1697387695,632.0812385432612,0.34153615931669873,
28,base,multitask_triple_base,suppression,0.6499999999999999,121607.2421875,3515251.4119262695,604.3065862001495,0.3444940646489461,
28,base,multitask_triple_base,suppression,0.7,216602.798828125,3731854.2107543945,595.6670727461125,0.5312500298023224,
28,base,multitask_triple_base,suppression,0.7499999999999998,149928.75,3881782.9607543945,578.3347676928478,0.5540641297896703,
28,base,multitask_triple_base,suppression,0.7999999999999998,130642.087890625,4012425.0486450195,560.4728381959799,0.4973900020122528,
28,base,multitask_triple_base,suppression,0.8499999999999999,97214.7861328125,4109639.834777832,540.2444899142674,0.5766369303067526,
28,base,multitask_triple_base,suppression,0.8999999999999999,172468.099609375,4282107.934387207,531.674687656718,0.5622669657071432,
28,base,multitask_triple_base,suppression,0.9499999999999997,222758.80078125,4504866.735168457,529.8596489259536,0.5483631243308386,
28,base,multitask_triple_base,suppression,0.9999999999999998,196709.841796875,4701576.576965332,525.3745197190001,0.4526472787062327,
28,base,multitask_triple_base,suppression,test,1154066.9296875,4701576.576965332,386.7516520400469,0.34841377039750415,test
28,instruct,attribute,suppression,0.02,786.3749389648438,786.3749389648438,4.393156083602479,0.016759775578975677,
28,instruct,attribute,suppression,0.04,84209.4296875,84995.80462646484,237.4184486772761,0.07821229100227356,
28,instruct,attribute,suppression,0.06,83659.8125,168655.61712646484,314.07005051483213,0.061452511698007584,
28,instruct,attribute,suppression,0.08,57519.9296875,226175.54681396484,315.8876352150347,0.20670390129089355,
28,instruct,attribute,suppression,0.1,42710.7265625,268886.27337646484,300.4315903647652,0.1955307275056839,
28,instruct,attribute,suppression,0.12000000000000001,48611.79296875,317498.06634521484,295.62203570317956,0.27374300360679626,
28,instruct,attribute,suppression,0.13999999999999999,38149.6328125,355647.69915771484,284.06365747421313,0.2584269642829895,
28,instruct,attribute,suppression,0.16,29470.1484375,385117.84759521484,268.9370444100662,0.4611111283302307,
28,instruct,attribute,suppression,0.18,12329.75390625,397447.60150146484,246.70862911326185,0.4525139629840851,
28,instruct,attribute,suppression,0.2,18066.3046875,415513.90618896484,232.1306738485837,0.44134077429771423,
28,instruct,attribute,suppression,0.25,37956.97265625,453470.87884521484,202.71384838856272,0.33557048439979553,
28,instruct,attribute,suppression,0.3,41792.234375,495263.11322021484,184.4555356499869,0.5491071939468384,
28,instruct,attribute,suppression,0.35,39264.19921875,534527.3124389648,170.66644713887766,0.3803131878376007,
28,instruct,attribute,suppression,0.39999999999999997,40134.59375,574661.9061889648,160.56493606844506,0.572706937789917,
28,instruct,attribute,suppression,0.44999999999999996,29955.435546875,604617.3417358398,150.1408844638291,0.4933035969734192,
28,instruct,attribute,suppression,0.49999999999999994,16581.208984375,621198.5507202148,138.8463457130565,0.5324384570121765,
28,instruct,attribute,suppression,0.5499999999999999,19091.166015625,640289.7167358398,130.08730531000404,0.5267857313156128,
28,instruct,attribute,suppression,0.5999999999999999,25501.205078125,665790.9218139648,124.00650434232908,0.5548098683357239,
28,instruct,attribute,suppression,0.6499999999999999,10986.3505859375,676777.2723999023,116.34472621624589,0.5401785969734192,
28,instruct,attribute,suppression,0.7,34047.90625,710825.1786499023,113.45972524340021,0.5848214626312256,
28,instruct,attribute,suppression,0.7499999999999998,12703.6162109375,723528.7948608398,107.7963043594815,0.6644295454025269,
28,instruct,attribute,suppression,0.7999999999999998,11592.4912109375,735121.2860717773,102.68491214859301,0.6331096291542053,
28,instruct,attribute,suppression,0.8499999999999999,13212.0849609375,748333.3710327148,98.37430932466344,0.5491071939468384,
28,instruct,attribute,suppression,0.8999999999999999,39160.17578125,787493.5468139648,97.77670062254344,0.536912739276886,
28,instruct,attribute,suppression,0.9499999999999997,14464.837890625,801958.3847045898,94.32585094149492,0.609375,
28,instruct,attribute,suppression,0.9999999999999998,24118.96484375,826077.3495483398,92.3094591069773,0.501118540763855,
28,instruct,attribute,suppression,test,158334.59375,826077.3495483398,53.0611909349866,0.5321716070175171,test
28,instruct,state,suppression,0.02,869.587158203125,869.587158203125,4.858028816777234,0.03910614550113678,
28,instruct,state,suppression,0.04,54349.3671875,55218.954345703125,154.2428892338076,0.044692736119031906,
28,instruct,state,suppression,0.06,77145.7109375,132364.66528320312,246.4891346055924,0.07262569665908813,
28,instruct,state,suppression,0.08,78270.78125,210635.44653320312,294.1835845435798,0.033519551157951355,
28,instruct,state,suppression,0.1,70157.40625,280792.8527832031,313.7350310426851,0.07821229100227356,
28,instruct,state,suppression,0.12000000000000001,82607.65625,363400.5090332031,338.3617402543791,0.016759775578975677,
28,instruct,state,suppression,0.13999999999999999,65895.984375,429296.4934082031,342.8885730097469,0.05056179687380791,
28,instruct,state,suppression,0.16,48805.37109375,478101.8645019531,333.87001711030246,0.04444444552063942,
28,instruct,state,suppression,0.18,49513.578125,527615.4426269531,327.50803390872323,0.12290502339601517,
28,instruct,state,suppression,0.2,61096.30859375,588711.7512207031,328.88924649201294,0.18435753881931305,
28,instruct,state,suppression,0.25,133734.28125,722446.0324707031,322.9530766520801,0.19686800241470337,
28,instruct,state,suppression,0.3,92892.515625,815338.5480957031,303.6642637227945,0.1428571492433548,
28,instruct,state,suppression,0.35,117266.8828125,932605.4309082031,297.7667403921466,0.11633110046386719,
28,instruct,state,suppression,0.39999999999999997,90109.2890625,1022714.7199707031,285.754322428249,0.1633109599351883,
28,instruct,state,suppression,0.44999999999999996,76952.5546875,1099667.2746582031,273.07357205319175,0.1116071492433548,
28,instruct,state,suppression,0.49999999999999994,80270.265625,1179937.5402832031,263.7321279130986,0.1700223684310913,
28,instruct,state,suppression,0.5499999999999999,64017.98046875,1243955.5207519531,252.7337506606975,0.1160714328289032,
28,instruct,state,suppression,0.5999999999999999,62158.828125,1306114.3488769531,243.26957513074188,0.18344518542289734,
28,instruct,state,suppression,0.6499999999999999,68027.9453125,1374142.2941894531,236.22869076662423,0.1316964328289032,
28,instruct,state,suppression,0.7,54438.515625,1428580.8098144531,228.02566796719125,0.212053582072258,
28,instruct,state,suppression,0.7499999999999998,42277.328125,1470858.1379394531,219.138578358083,0.2639821171760559,
28,instruct,state,suppression,0.7999999999999998,32258.06640625,1503116.2043457031,209.96175504200352,0.33557048439979553,
28,instruct,state,suppression,0.8499999999999999,56182.09765625,1559298.3020019531,204.9820299726506,0.243303582072258,
28,instruct,state,suppression,0.8999999999999999,36729.72265625,1596028.0246582031,198.16588336953106,0.21923936903476715,
28,instruct,state,suppression,0.9499999999999997,39758.25,1635786.2746582031,192.40017344838898,0.1941964328289032,
28,instruct,state,suppression,0.9999999999999998,31465.529296875,1667251.8039550781,186.30593406582614,0.3154362440109253,
28,instruct,state,suppression,test,350054.6875,1667251.8039550781,117.31055211126005,0.18498660624027252,test
28,instruct,correctness_instruct,suppression,0.02,585.7802124023438,585.7802124023438,3.272515153085719,0.3854748606681824,
28,instruct,correctness_instruct,suppression,0.04,11323.470703125,11909.250915527344,33.26606400985292,0.6480446457862854,
28,instruct,correctness_instruct,suppression,0.06,42893.0859375,54802.336853027344,102.05276881383118,0.6703910231590271,
28,instruct,correctness_instruct,suppression,0.08,2928.738037109375,57731.07489013672,80.62999286331944,0.6201117038726807,
28,instruct,correctness_instruct,suppression,0.1,39652.671875,97383.74676513672,108.80865560350472,0.6089385151863098,
28,instruct,correctness_instruct,suppression,0.12000000000000001,66819.09375,164202.84051513672,152.88905075897273,0.5810055732727051,
28,instruct,correctness_instruct,suppression,0.13999999999999999,71646.5078125,235849.34832763672,188.37807374411878,0.6685393452644348,
28,instruct,correctness_instruct,suppression,0.16,79167.78125,315017.1295776367,219.9840290346625,0.3888888955116272,
28,instruct,correctness_instruct,suppression,0.18,52845.80859375,367862.9381713867,228.3444681386634,0.40223461389541626,
28,instruct,correctness_instruct,suppression,0.2,12957.95703125,380820.8952026367,212.74910346516018,0.41899439692497253,
28,instruct,correctness_instruct,suppression,0.25,34031.43359375,414852.3287963867,185.45030344049474,0.3467561602592468,
28,instruct,correctness_instruct,suppression,0.3,7399.1279296875,422251.4567260742,157.26311237470176,0.59375,
28,instruct,correctness_instruct,suppression,0.35,148356.5,570607.9567260742,182.18644850768652,0.6353467702865601,
28,instruct,correctness_instruct,suppression,0.39999999999999997,24732.234375,595340.1911010742,166.3426071810769,0.3758389353752136,
28,instruct,correctness_instruct,suppression,0.44999999999999996,7861.98046875,603202.1715698242,149.78946401038596,0.4933035969734192,
28,instruct,correctness_instruct,suppression,0.49999999999999994,138769.171875,741971.3434448242,165.84071154332236,0.3691275119781494,
28,instruct,correctness_instruct,suppression,0.5499999999999999,49205.01953125,791176.3629760742,160.74286123040923,0.6160714626312256,
28,instruct,correctness_instruct,suppression,0.5999999999999999,93357.5859375,884533.9489135742,164.74836075872122,0.6554809808731079,
28,instruct,correctness_instruct,suppression,0.6499999999999999,162150.609375,1046684.5582885742,179.93545784572362,0.6361607313156128,
28,instruct,correctness_instruct,suppression,0.7,71624.1796875,1118308.7379760742,178.50099568652422,0.6428571939468384,
28,instruct,correctness_instruct,suppression,0.7499999999999998,146473.984375,1264782.7223510742,188.4360432585033,0.5973154306411743,
28,instruct,correctness_instruct,suppression,0.7999999999999998,67389.0859375,1332171.8082885742,186.08350444036518,0.33557048439979553,
28,instruct,correctness_instruct,suppression,0.8499999999999999,26523.02734375,1358694.8356323242,178.61112601976131,0.6383928656578064,
28,instruct,correctness_instruct,suppression,0.8999999999999999,65268.46875,1423963.3043823242,176.80199955082247,0.6308724880218506,
28,instruct,correctness_instruct,suppression,0.9499999999999997,186836.46875,1610799.7731323242,189.46127653873492,0.3794642984867096,
28,instruct,correctness_instruct,suppression,0.9999999999999998,68820.2734375,1679620.0465698242,187.68801503741471,0.3870246112346649,
28,instruct,correctness_instruct,suppression,test,141056.15625,1679620.0465698242,47.2708298424933,0.6146112680435181,test
28,instruct,multitask_dual,suppression,0.02,1966.0049438476562,1966.0049438476562,10.983267842724336,0.06703910417854786,
28,instruct,multitask_dual,suppression,0.04,131810.29296875,133776.29791259766,373.6768098117253,0.06145251356065273,
28,instruct,multitask_dual,suppression,0.06,154014.0390625,287790.33697509766,535.9224152236455,0.12011172622442245,
28,instruct,multitask_dual,suppression,0.08,140030.08984375,427820.42681884766,597.514562596156,0.14525139145553112,
28,instruct,multitask_dual,suppression,0.1,125445.77734375,553266.2041625977,618.1745297906119,0.22625698149204254,
28,instruct,multitask_dual,suppression,0.12000000000000001,85684.89453125,638951.0986938477,594.9265350966924,0.17597764171659946,
28,instruct,multitask_dual,suppression,0.13999999999999999,84533.330078125,723484.4287719727,577.8629622779334,0.18820224329829216,
28,instruct,multitask_dual,suppression,0.16,89999.16015625,813483.5889282227,568.0751319331164,0.22222222574055195,
28,instruct,multitask_dual,suppression,0.18,75855.505859375,889339.0947875977,552.0416479128477,0.18994413316249847,
28,instruct,multitask_dual,suppression,0.2,52362.6396484375,941701.7344360352,526.0903544335392,0.23463686555624008,
28,instruct,multitask_dual,suppression,0.25,141820.890625,1083522.6250610352,484.36415961601926,0.34116330742836,
28,instruct,multitask_dual,suppression,0.3,105945.162109375,1189467.7871704102,443.0047624470801,0.4051339402794838,
28,instruct,multitask_dual,suppression,0.35,98391.833984375,1287859.6211547852,411.19400420012295,0.41163312643766403,
28,instruct,multitask_dual,suppression,0.39999999999999997,125480.7421875,1413340.3633422852,394.8981177262602,0.3724832087755203,
28,instruct,multitask_dual,suppression,0.44999999999999996,108213.6884765625,1521554.0518188477,377.83810574096043,0.3203125149011612,
28,instruct,multitask_dual,suppression,0.49999999999999994,95384.94921875,1616939.0010375977,361.4079126145726,0.2539149932563305,
28,instruct,multitask_dual,suppression,0.5499999999999999,90735.546875,1707674.5479125977,346.94728726383534,0.331473246216774,
28,instruct,multitask_dual,suppression,0.5999999999999999,80452.587890625,1788127.1358032227,333.0465888998366,0.3847874701023102,
28,instruct,multitask_dual,suppression,0.6499999999999999,68659.6015625,1856786.7373657227,319.20005799651415,0.3113839402794838,
28,instruct,multitask_dual,suppression,0.7,96647.1328125,1953433.8701782227,311.8010965966836,0.356026791036129,
28,instruct,multitask_dual,suppression,0.7499999999999998,90655.6484375,2044089.5186157227,304.54253853035203,0.3937360346317291,
28,instruct,multitask_dual,suppression,0.7999999999999998,89490.08203125,2133579.6006469727,298.02760171071,0.4172259569168091,
28,instruct,multitask_dual,suppression,0.8499999999999999,59253.498046875,2192833.0986938477,288.26516349334133,0.4654017984867096,
28,instruct,multitask_dual,suppression,0.8999999999999999,90780.421875,2283613.5205688477,283.53780985458746,0.39261745661497116,
28,instruct,multitask_dual,suppression,0.9499999999999997,48065.5263671875,2331679.046936035,274.25065242719774,0.4654018133878708,
28,instruct,multitask_dual,suppression,0.9999999999999998,61922.6162109375,2393601.6631469727,267.4714116825313,0.37919462472200394,
28,instruct,multitask_dual,suppression,test,615477.0625,2393601.6631469727,206.25906920241286,0.41772789508104324,test
28,instruct,multitask_triple_instruct,suppression,0.02,2341.6669006347656,2341.6669006347656,13.081937992372993,0.21601489714036384,
28,instruct,multitask_triple_instruct,suppression,0.04,137633.0087890625,139974.67568969727,390.9907142170315,0.2700186036527157,
28,instruct,multitask_triple_instruct,suppression,0.06,170973.79296875,310948.46865844727,579.0474276693618,0.2886405810713768,
28,instruct,multitask_triple_instruct,suppression,0.08,206710.078125,517658.54678344727,722.9867971835856,0.23836125681797662,
28,instruct,multitask_triple_instruct,suppression,0.1,222152.89453125,739811.4413146973,826.6049623627903,0.32216013222932816,
28,instruct,multitask_triple_instruct,suppression,0.12000000000000001,142148.6953125,881960.1366271973,821.1919335448764,0.2569832280278206,
28,instruct,multitask_triple_instruct,suppression,0.13999999999999999,91857.5,973817.6366271973,777.8096139194867,0.34269663877785206,
28,instruct,multitask_triple_instruct,suppression,0.16,138680.59765625,1112498.2342834473,776.8842418180498,0.37222222487131756,
28,instruct,multitask_triple_instruct,suppression,0.18,90440.001953125,1202938.2362365723,746.7028157893062,0.30353816598653793,
28,instruct,multitask_triple_instruct,suppression,0.2,87238.66650390625,1290176.9027404785,720.7692194080886,0.3798882548386852,
28,instruct,multitask_triple_instruct,suppression,0.25,155774.892578125,1445951.7953186035,646.3798816801983,0.41237881779670715,
28,instruct,multitask_triple_instruct,suppression,0.3,219881.4453125,1665833.2406311035,620.4220635497592,0.4441964427630107,
28,instruct,multitask_triple_instruct,suppression,0.35,235626.69921875,1901459.9398498535,607.107260488459,0.41759881377220154,
28,instruct,multitask_triple_instruct,suppression,0.39999999999999997,238875.919921875,2140335.8597717285,598.0262251387898,0.41387026011943817,
28,instruct,multitask_triple_instruct,suppression,0.44999999999999996,290898.4580078125,2431234.317779541,603.7333791357191,0.4159226367870967,
28,instruct,multitask_triple_instruct,suppression,0.49999999999999994,274437.73828125,2705672.056060791,604.7545945598549,0.3504847039779027,
28,instruct,multitask_triple_instruct,suppression,0.5499999999999999,120097.375,2825769.431060791,574.1100022472148,0.4702381044626236,
28,instruct,multitask_triple_instruct,suppression,0.5999999999999999,272503.099609375,3098272.530670166,577.0669641777176,0.48918717602888745,
28,instruct,multitask_triple_instruct,suppression,0.6499999999999999,284512.8828125,3382785.413482666,581.5343671106526,0.3541666815678279,
28,instruct,multitask_triple_instruct,suppression,0.7,234005.359375,3616790.772857666,577.3010012542164,0.3504464477300644,
28,instruct,multitask_triple_instruct,suppression,0.7499999999999998,102801.876953125,3719592.649810791,554.1705378144802,0.4041759818792343,
28,instruct,multitask_triple_instruct,suppression,0.7999999999999998,61463.0302734375,3781055.6800842285,528.1541667948356,0.5018642793099085,
28,instruct,multitask_triple_instruct,suppression,0.8499999999999999,197305.2509765625,3978360.931060791,522.9868451506233,0.4910714427630107,
28,instruct,multitask_triple_instruct,suppression,0.8999999999999999,189707.21875,4168068.149810791,517.5152905153701,0.4153616726398468,
28,instruct,multitask_triple_instruct,suppression,0.9499999999999997,69983.078125,4238051.227935791,498.47697341046705,0.5014881094296774,
28,instruct,multitask_triple_instruct,suppression,0.9999999999999998,86770.62890625,4324821.856842041,483.2743163305443,0.45339299738407135,
28,instruct,multitask_triple_instruct,suppression,test,1799883.59375,4324821.856842041,603.1781480395442,0.46470064918200177,test
28,base,attribute,enhancement,0.02,806.2900390625,806.2900390625,4.504413626047486,0.13407820463180542,
28,base,attribute,enhancement,0.04,99783.9765625,100590.2666015625,280.19572869516014,0.06111111119389534,
28,base,attribute,enhancement,0.06,77044.1640625,177634.4306640625,330.17552168041357,0.18994413316249847,
28,base,attribute,enhancement,0.08,39462.375,217096.8056640625,302.363239086438,0.20555555820465088,
28,base,attribute,enhancement,0.1,79340.3046875,296437.1103515625,330.47615423808526,0.10614524781703949,
28,base,attribute,enhancement,0.12000000000000001,34269.61328125,330706.7236328125,307.06288173891596,0.41111111640930176,
28,base,attribute,enhancement,0.13999999999999999,72700.09375,403406.8173828125,321.1837718016023,0.16759775578975677,
28,base,attribute,enhancement,0.16,28630.39453125,432037.2119140625,300.8615681852803,0.20555555820465088,
28,base,attribute,enhancement,0.18,19797.28125,451834.4931640625,279.7736799777477,0.46927371621131897,
28,base,attribute,enhancement,0.2,12715.8037109375,464550.296875,258.80239380222844,0.46666666865348816,
28,base,attribute,enhancement,0.25,47050.21484375,511600.51171875,227.98596778910428,0.24276170134544373,
28,base,attribute,enhancement,0.3,37286.47265625,548886.984375,203.81989765131823,0.5100222826004028,
28,base,attribute,enhancement,0.35,31058.126953125,579945.111328125,184.63709370522923,0.5647321939468384,
28,base,attribute,enhancement,0.39999999999999997,29809.560546875,609754.671875,169.84809801532035,0.5100222826004028,
28,base,attribute,enhancement,0.44999999999999996,30857.326171875,640611.998046875,158.60658530499504,0.4654788672924042,
28,base,attribute,enhancement,0.49999999999999994,41345.8125,681957.810546875,151.9513838116923,0.3741648197174072,
28,base,attribute,enhancement,0.5499999999999999,33280.2890625,715238.099609375,144.87301997354163,0.6035634875297546,
28,base,attribute,enhancement,0.5999999999999999,40303.02734375,755541.126953125,140.27870905182417,0.5233852863311768,
28,base,attribute,enhancement,0.6499999999999999,33169.99609375,788711.123046875,135.16900137907027,0.6458797454833984,
28,base,attribute,enhancement,0.7,21905.611328125,810616.734375,129.01746528330415,0.640625,
28,base,attribute,enhancement,0.7499999999999998,45011.44921875,855628.18359375,127.09866066454991,0.5011135935783386,
28,base,attribute,enhancement,0.7999999999999998,14947.3466796875,870575.5302734375,121.23318900897333,0.7260579466819763,
28,base,attribute,enhancement,0.8499999999999999,20272.3046875,890847.8349609375,116.75594167246888,0.5746102333068848,
28,base,attribute,enhancement,0.8999999999999999,18825.775390625,909673.6103515625,112.59730292753589,0.6146993637084961,
28,base,attribute,enhancement,0.9499999999999997,35031.796875,944705.4072265625,110.77690047215789,0.3429844081401825,
28,base,attribute,enhancement,0.9999999999999998,10292.9755859375,954998.3828125,106.39465049158868,0.520089328289032,
28,base,attribute,enhancement,test,122262.1875,954998.3828125,40.84937771466756,0.5055128931999207,test
28,base,state,enhancement,0.02,1069.4443359375,1069.4443359375,5.97454936277933,0.0,
28,base,state,enhancement,0.04,71992.8984375,73062.3427734375,203.5162751349234,0.02222222276031971,
28,base,state,enhancement,0.06,78691.7109375,151754.0537109375,282.07073180471656,0.022346368059515953,
28,base,state,enhancement,0.08,97301.7578125,249055.8115234375,346.87438930840875,0.06666667014360428,
28,base,state,enhancement,0.1,83431.734375,332487.5458984375,370.6661604218924,0.07262569665908813,
28,base,state,enhancement,0.12000000000000001,80374.5234375,412862.0693359375,383.3445397733867,0.0555555559694767,
28,base,state,enhancement,0.13999999999999999,79410.484375,492272.5537109375,391.93674658514135,0.08379887789487839,
28,base,state,enhancement,0.16,83421.7890625,575694.3427734375,400.90135290629354,0.0555555559694767,
28,base,state,enhancement,0.18,62870.0859375,638564.4287109375,395.3959310903638,0.061452511698007584,
28,base,state,enhancement,0.2,53499.05859375,692063.4873046875,385.5506893062326,0.12222222238779068,
28,base,state,enhancement,0.25,108706.78125,800770.2685546875,356.84949579085895,0.07349666208028793,
28,base,state,enhancement,0.3,120582.84375,921353.1123046875,342.1288942832111,0.14476615190505981,
28,base,state,enhancement,0.35,86778.28125,1008131.3935546875,320.9587372030205,0.1116071492433548,
28,base,state,enhancement,0.39999999999999997,120429.9453125,1128561.3388671875,314.3624899351497,0.09576837718486786,
28,base,state,enhancement,0.44999999999999996,117832.6171875,1246393.9560546875,308.58973905785774,0.1314031183719635,
28,base,state,enhancement,0.49999999999999994,83655.9375,1330049.8935546875,296.3569281538965,0.1314031183719635,
28,base,state,enhancement,0.5499999999999999,92531.5859375,1422581.4794921875,288.1469474361328,0.1737193763256073,
28,base,state,enhancement,0.5999999999999999,69931.0546875,1492512.5341796875,277.10964243960035,0.18485523760318756,
28,base,state,enhancement,0.6499999999999999,98648.296875,1591160.8310546875,272.69251603336545,0.10244989395141602,
28,base,state,enhancement,0.7,109211.0078125,1700371.8388671875,270.6305648364137,0.0758928582072258,
28,base,state,enhancement,0.7499999999999998,94226.53125,1794598.3701171875,266.5772979972055,0.11358574777841568,
28,base,state,enhancement,0.7999999999999998,99993.3984375,1894591.7685546875,263.83397417555875,0.11135857552289963,
28,base,state,enhancement,0.8499999999999999,76011.234375,1970603.0029296875,258.2703804626065,0.17149220407009125,
28,base,state,enhancement,0.8999999999999999,63073.15234375,2033676.1552734375,251.72374740356943,0.12917594611644745,
28,base,state,enhancement,0.9499999999999997,48878.3203125,2082554.4755859375,244.20197884450488,0.18930958211421967,
28,base,state,enhancement,0.9999999999999998,38241.41796875,2120795.8935546875,236.27405231224236,0.1897321492433548,
28,base,state,enhancement,test,418049.84375,2120795.8935546875,139.67585825258936,0.19244904816150665,test
28,base,correctness_base,enhancement,0.02,247.97479248046875,247.97479248046875,1.385334036203736,0.6033519506454468,
28,base,correctness_base,enhancement,0.04,15045.16796875,15293.142761230469,42.599283457466484,0.6111111044883728,
28,base,correctness_base,enhancement,0.06,26973.1875,42266.33026123047,78.56195215842095,0.6089385151863098,
28,base,correctness_base,enhancement,0.08,30022.794921875,72289.12518310547,100.6812328455508,0.4444444477558136,
28,base,correctness_base,enhancement,0.1,15707.935546875,87997.06072998047,98.10151697879651,0.37988826632499695,
28,base,correctness_base,enhancement,0.12000000000000001,3289.337158203125,91286.3978881836,84.75988661855487,0.5222222208976746,
28,base,correctness_base,enhancement,0.13999999999999999,94823.59375,186109.9916381836,148.17674493485956,0.5363128185272217,
28,base,correctness_base,enhancement,0.16,81697.0546875,267807.0463256836,186.49515760841476,0.6055555939674377,
28,base,correctness_base,enhancement,0.18,75271.0625,343078.1088256836,212.43226552673906,0.6089385151863098,
28,base,correctness_base,enhancement,0.2,100834.796875,443912.9057006836,247.30523994467052,0.5277777910232544,
28,base,correctness_base,enhancement,0.25,181303.28125,625216.1869506836,278.6168391045827,0.5902004837989807,
28,base,correctness_base,enhancement,0.3,51741.83984375,676958.0267944336,251.3769130317243,0.37861916422843933,
28,base,correctness_base,enhancement,0.35,53322.29296875,730280.3197631836,232.49930587812275,0.4107142984867096,
28,base,correctness_base,enhancement,0.39999999999999997,127808.296875,858088.6166381836,239.02189878500937,0.35412028431892395,
28,base,correctness_base,enhancement,0.44999999999999996,111417.5078125,969506.1244506836,240.036178373529,0.46325168013572693,
28,base,correctness_base,enhancement,0.49999999999999994,153869.640625,1123375.7650756836,250.30654302042862,0.5501113533973694,
28,base,correctness_base,enhancement,0.5499999999999999,110834.8046875,1234210.5697631836,249.9920133204747,0.583518922328949,
28,base,correctness_base,enhancement,0.5999999999999999,100886.5546875,1335097.1244506836,247.88286751776525,0.5924276113510132,
28,base,correctness_base,enhancement,0.6499999999999999,16051.3232421875,1351148.447692871,231.55928837924097,0.576837420463562,
28,base,correctness_base,enhancement,0.7,23375.755859375,1374524.203552246,218.76877344457205,0.59375,
28,base,correctness_base,enhancement,0.7499999999999998,30893.458984375,1405417.662536621,208.76673537382965,0.5679287314414978,
28,base,correctness_base,enhancement,0.7999999999999998,33905.71875,1439323.381286621,200.43495074315848,0.6213808655738831,
28,base,correctness_base,enhancement,0.8499999999999999,16646.513671875,1455969.894958496,190.8217424585185,0.6146993637084961,
28,base,correctness_base,enhancement,0.8999999999999999,8665.3388671875,1464635.2338256836,181.28917363852997,0.5590200424194336,
28,base,correctness_base,enhancement,0.9499999999999997,196693.5625,1661328.7963256836,194.8087237717734,0.5790646076202393,
28,base,correctness_base,enhancement,0.9999999999999998,133957.6875,1795286.4838256836,200.00963500731768,0.4285714626312256,
28,base,correctness_base,enhancement,test,172348.46875,1795286.4838256836,57.583851904443705,0.5763447880744934,test
28,base,multitask_dual,enhancement,0.02,1666.343017578125,1666.343017578125,9.309178869151536,0.044692736119031906,
28,base,multitask_dual,enhancement,0.04,127966.1875,129632.53051757812,361.0933997704126,0.09444444719702005,
28,base,multitask_dual,enhancement,0.06,163290.9921875,292923.5227050781,544.4675143217065,0.05307262297719717,
28,base,multitask_dual,enhancement,0.08,151297.21484375,444220.7375488281,618.691835026223,0.158333333209157,
28,base,multitask_dual,enhancement,0.1,97548.25390625,541768.9914550781,603.9788087570548,0.18715082854032516,
28,base,multitask_dual,enhancement,0.12000000000000001,110934.8125,652703.8039550781,606.0388151857736,0.11666666902601719,
28,base,multitask_dual,enhancement,0.13999999999999999,94027.51171875,746731.3156738281,594.5313022880797,0.22346367686986923,
28,base,multitask_dual,enhancement,0.16,110289.59765625,857020.9133300781,596.8112209819485,0.1527777798473835,
28,base,multitask_dual,enhancement,0.18,104983.4765625,962004.3898925781,595.6683528746614,0.1648044679313898,
28,base,multitask_dual,enhancement,0.2,56390.7646484375,1018395.1545410156,567.3510610256354,0.31111112236976624,
28,base,multitask_dual,enhancement,0.25,134314.94140625,1152710.0959472656,513.6854260014553,0.32182629965245724,
28,base,multitask_dual,enhancement,0.3,185568.265625,1338278.3615722656,496.9470336324789,0.24498886987566948,
28,base,multitask_dual,enhancement,0.35,154965.34375,1493243.7053222656,475.4039176447837,0.1439732201397419,
28,base,multitask_dual,enhancement,0.39999999999999997,127805.46875,1621049.1740722656,451.54573093934977,0.25278397276997566,
28,base,multitask_dual,enhancement,0.44999999999999996,145088.2265625,1766137.4006347656,437.270958315119,0.2962138131260872,
28,base,multitask_dual,enhancement,0.49999999999999994,139853.28125,1905990.6818847656,424.68598081211354,0.3184855356812477,
28,base,multitask_dual,enhancement,0.5499999999999999,102942.0,2008932.6818847656,406.91364834611414,0.30734967440366745,
28,base,multitask_dual,enhancement,0.5999999999999999,102660.8203125,2111593.5021972656,392.05226553978196,0.3563474416732788,
28,base,multitask_dual,enhancement,0.6499999999999999,108663.1640625,2220256.6662597656,380.5067122981603,0.33296213671565056,
28,base,multitask_dual,enhancement,0.7,110221.7236328125,2330478.389892578,370.9180948420465,0.329241082072258,
28,base,multitask_dual,enhancement,0.7499999999999998,113425.90234375,2443904.292236328,363.0279697320749,0.2917594760656357,
28,base,multitask_dual,enhancement,0.7999999999999998,106126.01953125,2550030.311767578,355.10796710313025,0.28619154542684555,
28,base,multitask_dual,enhancement,0.8499999999999999,111345.345703125,2661375.657470703,348.8041490787291,0.3095768429338932,
28,base,multitask_dual,enhancement,0.8999999999999999,117375.740234375,2778751.397705078,343.94744370653274,0.3730512410402298,
28,base,multitask_dual,enhancement,0.9499999999999997,83688.900390625,2862440.298095703,335.65200493617533,0.3608017787337303,
28,base,multitask_dual,enhancement,0.9999999999999998,96027.275390625,2958467.573486328,329.5975460657674,0.350446455180645,
28,base,multitask_dual,enhancement,test,537659.4765625,2958467.573486328,179.63898314817908,0.3745405972003937,test
28,base,multitask_triple_base,enhancement,0.02,2299.8934020996094,2299.8934020996094,12.84856649217659,0.17318434935684004,
28,base,multitask_triple_base,enhancement,0.04,171516.44140625,173816.3348083496,484.1680635330073,0.15925926280518374,
28,base,multitask_triple_base,enhancement,0.06,191446.875,365263.2098083496,678.9278992720253,0.17504655321439108,
28,base,multitask_triple_base,enhancement,0.08,190212.791015625,555476.0008239746,773.6434551865941,0.20185185503214598,
28,base,multitask_triple_base,enhancement,0.1,124881.67578125,680357.6766052246,758.481244821878,0.1694599613547325,
28,base,multitask_triple_base,enhancement,0.12000000000000001,108676.8671875,789034.5437927246,732.6226033358631,0.2740740878507495,
28,base,multitask_triple_base,enhancement,0.13999999999999999,150004.328125,939038.8719177246,747.642413947233,0.2811918059984843,
28,base,multitask_triple_base,enhancement,0.16,116114.962890625,1055153.8348083496,734.7867930420261,0.2666666731238365,
28,base,multitask_triple_base,enhancement,0.18,118484.70703125,1173638.5418395996,726.7111714177088,0.24953445171316466,
28,base,multitask_triple_base,enhancement,0.2,127946.40234375,1301584.9441833496,725.116960547827,0.31481482709447545,
28,base,multitask_triple_base,enhancement,0.25,204389.49609375,1505974.4402770996,671.1116044015596,0.29621382306019467,
28,base,multitask_triple_base,enhancement,0.3,285658.44921875,1791632.8894958496,665.2925694377459,0.34075724333524704,
28,base,multitask_triple_base,enhancement,0.35,174155.0146484375,1965787.904144287,625.8477886482926,0.3355654949943225,
28,base,multitask_triple_base,enhancement,0.39999999999999997,192693.107421875,2158481.011566162,601.248192636814,0.4194506381948789,
28,base,multitask_triple_base,enhancement,0.44999999999999996,276437.9140625,2434918.925628662,602.851925137079,0.35412028059363365,
28,base,multitask_triple_base,enhancement,0.49999999999999994,140237.88720703125,2575156.8128356934,573.7871686354041,0.4461767127116521,
28,base,multitask_triple_base,enhancement,0.5499999999999999,246797.552734375,2821954.3655700684,571.5929442110732,0.4239049702882767,
28,base,multitask_triple_base,enhancement,0.5999999999999999,246690.94921875,3068645.3147888184,569.7447669492793,0.3904974088072777,
28,base,multitask_triple_base,enhancement,0.6499999999999999,233634.837890625,3302280.1526794434,565.94347089622,0.42093543459971744,
28,base,multitask_triple_base,enhancement,0.7,192213.177734375,3494493.3304138184,556.1822903730413,0.4285714477300644,
28,base,multitask_triple_base,enhancement,0.7499999999999998,131214.427734375,3625707.7581481934,538.5780983583174,0.4417223483324051,
28,base,multitask_triple_base,enhancement,0.7999999999999998,151107.974609375,3776815.7327575684,525.945652800107,0.39643654227256775,
28,base,multitask_triple_base,enhancement,0.8499999999999999,144223.5703125,3921039.3030700684,513.8976806120667,0.40608760714530945,
28,base,multitask_triple_base,enhancement,0.8999999999999999,87317.080078125,4008356.3831481934,496.14511488404423,0.40534521639347076,
28,base,multitask_triple_base,enhancement,0.9499999999999997,172256.29296875,4180612.6761169434,490.22193669288737,0.47438755134741467,
28,base,multitask_triple_base,enhancement,0.9999999999999998,123679.607421875,4304292.283538818,479.5334540484423,0.4375000099341075,
28,base,multitask_triple_base,enhancement,test,670316.4609375,4304292.283538818,223.96139690527897,0.41251809398333233,test
28,instruct,attribute,enhancement,0.02,992.8847045898438,992.8847045898438,5.546841925082926,0.05586592108011246,
28,instruct,attribute,enhancement,0.04,102027.5859375,103020.47064208984,286.9650992815873,0.04444444552063942,
28,instruct,attribute,enhancement,0.06,83237.2734375,186257.74407958984,346.20398527804804,0.1508379876613617,
28,instruct,attribute,enhancement,0.08,89029.046875,275286.79095458984,383.40778684483263,0.1111111119389534,
28,instruct,attribute,enhancement,0.1,44543.1640625,319829.95501708984,356.55513379831643,0.2625698149204254,
28,instruct,attribute,enhancement,0.12000000000000001,43756.51171875,363586.46673583984,337.59189111962843,0.3055555522441864,
28,instruct,attribute,enhancement,0.13999999999999999,18768.111328125,382354.57806396484,304.4224347643032,0.3072625696659088,
28,instruct,attribute,enhancement,0.16,18435.96484375,400790.54290771484,279.10204937863153,0.37222224473953247,
28,instruct,attribute,enhancement,0.18,25204.853515625,425995.39642333984,263.77423927141785,0.29608938097953796,
28,instruct,attribute,enhancement,0.2,32944.58984375,458939.98626708984,255.6768725721949,0.3166666626930237,
28,instruct,attribute,enhancement,0.25,51236.2109375,510176.19720458984,227.35124652610955,0.4409799575805664,
28,instruct,attribute,enhancement,0.3,43567.5859375,553743.7831420898,205.6233877245042,0.4788418710231781,
28,instruct,attribute,enhancement,0.35,18852.693359375,572596.4765014648,182.2975092331948,0.5089285969734192,
28,instruct,attribute,enhancement,0.39999999999999997,17918.361328125,590514.8378295898,164.48881276590245,0.6146993637084961,
28,instruct,attribute,enhancement,0.44999999999999996,26971.08203125,617485.9198608398,152.880891275276,0.44766148924827576,
28,instruct,attribute,enhancement,0.49999999999999994,16855.74609375,634341.6659545898,141.34172592571076,0.5612472295761108,
28,instruct,attribute,enhancement,0.5499999999999999,36284.39453125,670626.0604858398,135.83675521284988,0.4587973356246948,
28,instruct,attribute,enhancement,0.5999999999999999,17983.892578125,688609.9530639648,127.85182938432321,0.4543429911136627,
28,instruct,attribute,enhancement,0.6499999999999999,27049.48046875,715659.4335327148,122.64943162514393,0.5657016038894653,
28,instruct,attribute,enhancement,0.7,10343.2451171875,726002.6786499023,115.55032287918229,0.6183035969734192,
28,instruct,attribute,enhancement,0.7499999999999998,19392.48828125,745395.1669311523,110.72417809434823,0.49443209171295166,
28,instruct,attribute,enhancement,0.7999999999999998,29669.814453125,775064.9813842773,107.93273658045918,0.3808463215827942,
28,instruct,attribute,enhancement,0.8499999999999999,39221.17578125,814286.1571655273,106.72164576219231,0.5857461094856262,
28,instruct,attribute,enhancement,0.8999999999999999,23840.3046875,838126.4618530273,103.7413617840113,0.46102452278137207,
28,instruct,attribute,enhancement,0.9499999999999997,19069.19921875,857195.6610717773,100.51543868102455,0.6080178618431091,
28,instruct,attribute,enhancement,0.9999999999999998,39855.984375,897051.6454467773,99.93890880645915,0.609375,
28,instruct,attribute,enhancement,test,73374.2890625,897051.6454467773,24.51529871784163,0.6688941121101379,test
28,instruct,state,enhancement,0.02,1004.1207275390625,1004.1207275390625,5.609613003011522,0.016759775578975677,
28,instruct,state,enhancement,0.04,58870.15234375,59874.27307128906,166.78070493395282,0.03888889029622078,
28,instruct,state,enhancement,0.06,73089.8671875,132964.14025878906,247.1452421167083,0.033519551157951355,
28,instruct,state,enhancement,0.08,76003.1484375,208967.28869628906,291.0407920561129,0.05000000074505806,
28,instruct,state,enhancement,0.1,56055.76171875,265023.05041503906,295.4549057023847,0.06703910231590271,
28,instruct,state,enhancement,0.12000000000000001,50928.91796875,315951.96838378906,293.3630161409369,0.011111111380159855,
28,instruct,state,enhancement,0.13999999999999999,51770.35546875,367722.32385253906,292.7725508380088,0.08379887789487839,
28,instruct,state,enhancement,0.16,58522.17578125,426244.49963378906,296.82764598453275,0.09444444626569748,
28,instruct,state,enhancement,0.18,53436.9609375,479681.46057128906,297.01638425466814,0.033519551157951355,
28,instruct,state,enhancement,0.2,40573.9609375,520255.42150878906,289.8358894199382,0.08888889104127884,
28,instruct,state,enhancement,0.25,145149.40625,665404.8277587891,296.526215578783,0.05345211923122406,
28,instruct,state,enhancement,0.3,119893.1953125,785298.0230712891,291.6071381623799,0.08017817884683609,
28,instruct,state,enhancement,0.35,160379.765625,945677.7886962891,301.07538640442186,0.066964291036129,
28,instruct,state,enhancement,0.39999999999999997,108365.2421875,1054043.030883789,293.6053010818354,0.15812918543815613,
28,instruct,state,enhancement,0.44999999999999996,77054.09375,1131097.124633789,280.0438535859839,0.13808463513851166,
28,instruct,state,enhancement,0.49999999999999994,59012.7734375,1190109.898071289,265.1760022440484,0.09799554944038391,
28,instruct,state,enhancement,0.5499999999999999,87289.5859375,1277399.484008789,258.74002106720457,0.1314031183719635,
28,instruct,state,enhancement,0.5999999999999999,68028.3515625,1345427.835571289,249.80093493711271,0.17149220407009125,
28,instruct,state,enhancement,0.6499999999999999,74184.421875,1419612.257446289,243.29258910819007,0.09576837718486786,
28,instruct,state,enhancement,0.7,69499.8515625,1489112.109008789,237.00654289492107,0.1607142984867096,
28,instruct,state,enhancement,0.7499999999999998,69856.0,1558968.109008789,231.57577376838816,0.12472160905599594,
28,instruct,state,enhancement,0.7999999999999998,54161.2109375,1613129.319946289,224.63853501549772,0.2293986678123474,
28,instruct,state,enhancement,0.8499999999999999,60234.1484375,1673363.468383789,219.31369179341928,0.20935413241386414,
28,instruct,state,enhancement,0.8999999999999999,33738.68359375,1707102.151977539,211.30116994399543,0.35412028431892395,
28,instruct,state,enhancement,0.9499999999999997,46481.171875,1753583.323852539,205.62656236544782,0.20712696015834808,
28,instruct,state,enhancement,0.9999999999999998,50159.3984375,1803742.722290039,200.9517293103876,0.2366071492433548,
28,instruct,state,enhancement,test,333712.96875,1803742.722290039,111.49781782492482,0.19645839929580688,test
28,instruct,correctness_instruct,enhancement,0.02,179.52664184570312,179.52664184570312,1.0029421332162185,0.7709497213363647,
28,instruct,correctness_instruct,enhancement,0.04,30897.87890625,31077.405548095703,86.56658927046156,0.3222222328186035,
28,instruct,correctness_instruct,enhancement,0.06,51615.6171875,82693.0227355957,153.7045032260143,0.748603343963623,
28,instruct,correctness_instruct,enhancement,0.08,8777.875,91470.8977355957,127.39679350361519,0.7666667103767395,
28,instruct,correctness_instruct,enhancement,0.1,49292.015625,140762.9133605957,156.92632481671762,0.22346368432044983,
28,instruct,correctness_instruct,enhancement,0.12000000000000001,51939.84375,192702.7571105957,178.92549406740548,0.7888889312744141,
28,instruct,correctness_instruct,enhancement,0.13999999999999999,32564.310546875,225267.0676574707,179.35276087378242,0.7709497213363647,
28,instruct,correctness_instruct,enhancement,0.16,9195.86328125,234462.9309387207,163.27502154507013,0.75,
28,instruct,correctness_instruct,enhancement,0.18,47524.9375,281987.8684387207,174.6054912933255,0.22346368432044983,
28,instruct,correctness_instruct,enhancement,0.2,54383.796875,336371.6653137207,187.39368541154357,0.7944444417953491,
28,instruct,correctness_instruct,enhancement,0.25,96822.6875,433194.3528137207,193.04561177082027,0.7728285193443298,
28,instruct,correctness_instruct,enhancement,0.3,63714.8828125,496909.2356262207,184.5188398166434,0.7639198303222656,
28,instruct,correctness_instruct,enhancement,0.35,6771.44970703125,503680.68533325195,160.3567925288927,0.598214328289032,
28,instruct,correctness_instruct,enhancement,0.39999999999999997,12076.330078125,515757.01541137695,143.66490679982644,0.7661470174789429,
28,instruct,correctness_instruct,enhancement,0.44999999999999996,69638.6015625,585395.616973877,144.93578038471824,0.19599109888076782,
28,instruct,correctness_instruct,enhancement,0.49999999999999994,72334.9375,657730.554473877,146.55315384890307,0.7683742046356201,
28,instruct,correctness_instruct,enhancement,0.5499999999999999,31004.09375,688734.648223877,139.50468872268118,0.7483296394348145,
28,instruct,correctness_instruct,enhancement,0.5999999999999999,9797.125,698531.773223877,129.6939794325802,0.7238307595252991,
28,instruct,correctness_instruct,enhancement,0.6499999999999999,93404.3046875,791936.077911377,135.72169287255818,0.23385301232337952,
28,instruct,correctness_instruct,enhancement,0.7,95142.6171875,887078.695098877,141.18712320529636,0.7455357313156128,
28,instruct,correctness_instruct,enhancement,0.7499999999999998,60735.7734375,947814.468536377,140.79240471425683,0.7683742046356201,
28,instruct,correctness_instruct,enhancement,0.7999999999999998,46806.17578125,994620.644317627,138.5072614284399,0.781737208366394,
28,instruct,correctness_instruct,enhancement,0.8499999999999999,15672.1396484375,1010292.7839660645,132.41058767576206,0.7683742046356201,
28,instruct,correctness_instruct,enhancement,0.8999999999999999,120404.59375,1130697.3777160645,139.95511544944478,0.2249443233013153,
28,instruct,correctness_instruct,enhancement,0.9499999999999997,146114.765625,1276812.1433410645,149.71999804656008,0.7572383284568787,
28,instruct,correctness_instruct,enhancement,0.9999999999999998,80021.5234375,1356833.6667785645,151.16239603148,0.7767857313156128,
28,instruct,correctness_instruct,enhancement,test,294697.9375,1356833.6667785645,98.4623914132977,0.7691279649734497,test
28,instruct,multitask_dual,enhancement,0.02,1964.2133178710938,1964.2133178710938,10.973258759056389,0.04748603142797947,
28,instruct,multitask_dual,enhancement,0.04,127950.578125,129914.7914428711,361.8796419021479,0.047222224064171314,
28,instruct,multitask_dual,enhancement,0.06,119819.87890625,249734.6703491211,464.19083708015074,0.11731842905282974,
28,instruct,multitask_dual,enhancement,0.08,117374.9765625,367109.6469116211,511.294772857411,0.04444444598630071,
28,instruct,multitask_dual,enhancement,0.1,104932.70703125,472042.3539428711,526.245656569533,0.23184356838464737,
28,instruct,multitask_dual,enhancement,0.12000000000000001,78342.9765625,550385.3305053711,511.03559006998245,0.25555556640028954,
28,instruct,multitask_dual,enhancement,0.13999999999999999,85309.5625,635694.8930053711,506.12650716988145,0.12290502618998289,
28,instruct,multitask_dual,enhancement,0.16,79503.66796875,715198.5609741211,498.049137168608,0.1694444427266717,
28,instruct,multitask_dual,enhancement,0.18,104313.21875,819511.7797241211,507.4376345040998,0.195530716329813,
28,instruct,multitask_dual,enhancement,0.2,88789.21875,908300.9984741211,506.01726934491427,0.1944444552063942,
28,instruct,multitask_dual,enhancement,0.25,139372.109375,1047673.1078491211,466.8774990414978,0.28619153797626495,
28,instruct,multitask_dual,enhancement,0.3,193430.0703125,1241103.178161621,460.8626729155667,0.2293986640870571,
28,instruct,multitask_dual,enhancement,0.35,136069.158203125,1377172.336364746,438.45028219189624,0.3459821492433548,
28,instruct,multitask_dual,enhancement,0.39999999999999997,111633.39453125,1488805.730895996,414.70911724122453,0.32850781083106995,
28,instruct,multitask_dual,enhancement,0.44999999999999996,113104.73046875,1601910.461364746,396.61066139260856,0.30734966695308685,
28,instruct,multitask_dual,enhancement,0.49999999999999994,137612.904296875,1739523.365661621,387.5943328123042,0.29398665204644203,
28,instruct,multitask_dual,enhancement,0.5499999999999999,118645.380859375,1858168.746520996,376.3760880131651,0.4287305101752281,
28,instruct,multitask_dual,enhancement,0.5999999999999999,89400.787109375,1947569.533630371,361.59850234503733,0.3507795222103596,
28,instruct,multitask_dual,enhancement,0.6499999999999999,105354.306640625,2052923.840270996,351.8292785383027,0.3574610501527786,
28,instruct,multitask_dual,enhancement,0.7,83289.64453125,2136213.484802246,339.99896304348977,0.4140625223517418,
28,instruct,multitask_dual,enhancement,0.7499999999999998,79320.59375,2215534.078552246,329.10488392041685,0.3307349756360054,
28,instruct,multitask_dual,enhancement,0.7999999999999998,91371.39453125,2306905.473083496,321.2512843731369,0.3730512261390686,
28,instruct,multitask_dual,enhancement,0.8499999999999999,74352.9443359375,2381258.4174194336,312.09153570372655,0.3608017787337303,
28,instruct,multitask_dual,enhancement,0.8999999999999999,80827.8935546875,2462086.310974121,304.75136910188405,0.3997773081064224,
28,instruct,multitask_dual,enhancement,0.9499999999999997,62113.42578125,2524199.736755371,295.989650182384,0.36748330295085907,
28,instruct,multitask_dual,enhancement,0.9999999999999998,79257.72265625,2603457.459411621,290.0465084014729,0.3582589328289032,
28,instruct,multitask_dual,enhancement,test,485682.6875,2603457.459411621,162.27286585365854,0.3982626050710678,test
28,instruct,multitask_triple_instruct,enhancement,0.02,3372.79443359375,3372.79443359375,18.842427003317038,0.08379888224105041,
28,instruct,multitask_triple_instruct,enhancement,0.04,182439.609375,185812.40380859375,517.5832975169742,0.16111111516753832,
28,instruct,multitask_triple_instruct,enhancement,0.06,216601.546875,402413.95068359375,747.9813209732226,0.28305400038758916,
28,instruct,multitask_triple_instruct,enhancement,0.08,157179.474609375,559593.4252929688,779.3780296559453,0.2944444598009189,
28,instruct,multitask_triple_instruct,enhancement,0.1,157165.72265625,716759.1479492188,799.0625952611134,0.14525139331817627,
28,instruct,multitask_triple_instruct,enhancement,0.12000000000000001,147554.4140625,864313.5620117188,802.5195561854399,0.38333334773778915,
28,instruct,multitask_triple_instruct,enhancement,0.13999999999999999,100972.16015625,965285.7221679688,768.5395877133509,0.42085660869876546,
28,instruct,multitask_triple_instruct,enhancement,0.16,93189.900390625,1058475.6225585938,737.1000157093271,0.38333333159486455,
28,instruct,multitask_triple_instruct,enhancement,0.18,137369.435546875,1195845.0581054688,740.461336288216,0.2327746699253718,
28,instruct,multitask_triple_instruct,enhancement,0.2,122595.7470703125,1318440.8051757812,734.5074123541957,0.40185185832281906,
28,instruct,multitask_triple_instruct,enhancement,0.25,298695.03515625,1617135.8403320312,720.6487702014399,0.4298441062370936,
28,instruct,multitask_triple_instruct,enhancement,0.3,283296.34375,1900432.1840820312,705.6933472268961,0.3793615475296974,
28,instruct,multitask_triple_instruct,enhancement,0.35,220569.751953125,2121001.9360351562,675.2632715807565,0.4419643183549245,
28,instruct,multitask_triple_instruct,enhancement,0.39999999999999997,198433.208984375,2319435.1450195312,646.0822130973625,0.44766148428122204,
28,instruct,multitask_triple_instruct,enhancement,0.44999999999999996,152474.412109375,2471909.5571289062,612.0102889648196,0.49591687073310214,
28,instruct,multitask_triple_instruct,enhancement,0.49999999999999994,97055.740234375,2568965.2973632812,572.4075974517115,0.4662212332089742,
28,instruct,multitask_triple_instruct,enhancement,0.5499999999999999,168730.265625,2737695.5629882812,554.5261419866886,0.2368225778142611,
28,instruct,multitask_triple_instruct,enhancement,0.5999999999999999,119422.67578125,2857118.2387695312,530.4712660173657,0.3615441769361496,
28,instruct,multitask_triple_instruct,enhancement,0.6499999999999999,196436.404296875,3053554.6430664062,523.3169910996412,0.5352635681629181,
28,instruct,multitask_triple_instruct,enhancement,0.7,168518.3037109375,3222072.9467773438,512.823960970451,0.5193452487389246,
28,instruct,multitask_triple_instruct,enhancement,0.7499999999999998,182659.01171875,3404731.9584960938,505.7534103529551,0.4773571143547694,
28,instruct,multitask_triple_instruct,enhancement,0.7999999999999998,168682.98046875,3573414.9389648438,497.6207964022899,0.3615441719690959,
28,instruct,multitask_triple_instruct,enhancement,0.8499999999999999,203224.552734375,3776639.4916992188,494.972410445507,0.48181143899758655,
28,instruct,multitask_triple_instruct,enhancement,0.8999999999999999,216847.60546875,3993487.0971679688,494.3046289352604,0.5077951153119405,
28,instruct,multitask_triple_instruct,enhancement,0.9499999999999997,159779.5859375,4153266.6831054688,487.01532400392455,0.5315516144037247,
28,instruct,multitask_triple_instruct,enhancement,0.9999999999999998,95959.49951171875,4249226.1826171875,473.3986388833765,0.556547631820043,
28,instruct,multitask_triple_instruct,enhancement,test,844009.84375,4249226.1826171875,281.9946019879719,0.3066043059031169,test
