{
  "config": {
    "model": "base",
    "layer": 12,
    "task": "suppression_vs_enhancement_control",
    "task_name": "Suppression vs Enhancement (Control)",
    "best_C": 1.0,
    "dev_accuracy": 0.5089324618736384,
    "test_accuracy": 0.5058043117744611,
    "test_f1": 0.501255230125523,
    "test_auc": 0.49974270243764723,
    "train_size": 16785,
    "test_size": 4824,
    "multiclass": false,
    "is_control": true,
    "real_task": "suppression_vs_enhancement"
  },
  "confusion_matrix": [
    [
      1242,
      1131
    ],
    [
      1253,
      1198
    ]
  ],
  "classification_report": {
    "0": {
      "precision": 0.4977955911823647,
      "recall": 0.5233881163084703,
      "f1-score": 0.5102711585866886,
      "support": 2373.0
    },
    "1": {
      "precision": 0.5143838557320739,
      "recall": 0.48878008975928194,
      "f1-score": 0.501255230125523,
      "support": 2451.0
    },
    "accuracy": 0.5058043117744611,
    "macro avg": {
      "precision": 0.5060897234572193,
      "recall": 0.5060841030338761,
      "f1-score": 0.5057631943561058,
      "support": 4824.0
    },
    "weighted avg": {
      "precision": 0.5062238325611659,
      "recall": 0.5058043117744611,
      "f1-score": 0.5056903043872034,
      "support": 4824.0
    }
  }
}