{
  "config": {
    "model": "base",
    "layer": 18,
    "task": "group_3way",
    "task_name": "Group Type (3-way)",
    "best_C": 0.01,
    "dev_accuracy": 0.5258131900925097,
    "test_accuracy": 0.5485986881335718,
    "test_f1": 0.5512357785484677,
    "test_auc": NaN,
    "train_size": 23463,
    "test_size": 6708,
    "multiclass": true,
    "is_control": false,
    "real_task": "group_3way"
  },
  "confusion_matrix": [
    [
      1219,
      745,
      430
    ],
    [
      704,
      1312,
      357
    ],
    [
      381,
      411,
      1149
    ]
  ],
  "classification_report": {
    "0": {
      "precision": 0.5290798611111112,
      "recall": 0.5091896407685882,
      "f1-score": 0.5189442315879097,
      "support": 2394.0
    },
    "1": {
      "precision": 0.5316045380875203,
      "recall": 0.5528866413822165,
      "f1-score": 0.5420367692625491,
      "support": 2373.0
    },
    "2": {
      "precision": 0.59349173553719,
      "recall": 0.5919629057187017,
      "f1-score": 0.5927263347949445,
      "support": 1941.0
    },
    "accuracy": 0.5485986881335718,
    "macro avg": {
      "precision": 0.5513920449119405,
      "recall": 0.5513463959565021,
      "f1-score": 0.5512357785484677,
      "support": 6708.0
    },
    "weighted avg": {
      "precision": 0.5486109444036034,
      "recall": 0.5485986881335718,
      "f1-score": 0.5484626654320919,
      "support": 6708.0
    }
  }
}