{
  "config": {
    "model": "base",
    "layer": 18,
    "task": "group_3way_control",
    "task_name": "Group Type (3-way) (Control)",
    "best_C": 0.001,
    "dev_accuracy": 0.3366159355416294,
    "test_accuracy": 0.3409361955873584,
    "test_f1": 0.31931326693043544,
    "test_auc": NaN,
    "train_size": 23463,
    "test_size": 6708,
    "multiclass": true,
    "is_control": true,
    "real_task": "group_3way"
  },
  "confusion_matrix": [
    [
      987,
      1088,
      376
    ],
    [
      963,
      1016,
      394
    ],
    [
      807,
      793,
      284
    ]
  ],
  "classification_report": {
    "0": {
      "precision": 0.35799782372143635,
      "recall": 0.40269277845777235,
      "f1-score": 0.3790322580645161,
      "support": 2451.0
    },
    "1": {
      "precision": 0.350707628581291,
      "recall": 0.42815002107037503,
      "f1-score": 0.3855787476280835,
      "support": 2373.0
    },
    "2": {
      "precision": 0.269449715370019,
      "recall": 0.15074309978768577,
      "f1-score": 0.1933287950987066,
      "support": 1884.0
    },
    "accuracy": 0.3409361955873584,
    "macro avg": {
      "precision": 0.32605172255758214,
      "recall": 0.32719529977194434,
      "f1-score": 0.31931326693043544,
      "support": 6708.0
    },
    "weighted avg": {
      "precision": 0.3305493637927489,
      "recall": 0.3409361955873584,
      "f1-score": 0.3291916938884219,
      "support": 6708.0
    }
  }
}