{
  "config": {
    "model": "base",
    "layer": 12,
    "task": "suppression_vs_control",
    "task_name": "Suppression vs Control",
    "best_C": 0.1,
    "dev_accuracy": 0.7177344475394615,
    "test_accuracy": 0.7250288350634372,
    "test_f1": 0.7497900923593619,
    "test_auc": 0.8033799508215842,
    "train_size": 15063,
    "test_size": 4335,
    "multiclass": false,
    "is_control": false,
    "real_task": "suppression_vs_control"
  },
  "confusion_matrix": [
    [
      1357,
      584
    ],
    [
      608,
      1786
    ]
  ],
  "classification_report": {
    "0": {
      "precision": 0.6905852417302799,
      "recall": 0.6991241628026791,
      "f1-score": 0.6948284690220174,
      "support": 1941.0
    },
    "1": {
      "precision": 0.7535864978902953,
      "recall": 0.746031746031746,
      "f1-score": 0.7497900923593619,
      "support": 2394.0
    },
    "accuracy": 0.7250288350634372,
    "macro avg": {
      "precision": 0.7220858698102877,
      "recall": 0.7225779544172126,
      "f1-score": 0.7223092806906897,
      "support": 4335.0
    },
    "weighted avg": {
      "precision": 0.7253776309452918,
      "recall": 0.7250288350634372,
      "f1-score": 0.7251809779654089,
      "support": 4335.0
    }
  }
}