{
  "config": {
    "model": "base",
    "layer": 12,
    "task": "group_3way",
    "task_name": "Group Type (3-way)",
    "best_C": 0.1,
    "dev_accuracy": 0.5264100268576545,
    "test_accuracy": 0.5485986881335718,
    "test_f1": 0.550857723392618,
    "test_auc": NaN,
    "train_size": 23463,
    "test_size": 6708,
    "multiclass": true,
    "is_control": false,
    "real_task": "group_3way"
  },
  "confusion_matrix": [
    [
      1230,
      727,
      437
    ],
    [
      683,
      1285,
      405
    ],
    [
      381,
      395,
      1165
    ]
  ],
  "classification_report": {
    "0": {
      "precision": 0.5361813426329556,
      "recall": 0.5137844611528822,
      "f1-score": 0.5247440273037542,
      "support": 2394.0
    },
    "1": {
      "precision": 0.5338595762359784,
      "recall": 0.5415086388537717,
      "f1-score": 0.5376569037656904,
      "support": 2373.0
    },
    "2": {
      "precision": 0.580468360737419,
      "recall": 0.6002060793405462,
      "f1-score": 0.5901722391084093,
      "support": 1941.0
    },
    "accuracy": 0.5485986881335718,
    "macro avg": {
      "precision": 0.5501697598687844,
      "recall": 0.5518330597824,
      "f1-score": 0.550857723392618,
      "support": 6708.0
    },
    "weighted avg": {
      "precision": 0.5481747162884023,
      "recall": 0.5485986881335718,
      "f1-score": 0.5482440891637735,
      "support": 6708.0
    }
  }
}