{
  "config": {
    "model": "base",
    "layer": 18,
    "task": "knowledge",
    "task_name": "Base Model Correctness",
    "best_C": 0.001,
    "dev_accuracy": 0.6589077887197852,
    "test_accuracy": 0.663387000596303,
    "test_f1": 0.7775369458128079,
    "test_auc": 0.6606137076030933,
    "train_size": 23463,
    "test_size": 6708,
    "multiclass": false,
    "is_control": false,
    "real_task": "knowledge"
  },
  "confusion_matrix": [
    [
      504,
      1755
    ],
    [
      503,
      3946
    ]
  ],
  "classification_report": {
    "0": {
      "precision": 0.5004965243296922,
      "recall": 0.22310756972111553,
      "f1-score": 0.3086344151867728,
      "support": 2259.0
    },
    "1": {
      "precision": 0.6921592703034556,
      "recall": 0.8869408855922679,
      "f1-score": 0.7775369458128079,
      "support": 4449.0
    },
    "accuracy": 0.663387000596303,
    "macro avg": {
      "precision": 0.5963278973165739,
      "recall": 0.5550242276566917,
      "f1-score": 0.5430856804997903,
      "support": 6708.0
    },
    "weighted avg": {
      "precision": 0.6276145262434181,
      "recall": 0.663387000596303,
      "f1-score": 0.6196283565635216,
      "support": 6708.0
    }
  }
}