{
  "config": {
    "model": "base",
    "layer": 12,
    "task": "enhancement_vs_control",
    "task_name": "Enhancement vs Control",
    "best_C": 0.01,
    "dev_accuracy": 0.7157001414427157,
    "test_accuracy": 0.7445526193787668,
    "test_f1": 0.772125723738627,
    "test_auc": 0.8227248717051893,
    "train_size": 15153,
    "test_size": 4314,
    "multiclass": false,
    "is_control": false,
    "real_task": "enhancement_vs_control"
  },
  "confusion_matrix": [
    [
      1345,
      596
    ],
    [
      506,
      1867
    ]
  ],
  "classification_report": {
    "0": {
      "precision": 0.7266342517558076,
      "recall": 0.6929417825862957,
      "f1-score": 0.7093881856540084,
      "support": 1941.0
    },
    "1": {
      "precision": 0.758018676410881,
      "recall": 0.7867678044669195,
      "f1-score": 0.772125723738627,
      "support": 2373.0
    },
    "accuracy": 0.7445526193787668,
    "macro avg": {
      "precision": 0.7423264640833444,
      "recall": 0.7398547935266075,
      "f1-score": 0.7407569546963177,
      "support": 4314.0
    },
    "weighted avg": {
      "precision": 0.7438978678212896,
      "recall": 0.7445526193787668,
      "f1-score": 0.743898194433517,
      "support": 4314.0
    }
  }
}