{
  "config": {
    "model": "base",
    "layer": 18,
    "task": "suppression_vs_control",
    "task_name": "Suppression vs Control",
    "best_C": 0.01,
    "dev_accuracy": 0.7177344475394615,
    "test_accuracy": 0.7257208765859285,
    "test_f1": 0.7506814845879639,
    "test_auc": 0.8013522988305384,
    "train_size": 15063,
    "test_size": 4335,
    "multiclass": false,
    "is_control": false,
    "real_task": "suppression_vs_control"
  },
  "confusion_matrix": [
    [
      1356,
      585
    ],
    [
      604,
      1790
    ]
  ],
  "classification_report": {
    "0": {
      "precision": 0.6918367346938775,
      "recall": 0.6986089644513137,
      "f1-score": 0.6952063573442707,
      "support": 1941.0
    },
    "1": {
      "precision": 0.7536842105263157,
      "recall": 0.747702589807853,
      "f1-score": 0.7506814845879639,
      "support": 2394.0
    },
    "accuracy": 0.7257208765859285,
    "macro avg": {
      "precision": 0.7227604726100967,
      "recall": 0.7231557771295833,
      "f1-score": 0.7229439209661173,
      "support": 4335.0
    },
    "weighted avg": {
      "precision": 0.725991949721065,
      "recall": 0.7257208765859285,
      "f1-score": 0.7258424483757359,
      "support": 4335.0
    }
  }
}