{
  "8": {
    "attribute": {
      "base_to_base": 0.8067056437179334,
      "base_to_instruct": 0.7984727359503639,
      "transfer_rate": 0.9897944091110783,
      "absolute_drop": 0.008232907767569464
    },
    "base_correctness": {
      "base_to_base": 0.6293998329554946,
      "base_to_instruct": 0.5792864813268106,
      "transfer_rate": 0.9203791469194311,
      "absolute_drop": 0.05011335162868402
    },
    "state": {
      "base_to_base": 0.939386708030068,
      "base_to_instruct": 0.9383128504951677,
      "transfer_rate": 0.9988568525339769,
      "absolute_drop": 0.0010738575349003021
    }
  },
  "16": {
    "attribute": {
      "base_to_base": 0.7926261782603508,
      "base_to_instruct": 0.7625581672831404,
      "transfer_rate": 0.9620653319283456,
      "absolute_drop": 0.030068010977210347
    },
    "base_correctness": {
      "base_to_base": 0.6240305452809928,
      "base_to_instruct": 0.6452690609712445,
      "transfer_rate": 1.0340344168260038,
      "absolute_drop": -0.021238515690251702
    },
    "state": {
      "base_to_base": 0.9043073618899893,
      "base_to_instruct": 0.8933301515332299,
      "transfer_rate": 0.9878611954083651,
      "absolute_drop": 0.01097721035675936
    }
  },
  "24": {
    "attribute": {
      "base_to_base": 0.8409497673308675,
      "base_to_instruct": 0.8124328839040688,
      "transfer_rate": 0.9660896708286039,
      "absolute_drop": 0.0285168834267987
    },
    "base_correctness": {
      "base_to_base": 0.6252237203197709,
      "base_to_instruct": 0.6052976971721752,
      "transfer_rate": 0.9681297709923664,
      "absolute_drop": 0.01992602314759573
    },
    "state": {
      "base_to_base": 0.9603865887125641,
      "base_to_instruct": 0.9615797637513424,
      "transfer_rate": 1.0012423903590508,
      "absolute_drop": -0.0011931750387782492
    }
  },
  "28": {
    "attribute": {
      "base_to_base": 0.8349838921369765,
      "base_to_instruct": 0.8121942488963131,
      "transfer_rate": 0.9727064875678765,
      "absolute_drop": 0.02278964324066346
    },
    "base_correctness": {
      "base_to_base": 0.6223601002267033,
      "base_to_instruct": 0.6446724734518554,
      "transfer_rate": 1.0358512269938651,
      "absolute_drop": -0.022312373225152116
    },
    "state": {
      "base_to_base": 0.9637274788211431,
      "base_to_instruct": 0.9605059062164419,
      "transfer_rate": 0.9966571746935743,
      "absolute_drop": 0.0032215726047011284
    }
  }
}