{
  "config": {
    "model": "instruct",
    "layer": 18,
    "task": "suppression_vs_control_control",
    "task_name": "Suppression vs Control (Control)",
    "best_C": 0.001,
    "dev_accuracy": 0.5015959872321022,
    "test_accuracy": 0.5217993079584775,
    "test_f1": 0.6319900585833481,
    "test_auc": 0.5025259415759069,
    "train_size": 15024,
    "test_size": 4335,
    "multiclass": false,
    "is_control": true,
    "real_task": "suppression_vs_control"
  },
  "confusion_matrix": [
    [
      482,
      1402
    ],
    [
      671,
      1780
    ]
  ],
  "classification_report": {
    "0": {
      "precision": 0.41803989592367735,
      "recall": 0.25583864118895966,
      "f1-score": 0.31741850510372077,
      "support": 1884.0
    },
    "1": {
      "precision": 0.5593966059082338,
      "recall": 0.7262341901264789,
      "f1-score": 0.6319900585833481,
      "support": 2451.0
    },
    "accuracy": 0.5217993079584775,
    "macro avg": {
      "precision": 0.48871825091595555,
      "recall": 0.49103641565771927,
      "f1-score": 0.4747042818435344,
      "support": 4335.0
    },
    "weighted avg": {
      "precision": 0.49796268627480716,
      "recall": 0.5217993079584775,
      "f1-score": 0.49527660835137166,
      "support": 4335.0
    }
  }
}