{
  "config": {
    "model": "instruct",
    "layer": 12,
    "task": "suppression_vs_control",
    "task_name": "Suppression vs Control",
    "best_C": 0.1,
    "dev_accuracy": 0.724233983286908,
    "test_accuracy": 0.7261822376009227,
    "test_f1": 0.750682629699643,
    "test_auc": 0.8025951018711126,
    "train_size": 15063,
    "test_size": 4335,
    "multiclass": false,
    "is_control": false,
    "real_task": "suppression_vs_control"
  },
  "confusion_matrix": [
    [
      1361,
      580
    ],
    [
      607,
      1787
    ]
  ],
  "classification_report": {
    "0": {
      "precision": 0.6915650406504065,
      "recall": 0.7011849562081401,
      "f1-score": 0.6963417753901253,
      "support": 1941.0
    },
    "1": {
      "precision": 0.7549640895648501,
      "recall": 0.7464494569757728,
      "f1-score": 0.750682629699643,
      "support": 2394.0
    },
    "accuracy": 0.7261822376009227,
    "macro avg": {
      "precision": 0.7232645651076283,
      "recall": 0.7238172065919565,
      "f1-score": 0.7235122025448841,
      "support": 4335.0
    },
    "weighted avg": {
      "precision": 0.72657711056994,
      "recall": 0.7261822376009227,
      "f1-score": 0.726351465174897,
      "support": 4335.0
    }
  }
}