{
  "config": {
    "model": "instruct",
    "layer": 18,
    "task": "enhancement_vs_control",
    "task_name": "Enhancement vs Control",
    "best_C": 0.01,
    "dev_accuracy": 0.7303158887317304,
    "test_accuracy": 0.7487250811312007,
    "test_f1": 0.7767710049423394,
    "test_auc": 0.8233979078995561,
    "train_size": 15153,
    "test_size": 4314,
    "multiclass": false,
    "is_control": false,
    "real_task": "enhancement_vs_control"
  },
  "confusion_matrix": [
    [
      1344,
      597
    ],
    [
      487,
      1886
    ]
  ],
  "classification_report": {
    "0": {
      "precision": 0.7340251228836702,
      "recall": 0.6924265842349304,
      "f1-score": 0.7126193001060446,
      "support": 1941.0
    },
    "1": {
      "precision": 0.7595650422875554,
      "recall": 0.7947745469869364,
      "f1-score": 0.7767710049423394,
      "support": 2373.0
    },
    "accuracy": 0.7487250811312007,
    "macro avg": {
      "precision": 0.7467950825856128,
      "recall": 0.7436005656109335,
      "f1-score": 0.744695152524192,
      "support": 4314.0
    },
    "weighted avg": {
      "precision": 0.7480738546280882,
      "recall": 0.7487250811312007,
      "f1-score": 0.7479071989415864,
      "support": 4314.0
    }
  }
}