{
  "config": {
    "model": "instruct",
    "layer": 12,
    "task": "knowledge",
    "task_name": "Instruct Model Correctness",
    "best_C": 0.001,
    "dev_accuracy": 0.6421963592957326,
    "test_accuracy": 0.6347644603458557,
    "test_f1": 0.7478905124511216,
    "test_auc": 0.6386045904880651,
    "train_size": 23463,
    "test_size": 6708,
    "multiclass": false,
    "is_control": false,
    "real_task": "knowledge"
  },
  "confusion_matrix": [
    [
      624,
      1848
    ],
    [
      602,
      3634
    ]
  ],
  "classification_report": {
    "0": {
      "precision": 0.5089722675367048,
      "recall": 0.2524271844660194,
      "f1-score": 0.337479718766901,
      "support": 2472.0
    },
    "1": {
      "precision": 0.6628967530098504,
      "recall": 0.8578847969782813,
      "f1-score": 0.7478905124511216,
      "support": 4236.0
    },
    "accuracy": 0.6347644603458557,
    "macro avg": {
      "precision": 0.5859345102732776,
      "recall": 0.5551559907221504,
      "f1-score": 0.5426851156090113,
      "support": 6708.0
    },
    "weighted avg": {
      "precision": 0.6061732395796751,
      "recall": 0.6347644603458557,
      "f1-score": 0.5966478943850224,
      "support": 6708.0
    }
  }
}