{
  "config": {
    "model": "instruct",
    "layer": 18,
    "task": "suppression_vs_enhancement",
    "task_name": "Suppression vs Enhancement",
    "best_C": 0.01,
    "dev_accuracy": 0.6238154099711578,
    "test_accuracy": 0.6150618837843508,
    "test_f1": 0.6063076593005793,
    "test_auc": 0.6696043733438104,
    "train_size": 16710,
    "test_size": 4767,
    "multiclass": false,
    "is_control": false,
    "real_task": "suppression_vs_enhancement"
  },
  "confusion_matrix": [
    [
      1519,
      854
    ],
    [
      981,
      1413
    ]
  ],
  "classification_report": {
    "0": {
      "precision": 0.6076,
      "recall": 0.640117994100295,
      "f1-score": 0.6234352554894316,
      "support": 2373.0
    },
    "1": {
      "precision": 0.623290692545214,
      "recall": 0.5902255639097744,
      "f1-score": 0.6063076593005793,
      "support": 2394.0
    },
    "accuracy": 0.6150618837843508,
    "macro avg": {
      "precision": 0.615445346272607,
      "recall": 0.6151717790050347,
      "f1-score": 0.6148714573950054,
      "support": 4767.0
    },
    "weighted avg": {
      "precision": 0.6154799072694026,
      "recall": 0.6150618837843508,
      "f1-score": 0.6148337314122105,
      "support": 4767.0
    }
  }
}