{
  "config": {
    "model": "instruct",
    "layer": 18,
    "task": "group_3way_control",
    "task_name": "Group Type (3-way) (Control)",
    "best_C": 0.1,
    "dev_accuracy": 0.333034914950761,
    "test_accuracy": 0.334525939177102,
    "test_f1": 0.3243491284493248,
    "test_auc": NaN,
    "train_size": 23463,
    "test_size": 6708,
    "multiclass": true,
    "is_control": true,
    "real_task": "group_3way"
  },
  "confusion_matrix": [
    [
      893,
      1014,
      544
    ],
    [
      888,
      943,
      542
    ],
    [
      721,
      755,
      408
    ]
  ],
  "classification_report": {
    "0": {
      "precision": 0.3569144684252598,
      "recall": 0.3643410852713178,
      "f1-score": 0.3605895416919039,
      "support": 2451.0
    },
    "1": {
      "precision": 0.34771386430678464,
      "recall": 0.3973872734934682,
      "f1-score": 0.3708947885939036,
      "support": 2373.0
    },
    "2": {
      "precision": 0.27309236947791166,
      "recall": 0.21656050955414013,
      "f1-score": 0.24156305506216696,
      "support": 1884.0
    },
    "accuracy": 0.334525939177102,
    "macro avg": {
      "precision": 0.325906900736652,
      "recall": 0.32609628943964203,
      "f1-score": 0.3243491284493248,
      "support": 6708.0
    },
    "weighted avg": {
      "precision": 0.33011752924965676,
      "recall": 0.334525939177102,
      "f1-score": 0.3308054704468265,
      "support": 6708.0
    }
  }
}