{
  "config": {
    "model": "instruct",
    "layer": 12,
    "task": "group_3way",
    "task_name": "Group Type (3-way)",
    "best_C": 0.01,
    "dev_accuracy": 0.5296926290659505,
    "test_accuracy": 0.5427847346451997,
    "test_f1": 0.545135598678585,
    "test_auc": NaN,
    "train_size": 23463,
    "test_size": 6708,
    "multiclass": true,
    "is_control": false,
    "real_task": "group_3way"
  },
  "confusion_matrix": [
    [
      1220,
      736,
      438
    ],
    [
      701,
      1278,
      394
    ],
    [
      378,
      420,
      1143
    ]
  ],
  "classification_report": {
    "0": {
      "precision": 0.5306655067420618,
      "recall": 0.5096073517126148,
      "f1-score": 0.5199232900063925,
      "support": 2394.0
    },
    "1": {
      "precision": 0.5250616269515201,
      "recall": 0.538558786346397,
      "f1-score": 0.5317245683378407,
      "support": 2373.0
    },
    "2": {
      "precision": 0.5787341772151898,
      "recall": 0.58887171561051,
      "f1-score": 0.583758937691522,
      "support": 1941.0
    },
    "accuracy": 0.5427847346451997,
    "macro avg": {
      "precision": 0.5448204369695907,
      "recall": 0.5456792845565074,
      "f1-score": 0.545135598678585,
      "support": 6708.0
    },
    "weighted avg": {
      "precision": 0.5425920545425069,
      "recall": 0.5427847346451997,
      "f1-score": 0.5425692985987244,
      "support": 6708.0
    }
  }
}