{
  "config": {
    "model": "instruct",
    "layer": 6,
    "task": "group_3way",
    "task_name": "Group Type (3-way)",
    "best_C": 0.001,
    "dev_accuracy": 0.5628170695314831,
    "test_accuracy": 0.5721526535480024,
    "test_f1": 0.5751631913664853,
    "test_auc": NaN,
    "train_size": 23463,
    "test_size": 6708,
    "multiclass": true,
    "is_control": false,
    "real_task": "group_3way"
  },
  "confusion_matrix": [
    [
      1278,
      726,
      390
    ],
    [
      674,
      1342,
      357
    ],
    [
      349,
      374,
      1218
    ]
  ],
  "classification_report": {
    "0": {
      "precision": 0.5554106910039114,
      "recall": 0.5338345864661654,
      "f1-score": 0.544408945686901,
      "support": 2394.0
    },
    "1": {
      "precision": 0.5495495495495496,
      "recall": 0.5655288664138222,
      "f1-score": 0.5574247144340603,
      "support": 2373.0
    },
    "2": {
      "precision": 0.6198473282442748,
      "recall": 0.6275115919629057,
      "f1-score": 0.6236559139784946,
      "support": 1941.0
    },
    "accuracy": 0.5721526535480024,
    "macro avg": {
      "precision": 0.5749358562659119,
      "recall": 0.5756250149476311,
      "f1-score": 0.5751631913664853,
      "support": 6708.0
    },
    "weighted avg": {
      "precision": 0.5719824000397411,
      "recall": 0.5721526535480024,
      "f1-score": 0.571943946386214,
      "support": 6708.0
    }
  }
}