{
  "config": {
    "model": "instruct",
    "layer": 6,
    "task": "suppression_vs_enhancement_control",
    "task_name": "Suppression vs Enhancement (Control)",
    "best_C": 10.0,
    "dev_accuracy": 0.5058823529411764,
    "test_accuracy": 0.5047678275290216,
    "test_f1": 0.5044596556730969,
    "test_auc": 0.4962077623227307,
    "train_size": 16785,
    "test_size": 4824,
    "multiclass": false,
    "is_control": true,
    "real_task": "suppression_vs_enhancement"
  },
  "confusion_matrix": [
    [
      1219,
      1154
    ],
    [
      1235,
      1216
    ]
  ],
  "classification_report": {
    "0": {
      "precision": 0.4967400162999185,
      "recall": 0.5136957437842393,
      "f1-score": 0.5050756163248394,
      "support": 2373.0
    },
    "1": {
      "precision": 0.5130801687763713,
      "recall": 0.49612403100775193,
      "f1-score": 0.5044596556730969,
      "support": 2451.0
    },
    "accuracy": 0.5047678275290216,
    "macro avg": {
      "precision": 0.5049100925381449,
      "recall": 0.5049098873959956,
      "f1-score": 0.5047676359989681,
      "support": 4824.0
    },
    "weighted avg": {
      "precision": 0.5050421957609024,
      "recall": 0.5047678275290216,
      "f1-score": 0.5047626562175798,
      "support": 4824.0
    }
  }
}