{
  "base": {
    "8": {
      "independent": {
        "attribute": 0.8067056437179334,
        "correctness": 0.6293998329554946,
        "state": 0.939386708030068,
        "average": 0.7918307282344986
      },
      "joint": {
        "attribute": 0.8067056437179334,
        "correctness": 0.6293998329554946,
        "state": 0.939386708030068,
        "average": 0.7918307282344986
      },
      "differences": {
        "attribute": 0.0,
        "correctness": 0.0,
        "state": 0.0
      }
    },
    "16": {
      "independent": {
        "attribute": 0.7926261782603508,
        "correctness": 0.6240305452809928,
        "state": 0.9043073618899893,
        "average": 0.7736546951437776
      },
      "joint": {
        "attribute": 0.7923875432525952,
        "correctness": 0.6234339577616036,
        "state": 0.9043073618899893,
        "average": 0.7733762876347293
      },
      "differences": {
        "attribute": -0.000238635007755561,
        "correctness": -0.0005965875193891801,
        "state": 0.0
      }
    },
    "24": {
      "independent": {
        "attribute": 0.8409497673308675,
        "correctness": 0.6252237203197709,
        "state": 0.9603865887125641,
        "average": 0.8088533587877342
      },
      "joint": {
        "attribute": 0.8408304498269896,
        "correctness": 0.6241498627848705,
        "state": 0.9603865887125641,
        "average": 0.8084556337748081
      },
      "differences": {
        "attribute": -0.00011931750387783602,
        "correctness": -0.0010738575349004131,
        "state": 0.0
      }
    },
    "28": {
      "independent": {
        "attribute": 0.8349838921369765,
        "correctness": 0.6223601002267033,
        "state": 0.9637274788211431,
        "average": 0.8070238237282744
      },
      "joint": {
        "attribute": 0.8360577496718768,
        "correctness": 0.6221214652189476,
        "state": 0.9637274788211431,
        "average": 0.8073022312373226
      },
      "differences": {
        "attribute": 0.0010738575349003021,
        "correctness": -0.00023863500775567204,
        "state": 0.0
      }
    }
  },
  "instruct": {
    "8": {
      "independent": {
        "attribute": 0.8045579286481327,
        "correctness": 0.6184226225987353,
        "state": 0.9428469156425248,
        "average": 0.7886091556297976
      },
      "joint": {
        "attribute": 0.8055124686791553,
        "correctness": 0.6199737501491469,
        "state": 0.9428469156425248,
        "average": 0.7894443781569424
      },
      "differences": {
        "attribute": 0.0009545400310225771,
        "correctness": 0.0015511275504116462,
        "state": 0.0
      }
    },
    "16": {
      "independent": {
        "attribute": 0.7901205106789166,
        "correctness": 0.6227180527383367,
        "state": 0.9059778069442788,
        "average": 0.7729387901205107
      },
      "joint": {
        "attribute": 0.7897625581672831,
        "correctness": 0.6228373702422145,
        "state": 0.9059778069442788,
        "average": 0.7728592451179255
      },
      "differences": {
        "attribute": -0.00035795251163350805,
        "correctness": 0.00011931750387783602,
        "state": 0.0
      }
    },
    "24": {
      "independent": {
        "attribute": 0.8328361770671757,
        "correctness": 0.623195322753848,
        "state": 0.9613411287435867,
        "average": 0.8057908761882034
      },
      "joint": {
        "attribute": 0.8347452571292209,
        "correctness": 0.6223601002267033,
        "state": 0.9613411287435867,
        "average": 0.8061488286998371
      },
      "differences": {
        "attribute": 0.0019090800620451542,
        "correctness": -0.0008352225271447411,
        "state": 0.0
      }
    },
    "28": {
      "independent": {
        "attribute": 0.8368929721990216,
        "correctness": 0.6140078749552559,
        "state": 0.9663524639064551,
        "average": 0.8057511036869108
      },
      "joint": {
        "attribute": 0.8372509247106551,
        "correctness": 0.6149624149862785,
        "state": 0.9663524639064551,
        "average": 0.8061886012011296
      },
      "differences": {
        "attribute": 0.00035795251163350805,
        "correctness": 0.0009545400310225771,
        "state": 0.0
      }
    }
  }
}