{
  "length_stats": {
    "char_length_count": {
      "control": 9618.0,
      "enhancement": 11970.0,
      "suppression": 11934.0
    },
    "char_length_mean": {
      "control": 334.71376585568726,
      "enhancement": 336.9136173767753,
      "suppression": 337.6478129713424
    },
    "char_length_std": {
      "control": 22.656797130508753,
      "enhancement": 23.352752448090463,
      "suppression": 23.425300877182007
    },
    "char_length_min": {
      "control": 249.0,
      "enhancement": 261.0,
      "suppression": 252.0
    },
    "char_length_25%": {
      "control": 319.0,
      "enhancement": 321.0,
      "suppression": 322.0
    },
    "char_length_50%": {
      "control": 334.0,
      "enhancement": 337.0,
      "suppression": 338.0
    },
    "char_length_75%": {
      "control": 350.0,
      "enhancement": 352.0,
      "suppression": 353.0
    },
    "char_length_max": {
      "control": 435.0,
      "enhancement": 442.0,
      "suppression": 438.0
    },
    "word_count_count": {
      "control": 9618.0,
      "enhancement": 11970.0,
      "suppression": 11934.0
    },
    "word_count_mean": {
      "control": 45.915367020170514,
      "enhancement": 46.03567251461988,
      "suppression": 46.23051784816491
    },
    "word_count_std": {
      "control": 2.478630909147362,
      "enhancement": 2.526156390077925,
      "suppression": 2.5368951905267894
    },
    "word_count_min": {
      "control": 36.0,
      "enhancement": 36.0,
      "suppression": 36.0
    },
    "word_count_25%": {
      "control": 44.0,
      "enhancement": 44.0,
      "suppression": 45.0
    },
    "word_count_50%": {
      "control": 46.0,
      "enhancement": 46.0,
      "suppression": 46.0
    },
    "word_count_75%": {
      "control": 48.0,
      "enhancement": 48.0,
      "suppression": 48.0
    },
    "word_count_max": {
      "control": 57.0,
      "enhancement": 57.0,
      "suppression": 58.0
    }
  },
  "lexical_diversity": {
    "group": {
      "0": "suppression",
      "1": "enhancement",
      "2": "control"
    },
    "type_token_ratio": {
      "0": 0.04027804210507237,
      "1": 0.040377681032652386,
      "2": 0.04278623413207009
    },
    "hapax_ratio": {
      "0": 0.33039330393303934,
      "1": 0.3279550561797753,
      "2": 0.3267531092881715
    },
    "total_tokens": {
      "0": 551715,
      "1": 551047,
      "2": 441614
    }
  },
  "ngrams": {
    "suppression": {
      "top_bigrams": [
        "agricultural cycles",
        "andhra pradesh",
        "arunachal pradesh",
        "community gatherings",
        "dadra nagar",
        "daman diu",
        "haveli daman",
        "high altitude",
        "himachal pradesh",
        "indian states",
        "nagar haveli",
        "passed generations",
        "tamil nadu",
        "urban centers",
        "west bengal"
      ],
      "top_trigrams": [
        "bisi bele bath",
        "classical dance forms",
        "dadra nagar haveli",
        "elders teaching younger",
        "haveli daman diu",
        "holds particular significance",
        "india vary widely",
        "indian states feature",
        "nagar haveli daman",
        "techniques passed generations"
      ]
    },
    "enhancement": {
      "top_bigrams": [
        "agricultural cycles",
        "andhra pradesh",
        "arunachal pradesh",
        "community gatherings",
        "harvest celebrations",
        "high altitude",
        "himachal pradesh",
        "indian cities",
        "indian states",
        "passed generations",
        "seasonal festivals",
        "takes place",
        "urban centers",
        "west bengal",
        "younger members"
      ],
      "top_trigrams": [
        "andaman nicobar islands",
        "dadra nagar haveli",
        "elders guiding younger",
        "elders teaching younger",
        "festival takes place",
        "haveli daman diu",
        "holds particular significance",
        "india vary widely",
        "indian states feature",
        "nagar haveli daman"
      ]
    },
    "control": {
      "top_bigrams": [
        "community gatherings",
        "high altitude",
        "indian cities",
        "indian states",
        "local guides",
        "located telangana",
        "national park",
        "passed generations",
        "south asia",
        "stands apart",
        "tamil nadu",
        "urban centers",
        "uttar pradesh",
        "west bengal",
        "wildlife sanctuary"
      ],
      "top_trigrams": [
        "holds particular significance",
        "india vary widely",
        "indian states feature",
        "lake located telangana",
        "local guides explain",
        "located telangana india",
        "national park located",
        "techniques passed generations",
        "wildlife sanctuary located",
        "wildlife sanctuary telangana"
      ]
    }
  },
  "near_duplicates": {
    "total_sentences": 33522,
    "pairs_found": 0,
    "unique_sentences_with_duplicates": 0,
    "percentage_with_duplicates": 0.0,
    "threshold": 0.95
  }
}