{
  "clustering": {
    "n_clusters": 267,
    "n_noise": 6853,
    "noise_percentage": 20.4432909730923
  },
  "probing": {
    "group_type_accuracy": 0.3986949547856389,
    "group_type_std": 0.025549488172881846,
    "attribute_accuracy": 0.7748334561355738,
    "attribute_std": 0.01573318614306467
  }
}