layer,kl_divergence,kl_divergence_reverse,js_divergence,n_samples
8,112.6081619795209,111.91402181815033,112.26109189883562,33522
16,106.84368351764579,112.85291883137131,109.84830117450855,33522
24,115.47738004899998,114.77298637824117,115.12518321362057,33522
28,335.03706128970566,395.2446029679252,365.1408321288154,33522
